cluster_representative	cluster_member	nreads	fraction_reads	contig_length	norm_coverage	classification_member	classification_representative
23-1-10_NODE_741949_length_276_cov_0.356784_1	23-1-10_NODE_741949_length_276_cov_0.356784_1	5	1.9948430912280048e-07	276	6.367181401937548e-07	root;d__Bacteria;p__Proteobacteria;c__Alphaproteobacteria;o__Pelagibacterales;f__Pelagibacteraceae;g__Pelagibacter_A	root;d__Bacteria;p__Proteobacteria;c__Alphaproteobacteria;o__Pelagibacterales;f__Pelagibacteraceae;g__Pelagibacter_A
23-1-10_NODE_741949_length_276_cov_0.356784_1	19-1-12_NODE_1206319_length_228_cov_2.933775_2	7	2.017130393417654e-07	228	9.025365595865526e-07	root;d__Bacteria;p__Proteobacteria;c__Alphaproteobacteria;o__Pelagibacterales;f__Pelagibacteraceae;g__Pelagibacter_A	root;d__Bacteria;p__Proteobacteria;c__Alphaproteobacteria;o__Pelagibacterales;f__Pelagibacteraceae;g__Pelagibacter_A
23-1-10_NODE_741950_length_276_cov_0.356784_1	23-1-10_NODE_741950_length_276_cov_0.356784_1	2	7.979372364912019e-08	276	2.546872560775019e-07	root;d__Bacteria;p__Actinobacteriota;c__Acidimicrobiia;o__Acidimicrobiales;f__UBA8592;g__UBA8592	root;d__Bacteria;p__Actinobacteriota;c__Acidimicrobiia;o__Acidimicrobiales;f__UBA8592;g__UBA8592
23-1-10_NODE_741950_length_276_cov_0.356784_1	19-1-6_NODE_1280467_length_243_cov_1.644578_1	5	1.692886544910655e-07	243	6.084649269810579e-07	root;d__Bacteria;p__Actinobacteriota;c__Acidimicrobiia;o__Acidimicrobiales;f__UBA8592;g__UBA8592	root;d__Bacteria;p__Actinobacteriota;c__Acidimicrobiia;o__Acidimicrobiales;f__UBA8592;g__UBA8592
23-1-10_NODE_760191_length_273_cov_1.352041_1	23-1-10_NODE_760191_length_273_cov_1.352041_1	5	1.9948430912280048e-07	273	6.437150428332466e-07	root;d__Bacteria;p__Proteobacteria;c__Gammaproteobacteria;o__Pseudomonadales;f__Halieaceae;g__Luminiphilus	root;d__Bacteria;p__Proteobacteria;c__Gammaproteobacteria;o__Pseudomonadales;f__Halieaceae;g__Luminiphilus
23-1-10_NODE_760191_length_273_cov_1.352041_1	27-1-4_NODE_1458357_length_237_cov_2.218750_1	6	1.9112729746957014e-07	237	7.58177828488242e-07	root;d__Bacteria;p__Proteobacteria;c__Gammaproteobacteria;o__Pseudomonadales;f__Halieaceae;g__Luminiphilus	root;d__Bacteria;p__Proteobacteria;c__Gammaproteobacteria;o__Pseudomonadales;f__Halieaceae;g__Luminiphilus
23-1-10_NODE_760191_length_273_cov_1.352041_1	34-1-24_NODE_1065831_length_239_cov_0.907407_1	2	6.751011554693826e-08	239	3.002221377014111e-07	root;d__Bacteria;p__Proteobacteria;c__Gammaproteobacteria;o__Pseudomonadales;f__Halieaceae;g__Luminiphilus	root;d__Bacteria;p__Proteobacteria;c__Gammaproteobacteria;o__Pseudomonadales;f__Halieaceae;g__Luminiphilus
23-1-10_NODE_760191_length_273_cov_1.352041_1	67-1-2_NODE_1088130_length_256_cov_1.173184_1	10	3.380417820994842e-07	256	1.2843496642594387e-06	root;d__Bacteria;p__Proteobacteria;c__Gammaproteobacteria;o__Pseudomonadales;f__Halieaceae;g__Luminiphilus	root;d__Bacteria;p__Proteobacteria;c__Gammaproteobacteria;o__Pseudomonadales;f__Halieaceae;g__Luminiphilus
23-1-10_NODE_760198_length_273_cov_1.352041_1	23-1-10_NODE_760198_length_273_cov_1.352041_1	4	1.5958744729824037e-07	273	5.149720342665973e-07	root;d__Bacteria;p__Proteobacteria;c__Alphaproteobacteria;o__HIMB59;f__GCA-002718135;g__AG-337-I02;s__AG-337-I02 sp902540265	root;d__Bacteria;p__Proteobacteria;c__Alphaproteobacteria;o__HIMB59;f__GCA-002718135;g__AG-337-I02;s__AG-337-I02 sp902540265
23-1-10_NODE_760198_length_273_cov_1.352041_1	18-1-6_NODE_1128988_length_250_cov_1.028902_1	3	9.448778424130215e-08	250	3.4162239071229695e-07	root;d__Bacteria;p__Proteobacteria;c__Alphaproteobacteria	root;d__Bacteria;p__Proteobacteria;c__Alphaproteobacteria;o__HIMB59;f__GCA-002718135;g__AG-337-I02;s__AG-337-I02 sp902540265
23-1-10_NODE_760235_length_273_cov_1.336735_1	23-1-10_NODE_760235_length_273_cov_1.336735_1	7	2.7927803277192066e-07	273	9.012010599665454e-07	root;d__Bacteria;p__Proteobacteria;c__Alphaproteobacteria;o__Pelagibacterales;f__Pelagibacteraceae	root;d__Bacteria;p__Proteobacteria;c__Alphaproteobacteria;o__Pelagibacterales;f__Pelagibacteraceae
23-1-10_NODE_760235_length_273_cov_1.336735_1	32-1-4_NODE_1603714_length_242_cov_1.151515_1	8	2.3186162451876395e-07	242	9.017066893782832e-07	root;d__Bacteria;p__Proteobacteria;c__Alphaproteobacteria;o__Pelagibacterales;f__Pelagibacteraceae	root;d__Bacteria;p__Proteobacteria;c__Alphaproteobacteria;o__Pelagibacterales;f__Pelagibacteraceae
23-1-10_NODE_760239_length_273_cov_1.336735_1	23-1-10_NODE_760239_length_273_cov_1.336735_1	3	1.196905854736803e-07	273	3.86229025699948e-07		
23-1-10_NODE_760239_length_273_cov_1.336735_1	23-1-16_NODE_1017028_length_233_cov_0.948718_1	2	5.7995416274279344e-08	233	2.8506689219625997e-07		
23-1-10_NODE_760248_length_273_cov_1.336735_1	23-1-10_NODE_760248_length_273_cov_1.336735_1	5	1.9948430912280048e-07	273	6.437150428332466e-07	root;d__Bacteria;p__Proteobacteria;c__Alphaproteobacteria;o__Pelagibacterales;f__Pelagibacteraceae;g__Pelagibacter	root;d__Bacteria;p__Proteobacteria;c__Alphaproteobacteria;o__Pelagibacterales;f__Pelagibacteraceae;g__Pelagibacter
23-1-10_NODE_760248_length_273_cov_1.336735_1	32-1-8_NODE_251115_length_519_cov_1.065611_1	12	3.6531426311698916e-07	519	6.618464160740854e-07	root;d__Bacteria;p__Proteobacteria;c__Alphaproteobacteria;o__Pelagibacterales;f__Pelagibacteraceae;g__Pelagibacter	root;d__Bacteria;p__Proteobacteria;c__Alphaproteobacteria;o__Pelagibacterales;f__Pelagibacteraceae;g__Pelagibacter
23-1-10_NODE_774063_length_272_cov_0.712821_1	23-1-10_NODE_774063_length_272_cov_0.712821_1	2	7.979372364912019e-08	272	2.5843265690217105e-07	root;d__Bacteria;p__Proteobacteria;c__Alphaproteobacteria;o__Pelagibacterales;f__Pelagibacteraceae	root;d__Bacteria;p__Proteobacteria;c__Alphaproteobacteria;o__Pelagibacterales;f__Pelagibacteraceae
23-1-10_NODE_774063_length_272_cov_0.712821_1	23-1-10_NODE_175658_length_572_cov_0.989899_1	15	5.984529273684014e-07	572	9.216829022385121e-07	root;d__Bacteria;p__Proteobacteria;c__Alphaproteobacteria;o__Pelagibacterales;f__Pelagibacteraceae;g__Pelagibacter;s__Pelagibacter sp902632275	root;d__Bacteria;p__Proteobacteria;c__Alphaproteobacteria;o__Pelagibacterales;f__Pelagibacteraceae
23-1-10_NODE_774063_length_272_cov_0.712821_1	24-1-2_NODE_130291_length_715_cov_0.940439_1	8	2.711898052701264e-07	715	3.4258326136201427e-07	root;d__Bacteria	root;d__Bacteria;p__Proteobacteria;c__Alphaproteobacteria;o__Pelagibacterales;f__Pelagibacteraceae
23-1-10_NODE_774063_length_272_cov_0.712821_1	56-1-2_NODE_1193646_length_256_cov_1.631285_2	13	4.4324049717945615e-07	256	1.6060832073092517e-06	root;d__Bacteria;p__Proteobacteria;c__Alphaproteobacteria;o__Pelagibacterales;f__Pelagibacteraceae;g__Pelagibacter;s__Pelagibacter sp902632275	root;d__Bacteria;p__Proteobacteria;c__Alphaproteobacteria;o__Pelagibacterales;f__Pelagibacteraceae
23-1-10_NODE_774074_length_272_cov_0.712821_2	23-1-10_NODE_774074_length_272_cov_0.712821_2	2	7.979372364912019e-08	272	2.5843265690217105e-07	root;d__Bacteria;p__Proteobacteria;c__Alphaproteobacteria;o__Pelagibacterales;f__Pelagibacteraceae;g__Pelagibacter	root;d__Bacteria;p__Proteobacteria;c__Alphaproteobacteria;o__Pelagibacterales;f__Pelagibacteraceae;g__Pelagibacter
23-1-10_NODE_774074_length_272_cov_0.712821_2	29-1-2_NODE_1371159_length_243_cov_0.891566_2	1	3.385474836882744e-08	243	1.3587126790971553e-07	root;d__Bacteria;p__Proteobacteria;c__Alphaproteobacteria;o__Pelagibacterales;f__Pelagibacteraceae;g__Pelagibacter	root;d__Bacteria;p__Proteobacteria;c__Alphaproteobacteria;o__Pelagibacterales;f__Pelagibacteraceae;g__Pelagibacter
23-1-10_NODE_774074_length_272_cov_0.712821_2	39-1-8_NODE_351404_length_440_cov_1.812672_1	9	2.637073312747753e-07	440	5.621289136335811e-07	root;d__Bacteria;p__Proteobacteria;c__Alphaproteobacteria;o__Pelagibacterales;f__Pelagibacteraceae;g__Pelagibacter	root;d__Bacteria;p__Proteobacteria;c__Alphaproteobacteria;o__Pelagibacterales;f__Pelagibacteraceae;g__Pelagibacter
23-1-10_NODE_774115_length_272_cov_0.707692_1	23-1-10_NODE_774115_length_272_cov_0.707692_1	2	7.979372364912019e-08	272	2.5843265690217105e-07	root;d__Bacteria;p__Bacteroidota;c__Bacteroidia;o__Flavobacteriales;f__Flavobacteriaceae;g__MS024-2A	root;d__Bacteria;p__Bacteroidota;c__Bacteroidia;o__Flavobacteriales;f__Flavobacteriaceae;g__MS024-2A
23-1-10_NODE_774115_length_272_cov_0.707692_1	24-1-8_NODE_922806_length_256_cov_1.452514_1	4	1.1647351281668711e-07	256	4.56362060649316e-07	root;d__Bacteria;p__Bacteroidota;c__Bacteroidia;o__Flavobacteriales;f__Flavobacteriaceae;g__MS024-2A	root;d__Bacteria;p__Bacteroidota;c__Bacteroidia;o__Flavobacteriales;f__Flavobacteriaceae;g__MS024-2A
23-1-10_NODE_774124_length_272_cov_0.707692_1	23-1-10_NODE_774124_length_272_cov_0.707692_1	8	3.1917489459648074e-07	272	1.0337306276086842e-06	root;d__Bacteria;p__Proteobacteria;c__Gammaproteobacteria;o__Arenicellales;f__UBA868	root;d__Bacteria;p__Proteobacteria;c__Gammaproteobacteria;o__Arenicellales;f__UBA868
23-1-10_NODE_774124_length_272_cov_0.707692_1	17-2-6_NODE_936006_length_281_cov_0.485294_1	9	2.6109624216363147e-07	281	8.444849991672738e-07		root;d__Bacteria;p__Proteobacteria;c__Gammaproteobacteria;o__Arenicellales;f__UBA868
23-1-10_NODE_794057_length_269_cov_1.229167_1	23-1-10_NODE_794057_length_269_cov_1.229167_1	4	1.5958744729824037e-07	269	5.226296109843162e-07	root;d__Bacteria;p__Proteobacteria	root;d__Bacteria;p__Proteobacteria
23-1-10_NODE_794057_length_269_cov_1.229167_1	18-1-4_NODE_1681318_length_231_cov_1.642857_1	6	2.030655863938476e-07	231	8.053432539434839e-07	root;d__Bacteria;p__Proteobacteria;c__Alphaproteobacteria;o__Rhizobiales;f__Rhizobiaceae;g__Aureimonas;s__Aureimonas pseudogalii	root;d__Bacteria;p__Proteobacteria
23-1-10_NODE_794057_length_269_cov_1.229167_1	30-1-4_NODE_1432906_length_247_cov_0.788235_1	2	6.086644356274667e-08	247	2.298890730464301e-07	root;d__Bacteria;p__Proteobacteria	root;d__Bacteria;p__Proteobacteria
23-1-10_NODE_794057_length_269_cov_1.229167_1	33-1-6_NODE_950862_length_272_cov_0.697436_1	3	8.239972612528362e-08	272	2.9331841590503925e-07	root;d__Bacteria;p__Proteobacteria	root;d__Bacteria;p__Proteobacteria
23-1-10_NODE_794057_length_269_cov_1.229167_1	34-1-24_NODE_501782_length_321_cov_2.122951_1	7	2.3628540441428393e-07	321	7.82354573791995e-07	root;d__Bacteria;p__Proteobacteria	root;d__Bacteria;p__Proteobacteria
23-1-10_NODE_794057_length_269_cov_1.229167_1	56-1-2_NODE_1215477_length_255_cov_0.831461_1	2	6.819084571991633e-08	255	2.480587035120171e-07	root;d__Bacteria;p__Proteobacteria;c__Alphaproteobacteria;o__Rhizobiales;f__Stappiaceae;g__Roseibium;s__Roseibium sp001890945	root;d__Bacteria;p__Proteobacteria
23-1-10_NODE_794083_length_269_cov_1.213542_1	23-1-10_NODE_794083_length_269_cov_1.213542_1	5	1.9948430912280048e-07	269	6.532870137303953e-07		
23-1-10_NODE_794083_length_269_cov_1.213542_1	17-2-6_NODE_1607349_length_233_cov_0.942308_1	3	8.703208072121048e-08	233	3.394853859313361e-07		
23-1-10_NODE_794083_length_269_cov_1.213542_1	19-1-6_NODE_217208_length_552_cov_0.920000_1	6	2.0314638538927859e-07	552	3.2142821142695014e-07		
23-1-10_NODE_794083_length_269_cov_1.213542_1	38-1-10_NODE_607469_length_331_cov_1.303150_1	7	2.0296733606067307e-07	331	5.960725227993179e-07		
23-1-10_NODE_794137_length_269_cov_1.192708_1	23-1-10_NODE_794137_length_269_cov_1.192708_1	5	1.9948430912280048e-07	269	6.532870137303953e-07	root	root
23-1-10_NODE_794137_length_269_cov_1.192708_1	18-1-1_NODE_1247827_length_250_cov_1.346821_1	6	1.738934262836204e-07	250	6.825521296512073e-07	root	root
23-1-10_NODE_794137_length_269_cov_1.192708_1	19-1-4_NODE_1141423_length_252_cov_1.902857_1	16	5.295315790128631e-07	252	1.888206266252998e-06	root	root
23-1-10_NODE_794137_length_269_cov_1.192708_1	28-1-2_NODE_1112873_length_264_cov_0.791444_1	3	1.0150689695378479e-07	264	3.5747784463574874e-07	root	root
23-1-10_NODE_794137_length_269_cov_1.192708_1	53-1-2_NODE_1242838_length_254_cov_0.836158_1	7	2.368424062132831e-07	254	8.695549758351075e-07	root	root
23-1-10_NODE_794137_length_269_cov_1.192708_1	57-1-2_NODE_1541860_length_243_cov_0.807229_1	5	1.521890353400594e-07	243	5.99920480159293e-07	root	root
23-1-10_NODE_804741_length_268_cov_1.073298_1	23-1-10_NODE_804741_length_268_cov_1.073298_1	17	6.782466510175216e-07	268	2.2294638162605207e-06		
23-1-10_NODE_804741_length_268_cov_1.073298_1	33-1-6_NODE_468476_length_377_cov_1.710000_1	47	1.2909290426294434e-06	377	3.3154576736781803e-06		
23-1-10_NODE_804741_length_268_cov_1.073298_1	70-1-2_NODE_544704_length_351_cov_2.226277_1	98	2.985167009737493e-06	351	8.296115573819656e-06		
23-1-10_NODE_804756_length_268_cov_1.073298_1	23-1-10_NODE_804756_length_268_cov_1.073298_1	5	1.9948430912280048e-07	268	6.557246518413296e-07	root;d__Bacteria;p__Chloroflexota;c__Dehalococcoidia;o__UBA2963;f__UBA2963;g__UBA2963;s__UBA2963 sp002725515	root;d__Bacteria;p__Chloroflexota;c__Dehalococcoidia;o__UBA2963;f__UBA2963;g__UBA2963;s__UBA2963 sp002725515
23-1-10_NODE_804756_length_268_cov_1.073298_1	27-1-2_NODE_1651445_length_236_cov_0.773585_1	4	1.1585031583113101e-07	236	4.811719241651087e-07	root;d__Bacteria;p__Chloroflexota;c__Dehalococcoidia;o__UBA2963;f__UBA2963;g__UBA2963;s__UBA2963 sp002725515	root;d__Bacteria;p__Chloroflexota;c__Dehalococcoidia;o__UBA2963;f__UBA2963;g__UBA2963;s__UBA2963 sp002725515
23-1-10_NODE_804757_length_268_cov_1.073298_1	23-1-10_NODE_804757_length_268_cov_1.073298_1	2	7.979372364912019e-08	268	2.6228986073653186e-07	root;d__Bacteria;p__Verrucomicrobiota;c__Kiritimatiellae;o__LD1-PB3;f__CAIQIC01;g__CAIQIC01;s__CAIQIC01 sp903871765*	root;d__Bacteria;p__Verrucomicrobiota;c__Kiritimatiellae;o__LD1-PB3;f__CAIQIC01;g__CAIQIC01;s__CAIQIC01 sp903871765*
23-1-10_NODE_804757_length_268_cov_1.073298_1	19-1-6_NODE_739320_length_293_cov_1.259259_1	4	1.354309235928524e-07	293	4.037050573553503e-07	root;d__Bacteria;p__Verrucomicrobiota;c__Kiritimatiellae;o__LD1-PB3;f__CAIQIC01;g__CAIQIC01;s__CAIQIC01 sp903871765*	root;d__Bacteria;p__Verrucomicrobiota;c__Kiritimatiellae;o__LD1-PB3;f__CAIQIC01;g__CAIQIC01;s__CAIQIC01 sp903871765*
23-1-10_NODE_815392_length_267_cov_0.905263_1	23-1-10_NODE_815392_length_267_cov_0.905263_1	3	1.196905854736803e-07	267	3.9490832964826143e-07	root;d__Bacteria;p__Bacteroidota;c__Bacteroidia;o__Flavobacteriales;f__TMED113;g__GCA-002707245	root;d__Bacteria;p__Bacteroidota;c__Bacteroidia;o__Flavobacteriales;f__TMED113;g__GCA-002707245
23-1-10_NODE_815412_length_267_cov_0.900000_1	23-1-10_NODE_815412_length_267_cov_0.900000_1	4	1.5958744729824037e-07	267	5.265444395310151e-07	root;d__Bacteria;p__Bacteroidota;c__Bacteroidia;o__Flavobacteriales;f__TMED113	root;d__Bacteria;p__Bacteroidota;c__Bacteroidia;o__Flavobacteriales;f__TMED113
23-1-10_NODE_815412_length_267_cov_0.900000_1	70-1-2_NODE_1628048_length_231_cov_1.441558_1	3	9.138266356339264e-08	231	3.858914082176914e-07	root;d__Bacteria;p__Bacteroidota;c__Bacteroidia;o__Flavobacteriales;f__TMED113	root;d__Bacteria;p__Bacteroidota;c__Bacteroidia;o__Flavobacteriales;f__TMED113
23-1-10_NODE_815420_length_267_cov_0.900000_1	23-1-10_NODE_815420_length_267_cov_0.900000_1	2	7.979372364912019e-08	267	2.6327221976550756e-07	root;d__Bacteria;p__Proteobacteria;c__Alphaproteobacteria;o__UBA8366;f__UBA8366;g__UBA6544;s__UBA6544 sp002716125	root;d__Bacteria;p__Proteobacteria;c__Alphaproteobacteria;o__UBA8366;f__UBA8366;g__UBA6544;s__UBA6544 sp002716125
23-1-10_NODE_815420_length_267_cov_0.900000_1	19-1-2_NODE_562962_length_368_cov_0.869416_2	4	1.1609802434830987e-07	368	2.916837900042267e-07	root;d__Bacteria;p__Proteobacteria;c__Alphaproteobacteria;o__UBA8366;f__UBA8366;g__UBA6544;s__UBA6544 sp002716125	root;d__Bacteria;p__Proteobacteria;c__Alphaproteobacteria;o__UBA8366;f__UBA8366;g__UBA6544;s__UBA6544 sp002716125
23-1-10_NODE_815434_length_267_cov_0.894737_1	23-1-10_NODE_815434_length_267_cov_0.894737_1	3	1.196905854736803e-07	267	3.9490832964826143e-07	root;d__Bacteria	root;d__Bacteria
23-1-10_NODE_815434_length_267_cov_0.894737_1	31-1-8_NODE_4810_length_4269_cov_2.420802_1	138	5.606184092298265e-06	4269	1.2982312922949235e-06	root;d__Bacteria	root;d__Bacteria
23-1-10_NODE_815434_length_267_cov_0.894737_1	33-1-2_NODE_171604_length_623_cov_1.003663_1	13	4.3968758100398127e-07	623	6.47757652415671e-07	root;d__Bacteria	root;d__Bacteria
23-1-10_NODE_815434_length_267_cov_0.894737_1	58-1-2_NODE_25579_length_1860_cov_2.148626_3	67	2.5574402999915643e-06	1860	1.3770513135425195e-06	root	root;d__Bacteria
23-1-10_NODE_815460_length_267_cov_0.889474_1	23-1-10_NODE_815460_length_267_cov_0.889474_1	2	7.979372364912019e-08	267	2.6327221976550756e-07	root;d__Bacteria;p__Proteobacteria;c__Alphaproteobacteria;o__Rhodospirillales;f__UBA2165;g__GCA-002721295;s__GCA-002721295 sp002937995*	root;d__Bacteria;p__Proteobacteria;c__Alphaproteobacteria;o__Rhodospirillales;f__UBA2165;g__GCA-002721295;s__GCA-002721295 sp002937995*
23-1-10_NODE_815460_length_267_cov_0.889474_1	33-1-6_NODE_1307187_length_246_cov_1.130178_1	3	8.239972612528362e-08	246	3.2431954929337673e-07	root;d__Bacteria;p__Proteobacteria;c__Alphaproteobacteria;o__Rhodospirillales;f__UBA2165;g__GCA-002721295;s__GCA-002721295 sp002937995*	root;d__Bacteria;p__Proteobacteria;c__Alphaproteobacteria;o__Rhodospirillales;f__UBA2165;g__GCA-002721295;s__GCA-002721295 sp002937995*
23-1-10_NODE_828994_length_266_cov_0.777778_1	23-1-10_NODE_828994_length_266_cov_0.777778_1	3	1.196905854736803e-07	266	3.9639294742889404e-07	root;d__Bacteria;p__Proteobacteria;c__Alphaproteobacteria;o__Pelagibacterales;f__Pelagibacteraceae;g__Pelagibacter;s__Pelagibacter sp003210075	root;d__Bacteria;p__Proteobacteria;c__Alphaproteobacteria;o__Pelagibacterales;f__Pelagibacteraceae;g__Pelagibacter;s__Pelagibacter sp003210075
23-1-10_NODE_828994_length_266_cov_0.777778_1	67-1-2_NODE_1191821_length_249_cov_0.860465_1	1	3.380417820994842e-08	249	1.3204558797205472e-07	root;d__Bacteria;p__Proteobacteria;c__Alphaproteobacteria;o__Pelagibacterales;f__Pelagibacteraceae;g__Pelagibacter;s__Pelagibacter sp003210075	root;d__Bacteria;p__Proteobacteria;c__Alphaproteobacteria;o__Pelagibacterales;f__Pelagibacteraceae;g__Pelagibacter;s__Pelagibacter sp003210075
23-1-10_NODE_828996_length_266_cov_0.777778_1	23-1-10_NODE_828996_length_266_cov_0.777778_1	2	7.979372364912019e-08	266	2.6426196495259595e-07		
23-1-10_NODE_828996_length_266_cov_0.777778_1	52-1-2_NODE_1529449_length_229_cov_0.973684_1	2	6.859708466505999e-08	229	2.7877849142516135e-07		
23-1-10_NODE_829008_length_266_cov_0.777778_1	23-1-10_NODE_829008_length_266_cov_0.777778_1	1	3.989686182456009e-08	266	1.3213098247629798e-07	root;d__Bacteria;p__Marinisomatota;c__Marinisomatia;o__Marinisomatales;f__UBA1611;g__GCA-002708715;s__GCA-002708715 sp002694025	root;d__Bacteria;p__Marinisomatota;c__Marinisomatia;o__Marinisomatales;f__UBA1611;g__GCA-002708715;s__GCA-002708715 sp002694025
23-1-10_NODE_829008_length_266_cov_0.777778_1	28-1-2_NODE_1375499_length_248_cov_0.865497_1	2	6.767126463585653e-08	248	2.536939542576282e-07	root;d__Bacteria;p__Marinisomatota;c__Marinisomatia;o__Marinisomatales;f__UBA1611;g__GCA-002708715;s__GCA-002708715 sp002694025	root;d__Bacteria;p__Marinisomatota;c__Marinisomatia;o__Marinisomatales;f__UBA1611;g__GCA-002708715;s__GCA-002708715 sp002694025
23-1-10_NODE_829008_length_266_cov_0.777778_1	53-1-2_NODE_838331_length_287_cov_1.014286_1	4	1.3533851783616177e-07	287	4.3975503008883484e-07	root;d__Bacteria;p__Marinisomatota;c__Marinisomatia;o__Marinisomatales;f__UBA1611	root;d__Bacteria;p__Marinisomatota;c__Marinisomatia;o__Marinisomatales;f__UBA1611;g__GCA-002708715;s__GCA-002708715 sp002694025
23-1-10_NODE_829018_length_266_cov_0.777778_1	23-1-10_NODE_829018_length_266_cov_0.777778_1	2	7.979372364912019e-08	266	2.6426196495259595e-07		
23-1-10_NODE_829018_length_266_cov_0.777778_1	29-1-6_NODE_853573_length_251_cov_0.890805_1	2	7.239625598418403e-08	251	3.1123056797142e-07		
23-1-10_NODE_843110_length_264_cov_1.475936_1	23-1-10_NODE_843110_length_264_cov_1.475936_1	10	3.9896861824560096e-07	264	1.331319747677851e-06	root;d__Bacteria;p__Cyanobacteria;c__Cyanobacteriia;o__PCC-6307;f__Cyanobiaceae;g__Prochlorococcus_A	root;d__Bacteria;p__Cyanobacteria;c__Cyanobacteriia;o__PCC-6307;f__Cyanobiaceae;g__Prochlorococcus_A
23-1-10_NODE_843110_length_264_cov_1.475936_1	70-1-2_NODE_369021_length_427_cov_0.945714_2	10	3.046088785446421e-07	427	6.958697525237057e-07	root;d__Bacteria;p__Cyanobacteria;c__Cyanobacteriia;o__PCC-6307;f__Cyanobiaceae;g__Prochlorococcus_A	root;d__Bacteria;p__Cyanobacteria;c__Cyanobacteriia;o__PCC-6307;f__Cyanobiaceae;g__Prochlorococcus_A
23-1-10_NODE_853182_length_263_cov_1.510753_1	23-1-10_NODE_853182_length_263_cov_1.510753_1	4	1.5958744729824037e-07	263	5.345527199801562e-07	root;d__Bacteria;p__Bacteroidota;c__Bacteroidia;o__Flavobacteriales;f__BACL11;g__BACL11;s__BACL11 sp002693745	root;d__Bacteria;p__Bacteroidota;c__Bacteroidia;o__Flavobacteriales;f__BACL11;g__BACL11;s__BACL11 sp002693745
23-1-10_NODE_853182_length_263_cov_1.510753_1	17-2-2_NODE_1251404_length_243_cov_1.036145_1	1	4.05720760090255e-08	243	1.47846235136733e-07	root;d__Bacteria;p__Bacteroidota;c__Bacteroidia;o__Flavobacteriales;f__BACL11	root;d__Bacteria;p__Bacteroidota;c__Bacteroidia;o__Flavobacteriales;f__BACL11;g__BACL11;s__BACL11 sp002693745
23-1-10_NODE_863540_length_262_cov_1.524324_2	23-1-10_NODE_863540_length_262_cov_1.524324_2	9	3.590717564210408e-07	262	1.2073342444589976e-06	root;d__Bacteria;p__Marinisomatota;c__Marinisomatia;o__Marinisomatales;f__UBA1611;g__TMED80	root;d__Bacteria;p__Marinisomatota;c__Marinisomatia;o__Marinisomatales;f__UBA1611;g__TMED80
23-1-10_NODE_863540_length_262_cov_1.524324_2	18-1-1_NODE_527091_length_359_cov_2.992908_1	13	3.7676909028117755e-07	359	1.0298488492880335e-06	root;d__Bacteria;p__Marinisomatota;c__Marinisomatia;o__Marinisomatales;f__UBA1611;g__TMED80	root;d__Bacteria;p__Marinisomatota;c__Marinisomatia;o__Marinisomatales;f__UBA1611;g__TMED80
23-1-10_NODE_863540_length_262_cov_1.524324_2	18-1-1_NODE_1606650_length_119_cov_6.666667_1	6	1.738934262836204e-07	119	1.4339330454857298e-06		root;d__Bacteria;p__Marinisomatota;c__Marinisomatia;o__Marinisomatales;f__UBA1611;g__TMED80
23-1-10_NODE_863560_length_262_cov_1.518919_2	23-1-10_NODE_863560_length_262_cov_1.518919_2	4	1.5958744729824037e-07	262	5.365929975373323e-07	root;d__Bacteria;p__Proteobacteria;c__Alphaproteobacteria	root;d__Bacteria;p__Proteobacteria;c__Alphaproteobacteria
23-1-10_NODE_863560_length_262_cov_1.518919_2	38-1-10_NODE_1384561_length_240_cov_0.907975_2	2	5.7990667445906594e-08	240	2.3488095838877884e-07	root;d__Bacteria;p__Proteobacteria;c__Alphaproteobacteria	root;d__Bacteria;p__Proteobacteria;c__Alphaproteobacteria
23-1-10_NODE_863574_length_262_cov_1.518919_1	23-1-10_NODE_863574_length_262_cov_1.518919_1	5	1.9948430912280048e-07	262	6.707412469216654e-07	root;d__Bacteria;p__Proteobacteria;c__Alphaproteobacteria;o__Pelagibacterales;f__Pelagibacteraceae;g__Pelagibacter_A	root;d__Bacteria;p__Proteobacteria;c__Alphaproteobacteria;o__Pelagibacterales;f__Pelagibacteraceae;g__Pelagibacter_A
23-1-10_NODE_863574_length_262_cov_1.518919_1	38-1-10_NODE_1537856_length_230_cov_0.967320_1	2	5.7990667445906594e-08	230	2.450931739708997e-07	root;d__Bacteria;p__Proteobacteria;c__Alphaproteobacteria;o__Pelagibacterales;f__Pelagibacteraceae;g__Pelagibacter_A	root;d__Bacteria;p__Proteobacteria;c__Alphaproteobacteria;o__Pelagibacterales;f__Pelagibacteraceae;g__Pelagibacter_A
23-1-10_NODE_873829_length_261_cov_1.543478_1	23-1-10_NODE_873829_length_261_cov_1.543478_1	4	1.5958744729824037e-07	261	5.386489094052914e-07	root;d__Bacteria;p__Marinisomatota;c__Marinisomatia;o__SCGC-AAA003-L08;f__GCA-002719095;g__GCA-002719095;s__GCA-002719095 sp002719095	root;d__Bacteria;p__Marinisomatota;c__Marinisomatia;o__SCGC-AAA003-L08;f__GCA-002719095;g__GCA-002719095;s__GCA-002719095 sp002719095
23-1-10_NODE_873829_length_261_cov_1.543478_1	17-2-4_NODE_1031895_length_276_cov_1.487437_1	7	2.02935008440067e-07	276	6.903871825506804e-07	root;d__Bacteria;p__Marinisomatota;c__Marinisomatia;o__SCGC-AAA003-L08;f__GCA-002719095;g__GCA-002719095;s__GCA-002719095 sp002719095	root;d__Bacteria;p__Marinisomatota;c__Marinisomatia;o__SCGC-AAA003-L08;f__GCA-002719095;g__GCA-002719095;s__GCA-002719095 sp002719095
23-1-10_NODE_873881_length_261_cov_1.532609_1	23-1-10_NODE_873881_length_261_cov_1.532609_1	3	1.196905854736803e-07	261	4.039866820539686e-07	root;d__Bacteria;p__Proteobacteria;c__Alphaproteobacteria;o__TMED127;f__TMED127;g__GCA-2691145;s__GCA-2691145 sp002691145*	root;d__Bacteria;p__Proteobacteria;c__Alphaproteobacteria;o__TMED127;f__TMED127;g__GCA-2691145;s__GCA-2691145 sp002691145*
23-1-10_NODE_873881_length_261_cov_1.532609_1	70-1-10_NODE_416502_length_383_cov_0.967320_1	4	1.452261443366342e-07	383	3.75531716078501e-07		root;d__Bacteria;p__Proteobacteria;c__Alphaproteobacteria;o__TMED127;f__TMED127;g__GCA-2691145;s__GCA-2691145 sp002691145*
23-1-10_NODE_873896_length_261_cov_1.527174_1	23-1-10_NODE_873896_length_261_cov_1.527174_1	5	1.9948430912280048e-07	261	6.733111367566143e-07	root;d__Bacteria;p__Proteobacteria;c__Alphaproteobacteria;o__Pelagibacterales;f__Pelagibacteraceae;g__Pelagibacter	root;d__Bacteria;p__Proteobacteria;c__Alphaproteobacteria;o__Pelagibacterales;f__Pelagibacteraceae;g__Pelagibacter
23-1-10_NODE_873896_length_261_cov_1.527174_1	19-1-4_NODE_104271_length_726_cov_1.673344_2	68	2.2505092108046682e-06	726	2.7854943679847947e-06	root;d__Bacteria;p__Proteobacteria;c__Alphaproteobacteria;o__Pelagibacterales;f__Pelagibacteraceae;g__Pelagibacter	root;d__Bacteria;p__Proteobacteria;c__Alphaproteobacteria;o__Pelagibacterales;f__Pelagibacteraceae;g__Pelagibacter
23-1-10_NODE_873896_length_261_cov_1.527174_1	30-1-4_NODE_1541984_length_240_cov_1.423313_1	4	1.2173288712549334e-07	240	4.7318834202056864e-07	root;d__Bacteria;p__Proteobacteria;c__Alphaproteobacteria;o__Pelagibacterales;f__Pelagibacteraceae;g__Pelagibacter	root;d__Bacteria;p__Proteobacteria;c__Alphaproteobacteria;o__Pelagibacterales;f__Pelagibacteraceae;g__Pelagibacter
23-1-10_NODE_873907_length_261_cov_1.521739_1	23-1-10_NODE_873907_length_261_cov_1.521739_1	5	1.9948430912280048e-07	261	6.733111367566143e-07	root;d__Archaea;p__Thermoplasmatota;c__Poseidoniia_A;o__Poseidoniales;f__Thalassarchaeaceae;g__MGIIb-P	root;d__Archaea;p__Thermoplasmatota;c__Poseidoniia_A;o__Poseidoniales;f__Thalassarchaeaceae;g__MGIIb-P
23-1-10_NODE_873907_length_261_cov_1.521739_1	24-1-2_NODE_1587624_length_184_cov_1.682243_1	2	6.77974513175316e-08	184	3.328084672198915e-07	root;d__Archaea;p__Thermoplasmatota;c__Poseidoniia_A;o__Poseidoniales;f__Thalassarchaeaceae;g__MGIIb-P	root;d__Archaea;p__Thermoplasmatota;c__Poseidoniia_A;o__Poseidoniales;f__Thalassarchaeaceae;g__MGIIb-P
23-1-10_NODE_884792_length_260_cov_1.475410_1	23-1-10_NODE_884792_length_260_cov_1.475410_1	3	1.196905854736803e-07	260	4.055404769849454e-07		
23-1-10_NODE_884792_length_260_cov_1.475410_1	34-1-24_NODE_458856_length_338_cov_1.260536_1	4	1.3502023109387652e-07	338	4.245745024298062e-07		
23-1-10_NODE_884803_length_260_cov_1.475410_1	23-1-10_NODE_884803_length_260_cov_1.475410_1	6	2.393811709473606e-07	260	8.110809539698908e-07		
23-1-10_NODE_884803_length_260_cov_1.475410_1	29-1-2_NODE_70732_length_935_cov_2.196970_2	27	9.140782059583409e-07	935	9.534239451932016e-07	root;d__Bacteria;p__Actinobacteriota;c__Acidimicrobiia;o__Actinomarinales;f__Actinomarinaceae;g__Actinomarina;s__Actinomarina sp902587025	
23-1-10_NODE_884808_length_260_cov_1.475410_1	23-1-10_NODE_884808_length_260_cov_1.475410_1	5	1.9948430912280048e-07	260	6.75900794974909e-07		
23-1-10_NODE_884808_length_260_cov_1.475410_1	19-1-6_NODE_411428_length_396_cov_0.949843_1	4	1.354309235928524e-07	396	2.987009641543375e-07		
23-1-10_NODE_884846_length_260_cov_1.459016_1	23-1-10_NODE_884846_length_260_cov_1.459016_1	4	1.5958744729824037e-07	260	5.407206359799272e-07	root;d__Bacteria;p__Verrucomicrobiota;c__Verrucomicrobiae;o__Opitutales;f__MB11C04;g__MB11C04	root;d__Bacteria;p__Verrucomicrobiota;c__Verrucomicrobiae;o__Opitutales;f__MB11C04;g__MB11C04
23-1-10_NODE_884846_length_260_cov_1.459016_1	70-1-2_NODE_1175271_length_259_cov_0.785714_1	3	9.138266356339264e-08	259	3.441734181401031e-07	root;d__Bacteria;p__Verrucomicrobiota;c__Verrucomicrobiae;o__Opitutales;f__MB11C04;g__MB11C04	root;d__Bacteria;p__Verrucomicrobiota;c__Verrucomicrobiae;o__Opitutales;f__MB11C04;g__MB11C04
23-1-10_NODE_896942_length_259_cov_1.104396_1	23-1-10_NODE_896942_length_259_cov_1.104396_1	4	1.5958744729824037e-07	259	5.4280836044317e-07	root;d__Bacteria;p__Proteobacteria;c__Alphaproteobacteria;o__Pelagibacterales;f__Pelagibacteraceae;g__Pelagibacter	root;d__Bacteria;p__Proteobacteria;c__Alphaproteobacteria;o__Pelagibacterales;f__Pelagibacteraceae;g__Pelagibacter
23-1-10_NODE_896942_length_259_cov_1.104396_1	32-1-8_NODE_636527_length_320_cov_1.522634_1	6	1.8265713155849458e-07	320	5.367160780350787e-07	root;d__Bacteria;p__Proteobacteria;c__Alphaproteobacteria;o__Pelagibacterales;f__Pelagibacteraceae;g__Pelagibacter	root;d__Bacteria;p__Proteobacteria;c__Alphaproteobacteria;o__Pelagibacterales;f__Pelagibacteraceae;g__Pelagibacter
23-1-10_NODE_896942_length_259_cov_1.104396_1	38-1-10_NODE_978087_length_269_cov_0.770833_1	2	5.7990667445906594e-08	269	2.0955921938032314e-07	root;d__Bacteria;p__Proteobacteria;c__Alphaproteobacteria;o__Pelagibacterales;f__Pelagibacteraceae;g__Pelagibacter	root;d__Bacteria;p__Proteobacteria;c__Alphaproteobacteria;o__Pelagibacterales;f__Pelagibacteraceae;g__Pelagibacter
23-1-10_NODE_905993_length_258_cov_1.425414_1	23-1-10_NODE_905993_length_258_cov_1.425414_1	4	1.5958744729824037e-07	258	5.449122688169808e-07	root;d__Bacteria;p__Marinisomatota;c__Marinisomatia	root;d__Bacteria;p__Marinisomatota;c__Marinisomatia
23-1-10_NODE_905993_length_258_cov_1.425414_1	17-2-10_NODE_296808_length_475_cov_1.678392_1	11	3.723427085616753e-07	475	8.15326374878384e-07	root;d__Bacteria;p__Marinisomatota;c__Marinisomatia;o__Marinisomatales;f__UBA1611;g__GCA-2691785;s__GCA-2691785 sp902611135	root;d__Bacteria;p__Marinisomatota;c__Marinisomatia
23-1-10_NODE_905993_length_258_cov_1.425414_1	18-1-3_NODE_1029158_length_255_cov_1.056180_1	4	1.160594273012742e-07	255	4.84583301085166e-07	root;d__Bacteria;p__Marinisomatota;c__Marinisomatia;o__Marinisomatales;f__UBA1611	root;d__Bacteria;p__Marinisomatota;c__Marinisomatia
23-1-10_NODE_905993_length_258_cov_1.425414_1	24-1-8_NODE_1048894_length_245_cov_1.113095_1	5	1.455918910208589e-07	245	5.960647322766577e-07	root;d__Bacteria;p__Marinisomatota;c__Marinisomatia	root;d__Bacteria;p__Marinisomatota;c__Marinisomatia
23-1-10_NODE_905993_length_258_cov_1.425414_1	29-1-6_NODE_246338_length_507_cov_1.404651_2	9	3.257831519288281e-07	507	6.933627742085185e-07	root;d__Bacteria;p__Marinisomatota;c__Marinisomatia	root;d__Bacteria;p__Marinisomatota;c__Marinisomatia
23-1-10_NODE_905993_length_258_cov_1.425414_1	33-1-10_NODE_1045661_length_253_cov_0.840909_1	1	3.079696699150281e-08	253	1.230065999673476e-07	root;d__Bacteria;p__Marinisomatota;c__Marinisomatia	root;d__Bacteria;p__Marinisomatota;c__Marinisomatia
23-1-10_NODE_905993_length_258_cov_1.425414_1	34-1-24_NODE_346676_length_397_cov_1.081250_1	3	1.012651733204074e-07	397	2.7110739638779813e-07	root;d__Bacteria;p__Marinisomatota;c__Marinisomatia	root;d__Bacteria;p__Marinisomatota;c__Marinisomatia
23-1-10_NODE_905993_length_258_cov_1.425414_1	38-1-10_NODE_502509_length_365_cov_0.770833_1	2	5.7990667445906594e-08	365	1.544422740090601e-07	root;d__Bacteria;p__Marinisomatota;c__Marinisomatia	root;d__Bacteria;p__Marinisomatota;c__Marinisomatia
23-1-10_NODE_905993_length_258_cov_1.425414_1	67-1-15_NODE_262533_length_432_cov_0.859155_1	5	1.634888467581764e-07	432	4.1726087458558025e-07	root;d__Bacteria;p__Marinisomatota;c__Marinisomatia	root;d__Bacteria;p__Marinisomatota;c__Marinisomatia
23-1-10_NODE_906025_length_258_cov_1.408840_1	23-1-10_NODE_906025_length_258_cov_1.408840_1	7	2.7927803277192066e-07	258	9.535964704297166e-07	root;d__Bacteria;p__Proteobacteria;c__Alphaproteobacteria	root;d__Bacteria;p__Proteobacteria;c__Alphaproteobacteria
23-1-10_NODE_906025_length_258_cov_1.408840_1	68-1-2_NODE_1332583_length_249_cov_1.476744_1	6	1.891422035394559e-07	249	7.300721799166359e-07	root;d__Bacteria;p__Proteobacteria;c__Alphaproteobacteria	root;d__Bacteria;p__Proteobacteria;c__Alphaproteobacteria
23-1-10_NODE_906042_length_258_cov_1.403315_1	23-1-10_NODE_906042_length_258_cov_1.403315_1	4	1.5958744729824037e-07	258	5.449122688169808e-07		
23-1-10_NODE_906042_length_258_cov_1.403315_1	29-1-4_NODE_1339875_length_249_cov_0.802326_2	2	6.774429320380444e-08	249	2.5388688644739564e-07		
23-1-10_NODE_906066_length_258_cov_1.392265_1	23-1-10_NODE_906066_length_258_cov_1.392265_1	13	5.186592037192812e-07	258	1.7709648736551878e-06	root;d__Bacteria;p__Proteobacteria;c__Alphaproteobacteria;o__Pelagibacterales;f__Pelagibacteraceae	root;d__Bacteria;p__Proteobacteria;c__Alphaproteobacteria;o__Pelagibacterales;f__Pelagibacteraceae
23-1-10_NODE_906066_length_258_cov_1.392265_1	17-2-2_NODE_1307328_length_240_cov_0.760736_1	3	1.217162280270765e-07	240	4.490829392278266e-07	root;d__Bacteria;p__Proteobacteria;c__Alphaproteobacteria;o__Pelagibacterales;f__Pelagibacteraceae	root;d__Bacteria;p__Proteobacteria;c__Alphaproteobacteria;o__Pelagibacterales;f__Pelagibacteraceae
23-1-10_NODE_916302_length_257_cov_1.555556_1	23-1-10_NODE_916302_length_257_cov_1.555556_1	4	1.5958744729824037e-07	257	5.470325500186034e-07	root;d__Bacteria;p__Proteobacteria;c__Alphaproteobacteria;o__Pelagibacterales;f__Pelagibacteraceae;g__Pelagibacter	root;d__Bacteria;p__Proteobacteria;c__Alphaproteobacteria;o__Pelagibacterales;f__Pelagibacteraceae;g__Pelagibacter
23-1-10_NODE_916314_length_257_cov_1.550000_1	23-1-10_NODE_916314_length_257_cov_1.550000_1	7	2.7927803277192066e-07	257	9.573069625325559e-07	root;d__Bacteria;p__Proteobacteria;c__Alphaproteobacteria;o__Pelagibacterales;f__Pelagibacteraceae	root;d__Bacteria;p__Proteobacteria;c__Alphaproteobacteria;o__Pelagibacterales;f__Pelagibacteraceae
23-1-10_NODE_916314_length_257_cov_1.550000_1	38-1-14_NODE_990187_length_248_cov_1.298246_1	3	8.472908017828129e-08	248	3.7589028291123935e-07	root;d__Bacteria;p__Proteobacteria;c__Alphaproteobacteria;o__Pelagibacterales;f__Pelagibacteraceae	root;d__Bacteria;p__Proteobacteria;c__Alphaproteobacteria;o__Pelagibacterales;f__Pelagibacteraceae
23-1-10_NODE_916332_length_257_cov_1.544444_2	23-1-10_NODE_916332_length_257_cov_1.544444_2	5	1.9948430912280048e-07	257	6.837906875232542e-07	root;d__Bacteria;p__Actinobacteriota;c__Acidimicrobiia;o__Actinomarinales;f__Actinomarinaceae*;g__Actinomarina*	root;d__Bacteria;p__Actinobacteriota;c__Acidimicrobiia;o__Actinomarinales;f__Actinomarinaceae*;g__Actinomarina*
23-1-10_NODE_916332_length_257_cov_1.544444_2	17-2-6_NODE_1599195_length_233_cov_1.634615_2	4	1.1604277429494732e-07	233	4.526471812417815e-07	root;d__Bacteria;p__Actinobacteriota;c__Acidimicrobiia;o__Actinomarinales;f__Actinomarinaceae*;g__Actinomarina*	root;d__Bacteria;p__Actinobacteriota;c__Acidimicrobiia;o__Actinomarinales;f__Actinomarinaceae*;g__Actinomarina*
23-1-10_NODE_916332_length_257_cov_1.544444_2	17-2-6_NODE_1650516_length_230_cov_1.450980_1	3	8.703208072121048e-08	230	3.439134561826144e-07	root;d__Bacteria;p__Actinobacteriota;c__Acidimicrobiia;o__Actinomarinales;f__Actinomarinaceae*;g__Actinomarina*	root;d__Bacteria;p__Actinobacteriota;c__Acidimicrobiia;o__Actinomarinales;f__Actinomarinaceae*;g__Actinomarina*
23-1-10_NODE_916332_length_257_cov_1.544444_2	52-1-2_NODE_804324_length_281_cov_0.725490_2	2	6.859708466505999e-08	281	2.2718958909737345e-07	root;d__Bacteria;p__Actinobacteriota;c__Acidimicrobiia;o__Actinomarinales;f__Actinomarinaceae*;g__Actinomarina*	root;d__Bacteria;p__Actinobacteriota;c__Acidimicrobiia;o__Actinomarinales;f__Actinomarinaceae*;g__Actinomarina*
23-1-10_NODE_916332_length_257_cov_1.544444_2	65-1-2_NODE_350735_length_432_cov_0.983099_2	13	4.1252436670369867e-07	432	9.341730581587587e-07	root;d__Bacteria;p__Actinobacteriota;c__Acidimicrobiia;o__Actinomarinales;f__Actinomarinaceae*;g__Actinomarina*	root;d__Bacteria;p__Actinobacteriota;c__Acidimicrobiia;o__Actinomarinales;f__Actinomarinaceae*;g__Actinomarina*
23-1-10_NODE_930589_length_256_cov_0.826816_1	23-1-10_NODE_930589_length_256_cov_0.826816_1	2	7.979372364912019e-08	256	2.7458469795855675e-07	root;d__Bacteria	root;d__Bacteria
23-1-10_NODE_930589_length_256_cov_0.826816_1	19-1-2_NODE_1459802_length_254_cov_0.813559_1	1	2.9024506087077467e-08	254	1.0564924677318447e-07	root;d__Bacteria	root;d__Bacteria
23-1-10_NODE_930600_length_256_cov_0.826816_1	23-1-10_NODE_930600_length_256_cov_0.826816_1	2	7.979372364912019e-08	256	2.7458469795855675e-07	root;d__Archaea;p__Thermoplasmatota;c__Poseidoniia_A;o__Poseidoniales;f__Thalassarchaeaceae;g__MGIIb-O3;s__MGIIb-O3 sp001629205	root;d__Archaea;p__Thermoplasmatota;c__Poseidoniia_A;o__Poseidoniales;f__Thalassarchaeaceae;g__MGIIb-O3;s__MGIIb-O3 sp001629205
23-1-10_NODE_930600_length_256_cov_0.826816_1	38-1-10_NODE_1303975_length_245_cov_1.761905_1	4	1.1598133489181319e-07	245	4.6017493888413817e-07	root;d__Archaea;p__Thermoplasmatota;c__Poseidoniia_A;o__Poseidoniales;f__Thalassarchaeaceae;g__MGIIb-O3;s__MGIIb-O3 sp001629205	root;d__Archaea;p__Thermoplasmatota;c__Poseidoniia_A;o__Poseidoniales;f__Thalassarchaeaceae;g__MGIIb-O3;s__MGIIb-O3 sp001629205
23-1-10_NODE_930612_length_256_cov_0.826816_1	23-1-10_NODE_930612_length_256_cov_0.826816_1	2	7.979372364912019e-08	256	2.7458469795855675e-07	root;d__Bacteria;p__Myxococcota;c__UBA796;o__UBA796;f__SXON01;g__SXON01;s__SXON01 sp005776735	root;d__Bacteria;p__Myxococcota;c__UBA796;o__UBA796;f__SXON01;g__SXON01;s__SXON01 sp005776735
23-1-10_NODE_930612_length_256_cov_0.826816_1	32-1-8_NODE_1281597_length_245_cov_0.821429_1	3	9.132856577924729e-08	245	3.505084591249493e-07	root;d__Bacteria;p__Myxococcota	root;d__Bacteria;p__Myxococcota;c__UBA796;o__UBA796;f__SXON01;g__SXON01;s__SXON01 sp005776735
23-1-10_NODE_930639_length_256_cov_0.826816_1	23-1-10_NODE_930639_length_256_cov_0.826816_1	2	7.979372364912019e-08	256	2.7458469795855675e-07		
23-1-10_NODE_930639_length_256_cov_0.826816_1	27-1-8_NODE_1355829_length_241_cov_0.902439_1	2	5.186712575988581e-08	241	2.137059282563223e-07		
23-1-10_NODE_948608_length_254_cov_1.514124_1	23-1-10_NODE_948608_length_254_cov_1.514124_1	4	1.5958744729824037e-07	254	5.534935643889018e-07	root;d__Bacteria;p__Proteobacteria;c__Gammaproteobacteria	root;d__Bacteria;p__Proteobacteria;c__Gammaproteobacteria
23-1-10_NODE_948608_length_254_cov_1.514124_1	67-1-2_NODE_24273_length_1711_cov_2.036720_2	64	2.1634674054366988e-06	1711	1.2298530040459755e-06	root;d__Bacteria;p__Proteobacteria;c__Gammaproteobacteria;o__Pseudomonadales;f__Pseudohongiellaceae;g__UBA9145	root;d__Bacteria;p__Proteobacteria;c__Gammaproteobacteria
23-1-10_NODE_948635_length_254_cov_1.502825_1	23-1-10_NODE_948635_length_254_cov_1.502825_1	6	2.393811709473606e-07	254	8.302403465833529e-07	root;d__Bacteria;p__Bacteroidota;c__Bacteroidia;o__Flavobacteriales;f__UBA7430;g__MED-G21;s__MED-G21 sp002457305*	root;d__Bacteria;p__Bacteroidota;c__Bacteroidia;o__Flavobacteriales;f__UBA7430;g__MED-G21;s__MED-G21 sp002457305*
23-1-10_NODE_948635_length_254_cov_1.502825_1	19-1-6_NODE_972489_length_266_cov_1.153439_1	4	1.354309235928524e-07	266	4.4468263836510394e-07	root;d__Bacteria;p__Bacteroidota;c__Bacteroidia;o__Flavobacteriales;f__UBA7430;g__MED-G21;s__MED-G21 sp002457305*	root;d__Bacteria;p__Bacteroidota;c__Bacteroidia;o__Flavobacteriales;f__UBA7430;g__MED-G21;s__MED-G21 sp002457305*
23-1-10_NODE_948687_length_254_cov_1.485876_1	23-1-10_NODE_948687_length_254_cov_1.485876_1	8	3.1917489459648074e-07	254	1.1069871287778035e-06		
23-1-10_NODE_948687_length_254_cov_1.485876_1	18-1-6_NODE_1115865_length_251_cov_1.178161_1	6	1.889755684826043e-07	251	6.805226906619461e-07		
23-1-10_NODE_959174_length_253_cov_1.590909_1	23-1-10_NODE_959174_length_253_cov_1.590909_1	5	1.9948430912280048e-07	253	6.946016074840962e-07		
23-1-10_NODE_959174_length_253_cov_1.590909_1	30-1-2_NODE_1630465_length_232_cov_0.780645_1	2	6.764972084004447e-08	232	2.7423206556855945e-07	root;d__Bacteria;p__Proteobacteria;c__Gammaproteobacteria;o__CACJXQ01;f__CACJXQ01;g__CACJXQ01;s__CACJXQ01 sp902597385	
23-1-10_NODE_959174_length_253_cov_1.590909_1	66-1-2_NODE_1722863_length_229_cov_1.394737_2	5	1.404898724503687e-07	229	5.839065141557462e-07		
23-1-10_NODE_959174_length_253_cov_1.590909_2	23-1-10_NODE_959174_length_253_cov_1.590909_2	5	1.9948430912280048e-07	253	6.946016074840962e-07		
23-1-10_NODE_959174_length_253_cov_1.590909_2	66-1-2_NODE_1722863_length_229_cov_1.394737_1	5	1.404898724503687e-07	229	5.839065141557462e-07		
23-1-10_NODE_959184_length_253_cov_1.585227_2	23-1-10_NODE_959184_length_253_cov_1.585227_2	4	1.5958744729824037e-07	253	5.556812859872769e-07	root;d__Bacteria;p__Proteobacteria;c__Alphaproteobacteria;o__Pelagibacterales;f__Pelagibacteraceae;g__Pelagibacter	root;d__Bacteria;p__Proteobacteria;c__Alphaproteobacteria;o__Pelagibacterales;f__Pelagibacteraceae;g__Pelagibacter
23-1-10_NODE_959184_length_253_cov_1.585227_2	28-1-4_NODE_467674_length_361_cov_0.809859_1	8	2.564371494343894e-07	361	6.735283249227939e-07	root;d__Bacteria;p__Proteobacteria;c__Alphaproteobacteria;o__Pelagibacterales;f__Pelagibacteraceae;g__Pelagibacter	root;d__Bacteria;p__Proteobacteria;c__Alphaproteobacteria;o__Pelagibacterales;f__Pelagibacteraceae;g__Pelagibacter
23-1-10_NODE_970432_length_252_cov_1.462857_1	23-1-10_NODE_970432_length_252_cov_1.462857_1	3	1.196905854736803e-07	252	4.184147778416103e-07	root;d__Bacteria;p__Bdellovibrionota;c__Bacteriovoracia;o__Bacteriovoracales;f__Bacteriovoracaceae;g__UBA1511;s__UBA1511 sp002323535*	root;d__Bacteria;p__Bdellovibrionota;c__Bacteriovoracia;o__Bacteriovoracales;f__Bacteriovoracaceae;g__UBA1511;s__UBA1511 sp002323535*
23-1-10_NODE_970432_length_252_cov_1.462857_1	17-2-6_NODE_1308787_length_252_cov_0.714286_1	2	5.802138714747366e-08	252	2.0925951037566483e-07	root;d__Bacteria;p__Bdellovibrionota;c__Bacteriovoracia;o__Bacteriovoracales;f__Bacteriovoracaceae;g__UBA1511;s__UBA1511 sp002323535*	root;d__Bacteria;p__Bdellovibrionota;c__Bacteriovoracia;o__Bacteriovoracales;f__Bacteriovoracaceae;g__UBA1511;s__UBA1511 sp002323535*
23-1-10_NODE_970444_length_252_cov_1.462857_1	23-1-10_NODE_970444_length_252_cov_1.462857_1	4	1.5958744729824037e-07	252	5.578863704554804e-07	root;d__Bacteria;p__Proteobacteria;c__Alphaproteobacteria;o__Pelagibacterales;f__Pelagibacteraceae;g__Pelagibacter	root;d__Bacteria;p__Proteobacteria;c__Alphaproteobacteria;o__Pelagibacterales;f__Pelagibacteraceae;g__Pelagibacter
23-1-10_NODE_970444_length_252_cov_1.462857_1	31-1-2_NODE_1684284_length_235_cov_0.778481_1	11	3.384282787716186e-07	235	1.4011797076239564e-06	root;d__Bacteria;p__Proteobacteria;c__Alphaproteobacteria;o__Pelagibacterales;f__Pelagibacteraceae;g__Pelagibacter	root;d__Bacteria;p__Proteobacteria;c__Alphaproteobacteria;o__Pelagibacterales;f__Pelagibacteraceae;g__Pelagibacter
23-1-10_NODE_970446_length_252_cov_1.462857_1	23-1-10_NODE_970446_length_252_cov_1.462857_1	4	1.5958744729824037e-07	252	5.578863704554804e-07	root;d__Bacteria	root;d__Bacteria
23-1-10_NODE_970446_length_252_cov_1.462857_1	19-1-6_NODE_1344376_length_239_cov_0.913580_1	2	6.77154617964262e-08	239	2.47459376161334e-07	root;d__Bacteria	root;d__Bacteria
23-1-10_NODE_970470_length_252_cov_1.451429_1	23-1-10_NODE_970470_length_252_cov_1.451429_1	19	7.580403746666417e-07	252	2.6499602596635317e-06	root;d__Bacteria;p__Cyanobacteria;c__Cyanobacteriia;o__PCC-6307;f__Cyanobiaceae;g__Prochlorococcus_A	root;d__Bacteria;p__Cyanobacteria;c__Cyanobacteriia;o__PCC-6307;f__Cyanobiaceae;g__Prochlorococcus_A
23-1-10_NODE_970470_length_252_cov_1.451429_1	17-2-4_NODE_896601_length_290_cov_1.389671_2	8	2.3192572393150514e-07	290	7.509235956019223e-07	root;d__Bacteria;p__Cyanobacteria;c__Cyanobacteriia;o__PCC-6307;f__Cyanobiaceae;g__Prochlorococcus_A	root;d__Bacteria;p__Cyanobacteria;c__Cyanobacteriia;o__PCC-6307;f__Cyanobiaceae;g__Prochlorococcus_A
23-1-10_NODE_970525_length_252_cov_1.428571_1	23-1-10_NODE_970525_length_252_cov_1.428571_1	3	1.196905854736803e-07	252	4.184147778416103e-07	root;d__Bacteria;p__Proteobacteria;c__Alphaproteobacteria;o__Pelagibacterales;f__Pelagibacteraceae;g__Pelagibacter_A	root;d__Bacteria;p__Proteobacteria;c__Alphaproteobacteria;o__Pelagibacterales;f__Pelagibacteraceae;g__Pelagibacter_A
23-1-10_NODE_970525_length_252_cov_1.428571_1	19-1-4_NODE_1421953_length_233_cov_1.467949_1	7	2.316700658181276e-07	233	8.934538234094122e-07	root;d__Bacteria;p__Proteobacteria;c__Alphaproteobacteria;o__Pelagibacterales;f__Pelagibacteraceae;g__Pelagibacter_A	root;d__Bacteria;p__Proteobacteria;c__Alphaproteobacteria;o__Pelagibacterales;f__Pelagibacteraceae;g__Pelagibacter_A
23-1-10_NODE_982012_length_251_cov_1.321839_1	23-1-10_NODE_982012_length_251_cov_1.321839_1	4	1.5958744729824037e-07	251	5.601090253178528e-07		
23-1-10_NODE_982012_length_251_cov_1.321839_1	18-1-6_NODE_178475_length_600_cov_1.147228_2	9	2.8346335272390645e-07	600	4.2702798839037116e-07	root;d__Bacteria	
23-1-10_NODE_982012_length_251_cov_1.321839_1	66-1-2_NODE_310541_length_458_cov_0.881890_1	5	1.404898724503687e-07	458	2.919532570778731e-07	root;d__Bacteria	
23-1-10_NODE_982030_length_251_cov_1.310345_1	23-1-10_NODE_982030_length_251_cov_1.310345_1	4	1.5958744729824037e-07	251	5.601090253178528e-07	root;d__Archaea;p__Thermoplasmatota;c__Poseidoniia_A;o__Poseidoniales;f__Thalassarchaeaceae;g__MGIIb-O5	root;d__Archaea;p__Thermoplasmatota;c__Poseidoniia_A;o__Poseidoniales;f__Thalassarchaeaceae;g__MGIIb-O5
23-1-10_NODE_982030_length_251_cov_1.310345_1	18-1-4_NODE_1567062_length_238_cov_0.919255_1	2	6.76885287979492e-08	238	2.605522292170095e-07	root;d__Archaea;p__Thermoplasmatota;c__Poseidoniia_A;o__Poseidoniales;f__Thalassarchaeaceae;g__MGIIb-O5;s__MGIIb-O5 sp002501805	root;d__Archaea;p__Thermoplasmatota;c__Poseidoniia_A;o__Poseidoniales;f__Thalassarchaeaceae;g__MGIIb-O5
23-1-10_NODE_991442_length_250_cov_2.023121_1	23-1-10_NODE_991442_length_250_cov_2.023121_1	4	1.5958744729824037e-07	250	5.623494614191242e-07		
23-1-10_NODE_991442_length_250_cov_2.023121_1	24-1-8_NODE_1166933_length_235_cov_2.253165_1	6	1.7471026922503066e-07	235	7.457150267631376e-07		
23-1-10_NODE_991466_length_250_cov_1.988439_1	23-1-10_NODE_991466_length_250_cov_1.988439_1	4	1.5958744729824037e-07	250	5.623494614191242e-07		
23-1-10_NODE_991466_length_250_cov_1.988439_1	18-1-3_NODE_736596_length_288_cov_1.369668_1	5	1.4507428412659274e-07	288	5.363226639614466e-07		
23-1-10_NODE_991468_length_250_cov_1.988439_1	23-1-10_NODE_991468_length_250_cov_1.988439_1	3	1.196905854736803e-07	250	4.2176209606434324e-07		
23-1-10_NODE_991468_length_250_cov_1.988439_1	33-1-6_NODE_1446109_length_237_cov_1.300000_1	2	5.493315075018908e-08	237	2.244236543633493e-07		
23-1-10_NODE_991489_length_250_cov_1.965318_1	23-1-10_NODE_991489_length_250_cov_1.965318_1	9	3.590717564210408e-07	250	1.2652862881930295e-06	root;d__Bacteria;p__Cyanobacteria;c__Cyanobacteriia;o__PCC-6307;f__Cyanobiaceae;g__Prochlorococcus_A	root;d__Bacteria;p__Cyanobacteria;c__Cyanobacteriia;o__PCC-6307;f__Cyanobiaceae;g__Prochlorococcus_A
23-1-10_NODE_991489_length_250_cov_1.965318_1	70-1-2_NODE_1575119_length_234_cov_2.726115_1	8	2.4368710283571373e-07	234	1.0158508865901622e-06	root;d__Bacteria;p__Cyanobacteria;c__Cyanobacteriia;o__PCC-6307;f__Cyanobiaceae;g__Prochlorococcus_A	root;d__Bacteria;p__Cyanobacteria;c__Cyanobacteriia;o__PCC-6307;f__Cyanobiaceae;g__Prochlorococcus_A
23-1-10_NODE_991499_length_250_cov_1.965318_1	23-1-10_NODE_991499_length_250_cov_1.965318_1	5	1.9948430912280048e-07	250	7.029368267739054e-07		
23-1-10_NODE_991499_length_250_cov_1.965318_1	67-1-2_NODE_766365_length_282_cov_1.741463_1	6	2.0282506925969054e-07	282	6.995606681923751e-07	root;d__Bacteria;p__Marinisomatota;c__Marinisomatia;o__Marinisomatales;f__UBA1611	
23-1-10_NODE_1001644_length_250_cov_0.543353_1	23-1-10_NODE_1001644_length_250_cov_0.543353_1	3	1.196905854736803e-07	250	4.2176209606434324e-07	root;d__Bacteria;p__Proteobacteria;c__Alphaproteobacteria;o__Rhodospirillales;f__UBA2165;g__TMED167;s__TMED167 sp002723345	root;d__Bacteria;p__Proteobacteria;c__Alphaproteobacteria;o__Rhodospirillales;f__UBA2165;g__TMED167;s__TMED167 sp002723345
23-1-10_NODE_1001644_length_250_cov_0.543353_1	70-1-10_NODE_416499_length_383_cov_0.967320_1	4	1.452261443366342e-07	383	3.75531716078501e-07	root;d__Bacteria;p__Proteobacteria;c__Alphaproteobacteria;o__Rhodospirillales;f__UBA2165;g__TMED167	root;d__Bacteria;p__Proteobacteria;c__Alphaproteobacteria;o__Rhodospirillales;f__UBA2165;g__TMED167;s__TMED167 sp002723345
23-1-10_NODE_1001666_length_250_cov_0.526012_2	23-1-10_NODE_1001666_length_250_cov_0.526012_2	4	1.5958744729824037e-07	250	5.623494614191242e-07	root;d__Bacteria;p__Bacteroidota;c__Bacteroidia;o__Flavobacteriales;f__Flavobacteriaceae	root;d__Bacteria;p__Bacteroidota;c__Bacteroidia;o__Flavobacteriales;f__Flavobacteriaceae
23-1-10_NODE_1001666_length_250_cov_0.526012_2	67-1-2_NODE_93135_length_829_cov_0.832447_1	11	3.718459603094326e-07	829	4.3627607413203606e-07	root;d__Bacteria;p__Bacteroidota;c__Bacteroidia;o__Flavobacteriales;f__Flavobacteriaceae;g__UBA724	root;d__Bacteria;p__Bacteroidota;c__Bacteroidia;o__Flavobacteriales;f__Flavobacteriaceae
23-1-10_NODE_1013654_length_248_cov_1.894737_1	23-1-10_NODE_1013654_length_248_cov_1.894737_1	10	3.9896861824560096e-07	248	1.4172113443022284e-06	root;d__Bacteria;p__Proteobacteria;c__Alphaproteobacteria;o__Pelagibacterales;f__Pelagibacteraceae	root;d__Bacteria;p__Proteobacteria;c__Alphaproteobacteria;o__Pelagibacterales;f__Pelagibacteraceae
23-1-10_NODE_1013654_length_248_cov_1.894737_1	53-1-2_NODE_1520543_length_237_cov_0.768750_1	9	3.04511665131364e-07	237	1.1981932940078696e-06	root;d__Bacteria;p__Proteobacteria;c__Alphaproteobacteria;o__Pelagibacterales;f__Pelagibacteraceae	root;d__Bacteria;p__Proteobacteria;c__Alphaproteobacteria;o__Pelagibacterales;f__Pelagibacteraceae
23-1-10_NODE_1022705_length_248_cov_0.713450_1	23-1-10_NODE_1022705_length_248_cov_0.713450_1	3	1.196905854736803e-07	248	4.2516340329066855e-07	root;d__Bacteria;p__Cyanobacteria;c__Cyanobacteriia;o__PCC-6307;f__Cyanobiaceae;g__Prochlorococcus_A	root;d__Bacteria;p__Cyanobacteria;c__Cyanobacteriia;o__PCC-6307;f__Cyanobiaceae;g__Prochlorococcus_A
23-1-10_NODE_1022705_length_248_cov_0.713450_1	18-1-1_NODE_995042_length_268_cov_1.089005_1	5	1.4491118856968367e-07	268	5.305908968059758e-07	root;d__Bacteria;p__Cyanobacteria;c__Cyanobacteriia;o__PCC-6307;f__Cyanobiaceae;g__Prochlorococcus_A	root;d__Bacteria;p__Cyanobacteria;c__Cyanobacteriia;o__PCC-6307;f__Cyanobiaceae;g__Prochlorococcus_A
23-1-10_NODE_1035693_length_246_cov_3.076923_2	23-1-10_NODE_1035693_length_246_cov_3.076923_2	10	3.9896861824560096e-07	246	1.42873338775184e-06	root;d__Bacteria;p__Proteobacteria;c__Alphaproteobacteria;o__Rhodobacterales;f__Rhodobacteraceae;g__CACIIZ01	root;d__Bacteria;p__Proteobacteria;c__Alphaproteobacteria;o__Rhodobacterales;f__Rhodobacteraceae;g__CACIIZ01
23-1-10_NODE_1035693_length_246_cov_3.076923_2	53-1-2_NODE_763247_length_299_cov_1.306306_2	5	1.691731472952022e-07	299	5.276324984761522e-07	root;d__Bacteria;p__Proteobacteria;c__Alphaproteobacteria;o__Rhodobacterales;f__Rhodobacteraceae*	root;d__Bacteria;p__Proteobacteria;c__Alphaproteobacteria;o__Rhodobacterales;f__Rhodobacteraceae;g__CACIIZ01
23-1-10_NODE_1046363_length_246_cov_0.674556_2	23-1-10_NODE_1046363_length_246_cov_0.674556_2	2	7.979372364912019e-08	246	2.85746677550368e-07	root;d__Bacteria	root;d__Bacteria
23-1-10_NODE_1046363_length_246_cov_0.674556_2	54-1-3_NODE_209135_length_535_cov_0.724891_2	7	2.36652543017516e-07	535	4.259263365461881e-07	root;d__Bacteria	root;d__Bacteria
23-1-10_NODE_1046375_length_246_cov_0.674556_1	23-1-10_NODE_1046375_length_246_cov_0.674556_1	1	3.989686182456009e-08	246	1.42873338775184e-07	root;d__Bacteria;p__SAR324;c__SAR324;o__SAR324;f__NAC60-12;g__Arctic96AD-7	root;d__Bacteria;p__SAR324;c__SAR324;o__SAR324;f__NAC60-12;g__Arctic96AD-7
23-1-10_NODE_1046375_length_246_cov_0.674556_1	17-2-6_NODE_1115422_length_265_cov_0.851064_1	8	2.3208554858989464e-07	265	7.959757979572459e-07	root;d__Bacteria;p__SAR324;c__SAR324;o__SAR324;f__NAC60-12;g__Arctic96AD-7	root;d__Bacteria;p__SAR324;c__SAR324;o__SAR324;f__NAC60-12;g__Arctic96AD-7
23-1-10_NODE_1046375_length_246_cov_0.674556_1	28-1-2_NODE_1106728_length_264_cov_1.957219_1	5	1.6917816158964132e-07	264	5.957964077262479e-07	root;d__Bacteria;p__SAR324;c__SAR324;o__SAR324;f__NAC60-12;g__Arctic96AD-7	root;d__Bacteria;p__SAR324;c__SAR324;o__SAR324;f__NAC60-12;g__Arctic96AD-7
23-1-10_NODE_1046375_length_246_cov_0.674556_1	29-1-2_NODE_972144_length_271_cov_1.144330_1	4	1.3541899347530976e-07	271	4.873316325027434e-07	root;d__Bacteria;p__SAR324;c__SAR324;o__SAR324;f__NAC60-12;g__Arctic96AD-7	root;d__Bacteria;p__SAR324;c__SAR324;o__SAR324;f__NAC60-12;g__Arctic96AD-7
23-1-10_NODE_1046375_length_246_cov_0.674556_1	31-1-2_NODE_447933_length_422_cov_1.266667_1	13	3.9996069309373104e-07	422	9.221464900454948e-07	root;d__Bacteria;p__SAR324;c__SAR324;o__SAR324;f__NAC60-12;g__Arctic96AD-7	root;d__Bacteria;p__SAR324;c__SAR324;o__SAR324;f__NAC60-12;g__Arctic96AD-7
23-1-10_NODE_1046375_length_246_cov_0.674556_1	34-1-16_NODE_413677_length_408_cov_0.924471_1	6	2.0306896777200715e-07	408	4.808161585675092e-07	root;d__Bacteria;p__SAR324;c__SAR324;o__SAR324;f__NAC60-12;g__Arctic96AD-7	root;d__Bacteria;p__SAR324;c__SAR324;o__SAR324;f__NAC60-12;g__Arctic96AD-7
23-1-10_NODE_1046375_length_246_cov_0.674556_1	57-1-2_NODE_198587_length_569_cov_1.079268_1	16	4.870049130881901e-07	569	8.198561781579372e-07	root;d__Bacteria;p__SAR324;c__SAR324;o__SAR324;f__NAC60-12;g__Arctic96AD-7	root;d__Bacteria;p__SAR324;c__SAR324;o__SAR324;f__NAC60-12;g__Arctic96AD-7
23-1-10_NODE_1046375_length_246_cov_0.674556_1	68-1-2_NODE_1581845_length_235_cov_0.715190_1	7	2.206659041293652e-07	235	9.024934819820541e-07		root;d__Bacteria;p__SAR324;c__SAR324;o__SAR324;f__NAC60-12;g__Arctic96AD-7
27-1-8_NODE_460250_length_373_cov_0.702703_1	27-1-8_NODE_460250_length_373_cov_0.702703_1	5	1.296678143997145e-07	373	3.4519523263923375e-07		
27-1-8_NODE_460250_length_373_cov_0.702703_1	24-1-8_NODE_973352_length_252_cov_0.805714_2	2	5.8236756408343555e-08	252	2.318029514409224e-07		
27-1-8_NODE_460251_length_373_cov_0.702703_1	27-1-8_NODE_460251_length_373_cov_0.702703_1	6	1.5560137727965744e-07	373	4.1423427916708057e-07	root;d__Bacteria;p__Proteobacteria;c__Alphaproteobacteria;o__TMED109;f__TMED131	root;d__Bacteria;p__Proteobacteria;c__Alphaproteobacteria;o__TMED109;f__TMED131
27-1-8_NODE_460251_length_373_cov_0.702703_1	18-1-1_NODE_1278175_length_248_cov_1.274854_2	2	5.796447542787347e-08	248	2.293521941032283e-07		root;d__Bacteria;p__Proteobacteria;c__Alphaproteobacteria;o__TMED109;f__TMED131
27-1-8_NODE_460251_length_373_cov_0.702703_1	58-1-10_NODE_317743_length_393_cov_1.370253_1	5	1.9066624659079218e-07	393	5.483147512078183e-07	root;d__Bacteria;p__Proteobacteria;c__Alphaproteobacteria;o__TMED109;f__TMED131	root;d__Bacteria;p__Proteobacteria;c__Alphaproteobacteria;o__TMED109;f__TMED131
27-1-8_NODE_460254_length_373_cov_0.702703_1	27-1-8_NODE_460254_length_373_cov_0.702703_1	4	1.0373425151977162e-07	373	2.7615618611138704e-07	root;d__Bacteria;p__Proteobacteria;c__Alphaproteobacteria;o__TMED109;f__TMED131;g__GCA-2732015	root;d__Bacteria;p__Proteobacteria;c__Alphaproteobacteria;o__TMED109;f__TMED131;g__GCA-2732015
27-1-8_NODE_460254_length_373_cov_0.702703_1	18-1-1_NODE_1452754_length_237_cov_0.925000_1	4	1.1592895085574694e-07	237	4.799944652962077e-07	root;d__Bacteria;p__Proteobacteria;c__Alphaproteobacteria;o__TMED109;f__TMED131;g__GCA-2732015	root;d__Bacteria;p__Proteobacteria;c__Alphaproteobacteria;o__TMED109;f__TMED131;g__GCA-2732015
27-1-8_NODE_460254_length_373_cov_0.702703_1	24-1-8_NODE_1070395_length_243_cov_1.692771_1	4	1.1647351281668711e-07	243	4.807764918774686e-07	root;d__Bacteria;p__Proteobacteria;c__Alphaproteobacteria;o__TMED109;f__TMED131;g__GCA-2732015	root;d__Bacteria;p__Proteobacteria;c__Alphaproteobacteria;o__TMED109;f__TMED131;g__GCA-2732015
27-1-8_NODE_460254_length_373_cov_0.702703_1	29-1-6_NODE_886222_length_247_cov_0.870588_1	4	1.4479251196836805e-07	247	6.325414782253152e-07	root;d__Bacteria;p__Proteobacteria;c__Alphaproteobacteria;o__TMED109;f__TMED131;g__GCA-2732015	root;d__Bacteria;p__Proteobacteria;c__Alphaproteobacteria;o__TMED109;f__TMED131;g__GCA-2732015
27-1-8_NODE_460276_length_373_cov_0.692568_1	27-1-8_NODE_460276_length_373_cov_0.692568_1	5	1.296678143997145e-07	373	3.4519523263923375e-07	root;d__Bacteria	root;d__Bacteria
27-1-8_NODE_460276_length_373_cov_0.692568_1	38-1-10_NODE_1324926_length_244_cov_0.886228_1	2	5.7990667445906594e-08	244	2.3103045087420872e-07	root;d__Bacteria	root;d__Bacteria
27-1-8_NODE_460276_length_373_cov_0.692568_1	67-1-15_NODE_554018_length_288_cov_0.909953_1	3	9.809330805490584e-08	288	3.7553478712702225e-07	root;d__Bacteria	root;d__Bacteria
27-1-8_NODE_460294_length_373_cov_0.685811_1	27-1-8_NODE_460294_length_373_cov_0.685811_1	5	1.296678143997145e-07	373	3.4519523263923375e-07	root;d__Bacteria;p__Cyanobacteria;c__Cyanobacteriia	root;d__Bacteria;p__Cyanobacteria;c__Cyanobacteriia
27-1-8_NODE_460294_length_373_cov_0.685811_1	18-1-1_NODE_757356_length_297_cov_1.086364_1	2	5.796447542787347e-08	297	1.9151294322424452e-07		root;d__Bacteria;p__Cyanobacteria;c__Cyanobacteriia
27-1-8_NODE_460298_length_373_cov_0.685811_1	27-1-8_NODE_460298_length_373_cov_0.685811_1	5	1.296678143997145e-07	373	3.4519523263923375e-07	root;d__Bacteria;p__Proteobacteria;c__Alphaproteobacteria;o__Puniceispirillales;f__Puniceispirillaceae;g__UBA8309	root;d__Bacteria;p__Proteobacteria;c__Alphaproteobacteria;o__Puniceispirillales;f__Puniceispirillaceae;g__UBA8309
27-1-8_NODE_460298_length_373_cov_0.685811_1	18-1-3_NODE_594364_length_326_cov_0.891566_1	3	8.704457047595565e-08	326	2.842839151304846e-07	root;d__Bacteria;p__Proteobacteria;c__Alphaproteobacteria;o__Puniceispirillales;f__Puniceispirillaceae;g__UBA8309;s__UBA8309 sp002457745	root;d__Bacteria;p__Proteobacteria;c__Alphaproteobacteria;o__Puniceispirillales;f__Puniceispirillaceae;g__UBA8309
27-1-8_NODE_460298_length_373_cov_0.685811_1	19-1-12_NODE_370300_length_426_cov_1.200573_2	7	2.017130393417654e-07	426	4.830477361167465e-07	root;d__Bacteria;p__Proteobacteria;c__Alphaproteobacteria;o__Puniceispirillales;f__Puniceispirillaceae;g__UBA8309	root;d__Bacteria;p__Proteobacteria;c__Alphaproteobacteria;o__Puniceispirillales;f__Puniceispirillaceae;g__UBA8309
27-1-8_NODE_460298_length_373_cov_0.685811_1	24-1-8_NODE_1232191_length_230_cov_1.444444_1	3	8.735513461251533e-08	230	3.809631114985594e-07	root;d__Bacteria;p__Proteobacteria;c__Alphaproteobacteria;o__Puniceispirillales;f__Puniceispirillaceae;g__UBA8309	root;d__Bacteria;p__Proteobacteria;c__Alphaproteobacteria;o__Puniceispirillales;f__Puniceispirillaceae;g__UBA8309
27-1-8_NODE_460298_length_373_cov_0.685811_1	31-1-16_NODE_265851_length_506_cov_1.244755_1	9	2.8106556828740943e-07	506	5.721826451029495e-07	root;d__Bacteria;p__Proteobacteria;c__Alphaproteobacteria;o__Puniceispirillales;f__Puniceispirillaceae;g__UBA8309;s__UBA8309 sp002457745	root;d__Bacteria;p__Proteobacteria;c__Alphaproteobacteria;o__Puniceispirillales;f__Puniceispirillaceae;g__UBA8309
27-1-8_NODE_460298_length_373_cov_0.685811_1	67-1-2_NODE_1219537_length_247_cov_1.188235_1	2	6.760835641989684e-08	247	2.662295660327257e-07	root;d__Bacteria;p__Proteobacteria;c__Alphaproteobacteria;o__Puniceispirillales;f__Puniceispirillaceae;g__UBA8309;s__UBA8309 sp002457745	root;d__Bacteria;p__Proteobacteria;c__Alphaproteobacteria;o__Puniceispirillales;f__Puniceispirillaceae;g__UBA8309
27-1-8_NODE_460313_length_373_cov_0.675676_1	27-1-8_NODE_460313_length_373_cov_0.675676_1	2	5.186712575988581e-08	373	1.3807809305569352e-07		
27-1-8_NODE_460313_length_373_cov_0.675676_1	18-1-3_NODE_509972_length_356_cov_0.982079_1	4	1.160594273012742e-07	356	3.4710320723796995e-07	root;d__Bacteria	
27-1-8_NODE_478224_length_365_cov_1.010417_1	27-1-8_NODE_478224_length_365_cov_1.010417_1	3	7.780068863982872e-08	365	2.1165669332783703e-07		
27-1-8_NODE_478224_length_365_cov_1.010417_1	17-2-6_NODE_1566886_length_235_cov_1.405063_1	3	8.703208072121048e-08	235	3.365961486042609e-07		
27-1-8_NODE_478224_length_365_cov_1.010417_1	19-1-6_NODE_959512_length_267_cov_1.168421_1	2	6.77154617964262e-08	267	2.2150858015939631e-07		
27-1-8_NODE_478224_length_365_cov_1.010417_1	30-1-4_NODE_1606704_length_237_cov_0.656250_1	1	3.0433221781373335e-08	237	1.1979451696723257e-07		
27-1-8_NODE_478224_length_365_cov_1.010417_1	58-1-10_NODE_797064_length_258_cov_1.226519_1	3	1.143997479544753e-07	258	5.011341795922618e-07		
27-1-8_NODE_478238_length_365_cov_1.006944_1	27-1-8_NODE_478238_length_365_cov_1.006944_1	2	5.186712575988581e-08	365	1.4110446221855803e-07	root;d__Bacteria;p__Proteobacteria;c__Alphaproteobacteria;o__Puniceispirillales;f__Puniceispirillaceae;g__HIMB100	root;d__Bacteria;p__Proteobacteria;c__Alphaproteobacteria;o__Puniceispirillales;f__Puniceispirillaceae;g__HIMB100
27-1-8_NODE_478238_length_365_cov_1.006944_1	29-1-6_NODE_419205_length_365_cov_1.729167_1	6	2.1718876795255208e-07	365	6.420729251574775e-07	root;d__Bacteria;p__Proteobacteria;c__Alphaproteobacteria;o__Puniceispirillales;f__Puniceispirillaceae;g__HIMB100	root;d__Bacteria;p__Proteobacteria;c__Alphaproteobacteria;o__Puniceispirillales;f__Puniceispirillaceae;g__HIMB100
27-1-8_NODE_478238_length_365_cov_1.006944_1	59-1-24_NODE_704685_length_281_cov_2.529412_1	6	1.7390415168337479e-07	281	6.822197113759643e-07	root;d__Bacteria;p__Proteobacteria;c__Alphaproteobacteria;o__Puniceispirillales;f__Puniceispirillaceae;g__HIMB100	root;d__Bacteria;p__Proteobacteria;c__Alphaproteobacteria;o__Puniceispirillales;f__Puniceispirillaceae;g__HIMB100
27-1-8_NODE_478244_length_365_cov_1.003472_1	27-1-8_NODE_478244_length_365_cov_1.003472_1	4	1.0373425151977162e-07	365	2.8220892443711606e-07	root;d__Bacteria;p__Marinisomatota;c__Marinisomatia;o__SCGC-AAA003-L08;f__GCA-002704045;g__GCA-002704045;s__GCA-002704045 sp002703375	root;d__Bacteria;p__Marinisomatota;c__Marinisomatia;o__SCGC-AAA003-L08;f__GCA-002704045;g__GCA-002704045;s__GCA-002704045 sp002703375
27-1-8_NODE_478244_length_365_cov_1.003472_1	19-1-12_NODE_733372_length_281_cov_0.901961_1	4	1.1526459390958023e-07	281	4.184612823299115e-07	root;d__Bacteria;p__Marinisomatota;c__Marinisomatia;o__SCGC-AAA003-L08;f__GCA-002704045;g__GCA-002704045;s__GCA-002704045 sp002703375	root;d__Bacteria;p__Marinisomatota;c__Marinisomatia;o__SCGC-AAA003-L08;f__GCA-002704045;g__GCA-002704045;s__GCA-002704045 sp002703375
27-1-8_NODE_478244_length_365_cov_1.003472_1	33-1-6_NODE_1075767_length_262_cov_0.902703_1	3	8.239972612528362e-08	262	3.0451377529072775e-07	root;d__Bacteria;p__Marinisomatota;c__Marinisomatia;o__SCGC-AAA003-L08;f__GCA-002704045;g__GCA-002704045;s__GCA-002704045 sp002703375	root;d__Bacteria;p__Marinisomatota;c__Marinisomatia;o__SCGC-AAA003-L08;f__GCA-002704045;g__GCA-002704045;s__GCA-002704045 sp002703375
27-1-8_NODE_478252_length_365_cov_1.000000_1	27-1-8_NODE_478252_length_365_cov_1.000000_1	4	1.0373425151977162e-07	365	2.8220892443711606e-07	root;d__Bacteria;p__Proteobacteria;c__Alphaproteobacteria;o__Rhodobacterales;f__Rhodobacteraceae;g__CACIJG01;s__CACIJG01 sp902556405	root;d__Bacteria;p__Proteobacteria;c__Alphaproteobacteria;o__Rhodobacterales;f__Rhodobacteraceae;g__CACIJG01;s__CACIJG01 sp902556405
27-1-8_NODE_478252_length_365_cov_1.000000_1	29-1-6_NODE_506115_length_326_cov_0.574297_1	3	1.0859438397627604e-07	326	3.5944266515717684e-07	root;d__Bacteria;p__Proteobacteria;c__Alphaproteobacteria;o__Rhodobacterales;f__Rhodobacteraceae;g__CACIJG01;s__CACIJG01 sp902556405	root;d__Bacteria;p__Proteobacteria;c__Alphaproteobacteria;o__Rhodobacterales;f__Rhodobacteraceae;g__CACIJG01;s__CACIJG01 sp902556405
27-1-8_NODE_478253_length_365_cov_1.000000_1	27-1-8_NODE_478253_length_365_cov_1.000000_1	3	7.780068863982872e-08	365	2.1165669332783703e-07	root;d__Bacteria;p__Proteobacteria;c__Alphaproteobacteria;o__TMED109;f__TMED131	root;d__Bacteria;p__Proteobacteria;c__Alphaproteobacteria;o__TMED109;f__TMED131
27-1-8_NODE_478253_length_365_cov_1.000000_1	17-2-2_NODE_374208_length_375_cov_0.959732_2	4	1.62288304036102e-07	375	3.83217441474412e-07	root;d__Bacteria;p__Proteobacteria;c__Alphaproteobacteria;o__TMED109;f__TMED131	root;d__Bacteria;p__Proteobacteria;c__Alphaproteobacteria;o__TMED109;f__TMED131
27-1-8_NODE_478253_length_365_cov_1.000000_1	31-1-16_NODE_909235_length_261_cov_1.032609_2	4	1.2491803034995975e-07	261	4.930173153207193e-07	root;d__Bacteria;p__Proteobacteria;c__Alphaproteobacteria;o__TMED109;f__TMED131	root;d__Bacteria;p__Proteobacteria;c__Alphaproteobacteria;o__TMED109;f__TMED131
27-1-8_NODE_478253_length_365_cov_1.000000_1	70-1-2_NODE_516395_length_361_cov_0.781690_2	6	1.8276532712678527e-07	361	4.938554864171009e-07	root;d__Bacteria;p__Proteobacteria;c__Alphaproteobacteria;o__TMED109;f__TMED131	root;d__Bacteria;p__Proteobacteria;c__Alphaproteobacteria;o__TMED109;f__TMED131
27-1-8_NODE_478268_length_365_cov_0.993056_1	27-1-8_NODE_478268_length_365_cov_0.993056_1	5	1.296678143997145e-07	365	3.52761155546395e-07	root;d__Bacteria;p__Proteobacteria;c__Alphaproteobacteria;o__Puniceispirillales;f__Puniceispirillaceae;g__UBA5951	root;d__Bacteria;p__Proteobacteria;c__Alphaproteobacteria;o__Puniceispirillales;f__Puniceispirillaceae;g__UBA5951
27-1-8_NODE_478268_length_365_cov_0.993056_1	19-1-12_NODE_110100_length_862_cov_1.936306_3	30	8.644844543218517e-07	862	1.0230941444434903e-06	root;d__Bacteria;p__Proteobacteria;c__Alphaproteobacteria;o__Puniceispirillales;f__Puniceispirillaceae;g__UBA5951	root;d__Bacteria;p__Proteobacteria;c__Alphaproteobacteria;o__Puniceispirillales;f__Puniceispirillaceae;g__UBA5951
27-1-8_NODE_478268_length_365_cov_0.993056_1	33-1-10_NODE_1198171_length_241_cov_0.902439_1	4	1.2318786796601124e-07	241	5.165256396969119e-07		root;d__Bacteria;p__Proteobacteria;c__Alphaproteobacteria;o__Puniceispirillales;f__Puniceispirillaceae;g__UBA5951
27-1-8_NODE_478268_length_365_cov_0.993056_1	34-1-24_NODE_81248_length_899_cov_1.318735_1	21	7.088562132428517e-07	899	8.380505612477097e-07	root;d__Bacteria;p__Proteobacteria;c__Alphaproteobacteria	root;d__Bacteria;p__Proteobacteria;c__Alphaproteobacteria;o__Puniceispirillales;f__Puniceispirillaceae;g__UBA5951
27-1-8_NODE_478268_length_365_cov_0.993056_1	54-1-10_NODE_227931_length_490_cov_0.920097_2	8	2.7061043490073605e-07	490	5.981711242117189e-07	root;d__Bacteria;p__Proteobacteria;c__Alphaproteobacteria;o__Puniceispirillales;f__Puniceispirillaceae;g__UBA5951	root;d__Bacteria;p__Proteobacteria;c__Alphaproteobacteria;o__Puniceispirillales;f__Puniceispirillaceae;g__UBA5951
27-1-8_NODE_478268_length_365_cov_0.993056_1	67-1-2_NODE_704799_length_292_cov_1.306977_1	7	2.3662924746963894e-07	292	7.882036295729157e-07	root;d__Bacteria;p__Proteobacteria;c__Alphaproteobacteria;o__Puniceispirillales;f__Puniceispirillaceae;g__UBA5951	root;d__Bacteria;p__Proteobacteria;c__Alphaproteobacteria;o__Puniceispirillales;f__Puniceispirillaceae;g__UBA5951
27-1-8_NODE_478269_length_365_cov_0.993056_1	27-1-8_NODE_478269_length_365_cov_0.993056_1	17	4.408705689590294e-07	365	1.1993879288577432e-06		
27-1-8_NODE_478269_length_365_cov_0.993056_1	65-1-2_NODE_1406888_length_240_cov_1.815951_1	2	6.34652871851844e-08	240	2.5869407764396396e-07		
27-1-8_NODE_478275_length_365_cov_0.989583_1	27-1-8_NODE_478275_length_365_cov_0.989583_1	7	1.8153494015960034e-07	365	4.938656177649531e-07	root;d__Bacteria;p__Proteobacteria;c__Gammaproteobacteria;o__Pseudomonadales;f__Halieaceae;g__Luminiphilus	root;d__Bacteria;p__Proteobacteria;c__Gammaproteobacteria;o__Pseudomonadales;f__Halieaceae;g__Luminiphilus
27-1-8_NODE_478275_length_365_cov_0.989583_1	28-1-6_NODE_282223_length_471_cov_0.855330_2	10	3.3820947978173584e-07	471	7.38661308448328e-07	root;d__Bacteria;p__Proteobacteria;c__Gammaproteobacteria;o__Pseudomonadales;f__Halieaceae;g__Luminiphilus	root;d__Bacteria;p__Proteobacteria;c__Gammaproteobacteria;o__Pseudomonadales;f__Halieaceae;g__Luminiphilus
27-1-8_NODE_478275_length_365_cov_0.989583_1	32-1-8_NODE_183094_length_613_cov_1.186567_1	12	3.6531426311698916e-07	613	5.603561010480429e-07	root;d__Bacteria;p__Proteobacteria;c__Gammaproteobacteria;o__Pseudomonadales;f__Halieaceae;g__Luminiphilus	root;d__Bacteria;p__Proteobacteria;c__Gammaproteobacteria;o__Pseudomonadales;f__Halieaceae;g__Luminiphilus
27-1-8_NODE_478275_length_365_cov_0.989583_1	57-1-2_NODE_857522_length_291_cov_1.532710_1	5	1.521890353400594e-07	291	5.009645246691004e-07	root;d__Bacteria;p__Proteobacteria;c__Gammaproteobacteria;o__Pseudomonadales;f__Halieaceae;g__Luminiphilus;s__Luminiphilus sp902520195	root;d__Bacteria;p__Proteobacteria;c__Gammaproteobacteria;o__Pseudomonadales;f__Halieaceae;g__Luminiphilus
27-1-8_NODE_478275_length_365_cov_0.989583_1	54-1-10_NODE_687798_length_277_cov_0.515000_1	7	2.3678413053814402e-07	277	9.258695650027957e-07	root;d__Bacteria;p__Proteobacteria;c__Gammaproteobacteria;o__Pseudomonadales;f__Halieaceae;g__Luminiphilus	root;d__Bacteria;p__Proteobacteria;c__Gammaproteobacteria;o__Pseudomonadales;f__Halieaceae;g__Luminiphilus
27-1-8_NODE_478275_length_365_cov_0.989583_1	32-1-8_NODE_675008_length_311_cov_0.841880_2	5	1.522142762987455e-07	311	4.602067121415465e-07		root;d__Bacteria;p__Proteobacteria;c__Gammaproteobacteria;o__Pseudomonadales;f__Halieaceae;g__Luminiphilus
27-1-8_NODE_478278_length_365_cov_0.989583_1	27-1-8_NODE_478278_length_365_cov_0.989583_1	4	1.0373425151977162e-07	365	2.8220892443711606e-07	root;d__Bacteria;p__Bacteroidota;c__Bacteroidia;o__Flavobacteriales;f__UBA10066;g__GCA-002727735	root;d__Bacteria;p__Bacteroidota;c__Bacteroidia;o__Flavobacteriales;f__UBA10066;g__GCA-002727735
27-1-8_NODE_478278_length_365_cov_0.989583_1	19-1-12_NODE_908911_length_258_cov_1.563536_1	9	2.593453362965555e-07	258	1.0254734331514985e-06	root;d__Bacteria;p__Bacteroidota;c__Bacteroidia;o__Flavobacteriales;f__UBA10066;g__GCA-002727735	root;d__Bacteria;p__Bacteroidota;c__Bacteroidia;o__Flavobacteriales;f__UBA10066;g__GCA-002727735
27-1-8_NODE_478278_length_365_cov_0.989583_1	33-1-10_NODE_1048124_length_253_cov_0.795455_1	3	9.239090097450843e-08	253	3.690197999020429e-07	root;d__Bacteria;p__Bacteroidota;c__Bacteroidia;o__Flavobacteriales;f__UBA10066;g__GCA-002727735	root;d__Bacteria;p__Bacteroidota;c__Bacteroidia;o__Flavobacteriales;f__UBA10066;g__GCA-002727735
27-1-8_NODE_478287_length_365_cov_0.986111_1	27-1-8_NODE_478287_length_365_cov_0.986111_1	11	2.85269191679372e-07	365	7.760745422020692e-07	root;d__Bacteria;p__Proteobacteria;c__Alphaproteobacteria;o__HIMB59;f__HIMB59;g__HIMB59*	root;d__Bacteria;p__Proteobacteria;c__Alphaproteobacteria;o__HIMB59;f__HIMB59;g__HIMB59*
27-1-8_NODE_478287_length_365_cov_0.986111_1	17-2-10_NODE_1093229_length_237_cov_1.818750_1	4	1.3539734856788193e-07	237	5.942156165204946e-07	root;d__Bacteria;p__Proteobacteria;c__Alphaproteobacteria;o__HIMB59;f__HIMB59;g__HIMB59*	root;d__Bacteria;p__Proteobacteria;c__Alphaproteobacteria;o__HIMB59;f__HIMB59;g__HIMB59*
27-1-8_NODE_478287_length_365_cov_0.986111_1	23-1-16_NODE_682300_length_272_cov_3.733333_1	13	3.7697020578281575e-07	272	1.5872566479089549e-06	root;d__Bacteria;p__Proteobacteria;c__Alphaproteobacteria;o__HIMB59;f__HIMB59;g__HIMB59*	root;d__Bacteria;p__Proteobacteria;c__Alphaproteobacteria;o__HIMB59;f__HIMB59;g__HIMB59*
27-1-8_NODE_478287_length_365_cov_0.986111_1	38-1-14_NODE_1180684_length_231_cov_1.409091_1	4	1.1297210690437504e-07	231	5.3807093888593e-07	root;d__Bacteria;p__Proteobacteria;c__Alphaproteobacteria;o__HIMB59;f__HIMB59;g__HIMB59*	root;d__Bacteria;p__Proteobacteria;c__Alphaproteobacteria;o__HIMB59;f__HIMB59;g__HIMB59*
27-1-8_NODE_478287_length_365_cov_0.986111_1	59-1-24_NODE_841849_length_265_cov_2.632979_1	8	2.3187220224449973e-07	265	9.645471139453887e-07	root;d__Bacteria;p__Proteobacteria;c__Alphaproteobacteria;o__HIMB59;f__HIMB59;g__HIMB59*	root;d__Bacteria;p__Proteobacteria;c__Alphaproteobacteria;o__HIMB59;f__HIMB59;g__HIMB59*
27-1-8_NODE_478287_length_365_cov_0.986111_1	67-1-15_NODE_1107254_length_230_cov_1.143791_1	10	3.269776935163528e-07	230	1.5674495462693103e-06	root;d__Bacteria;p__Proteobacteria;c__Alphaproteobacteria;o__HIMB59;f__HIMB59;g__HIMB59*	root;d__Bacteria;p__Proteobacteria;c__Alphaproteobacteria;o__HIMB59;f__HIMB59;g__HIMB59*
27-1-8_NODE_478293_length_365_cov_0.982639_1	27-1-8_NODE_478293_length_365_cov_0.982639_1	8	2.0746850303954324e-07	365	5.644178488742321e-07	root;d__Bacteria;p__Proteobacteria;c__Alphaproteobacteria;o__Pelagibacterales;f__Pelagibacteraceae;g__Pelagibacter	root;d__Bacteria;p__Proteobacteria;c__Alphaproteobacteria;o__Pelagibacterales;f__Pelagibacteraceae;g__Pelagibacter
27-1-8_NODE_478293_length_365_cov_0.982639_1	30-1-6_NODE_277410_length_485_cov_1.176471_1	4	1.5270268093225292e-07	485	3.337454146909423e-07	root;d__Bacteria;p__Proteobacteria;c__Alphaproteobacteria;o__Pelagibacterales;f__Pelagibacteraceae;g__Pelagibacter;s__Pelagibacter sp902616645	root;d__Bacteria;p__Proteobacteria;c__Alphaproteobacteria;o__Pelagibacterales;f__Pelagibacteraceae;g__Pelagibacter
27-1-8_NODE_491955_length_359_cov_1.936170_1	27-1-8_NODE_491955_length_359_cov_1.936170_1	9	2.3340206591948615e-07	359	6.455823932979988e-07	root;d__Bacteria;p__Cyanobacteria;c__Cyanobacteriia;o__PCC-6307;f__Cyanobiaceae;g__Synechococcus_E;s__Synechococcus_E sp003211535	root;d__Bacteria;p__Cyanobacteria;c__Cyanobacteriia;o__PCC-6307;f__Cyanobiaceae;g__Synechococcus_E;s__Synechococcus_E sp003211535
27-1-8_NODE_491955_length_359_cov_1.936170_1	29-1-6_NODE_233498_length_523_cov_1.932735_1	7	2.533868959446441e-07	523	5.227840419940583e-07	root;d__Bacteria;p__Cyanobacteria;c__Cyanobacteriia;o__PCC-6307;f__Cyanobiaceae*	root;d__Bacteria;p__Cyanobacteria;c__Cyanobacteriia;o__PCC-6307;f__Cyanobiaceae;g__Synechococcus_E;s__Synechococcus_E sp003211535
27-1-8_NODE_491955_length_359_cov_1.936170_1	30-1-6_NODE_55349_length_1240_cov_2.395529_2	35	1.3361484581572132e-06	1240	1.1422033093505536e-06	root;d__Bacteria;p__Cyanobacteria;c__Cyanobacteriia;o__PCC-6307;f__Cyanobiaceae*	root;d__Bacteria;p__Cyanobacteria;c__Cyanobacteriia;o__PCC-6307;f__Cyanobiaceae;g__Synechococcus_E;s__Synechococcus_E sp003211535
27-1-8_NODE_491958_length_359_cov_1.936170_1	27-1-8_NODE_491958_length_359_cov_1.936170_1	13	3.371363174392578e-07	359	9.325079014304426e-07		
27-1-8_NODE_491958_length_359_cov_1.936170_1	24-1-8_NODE_563873_length_314_cov_0.835443_1	6	1.7471026922503066e-07	314	5.580988257622209e-07		
27-1-8_NODE_491963_length_359_cov_1.925532_1	27-1-8_NODE_491963_length_359_cov_1.925532_1	17	4.408705689590294e-07	359	1.2194334095628865e-06	root;d__Bacteria;p__Proteobacteria;c__Alphaproteobacteria;o__HIMB59;f__HIMB59;g__HIMB59*	root;d__Bacteria;p__Proteobacteria;c__Alphaproteobacteria;o__HIMB59;f__HIMB59;g__HIMB59*
27-1-8_NODE_491963_length_359_cov_1.925532_1	69-1-2_NODE_1578733_length_233_cov_0.916667_1	3	1.1443959084947135e-07	233	4.6309973558208486e-07	root;d__Bacteria;p__Proteobacteria;c__Alphaproteobacteria;o__HIMB59;f__HIMB59;g__HIMB59*	root;d__Bacteria;p__Proteobacteria;c__Alphaproteobacteria;o__HIMB59;f__HIMB59;g__HIMB59*
27-1-8_NODE_491970_length_359_cov_1.911348_1	27-1-8_NODE_491970_length_359_cov_1.911348_1	8	2.0746850303954324e-07	359	5.738510162648877e-07	root;d__Bacteria;p__Actinobacteriota;c__Acidimicrobiia;o__Acidimicrobiales;f__Ilumatobacteraceae;g__UBA2093;s__UBA2093 sp009920715	root;d__Bacteria;p__Actinobacteriota;c__Acidimicrobiia;o__Acidimicrobiales;f__Ilumatobacteraceae;g__UBA2093;s__UBA2093 sp009920715
27-1-8_NODE_491970_length_359_cov_1.911348_1	18-1-3_NODE_1316035_length_231_cov_1.266234_1	1	2.901485682531855e-08	231	1.3373240452025683e-07		root;d__Bacteria;p__Actinobacteriota;c__Acidimicrobiia;o__Acidimicrobiales;f__Ilumatobacteraceae;g__UBA2093;s__UBA2093 sp009920715
27-1-8_NODE_491985_length_359_cov_1.858156_1	27-1-8_NODE_491985_length_359_cov_1.858156_1	8	2.0746850303954324e-07	359	5.738510162648877e-07	root;d__Bacteria;p__Proteobacteria;c__Alphaproteobacteria;o__Rhodobacterales;f__Rhodobacteraceae;g__CACKLF01;s__CACKLF01 sp002725175	root;d__Bacteria;p__Proteobacteria;c__Alphaproteobacteria;o__Rhodobacterales;f__Rhodobacteraceae;g__CACKLF01;s__CACKLF01 sp002725175
27-1-8_NODE_491985_length_359_cov_1.858156_1	28-1-6_NODE_999342_length_252_cov_1.268571_1	3	1.0146284393452076e-07	252	4.14177947951384e-07	root;d__Bacteria;p__Proteobacteria;c__Alphaproteobacteria;o__Rhodobacterales;f__Rhodobacteraceae;g__CACKLF01;s__CACKLF01 sp002725175	root;d__Bacteria;p__Proteobacteria;c__Alphaproteobacteria;o__Rhodobacterales;f__Rhodobacteraceae;g__CACKLF01;s__CACKLF01 sp002725175
27-1-8_NODE_491990_length_359_cov_1.851064_1	27-1-8_NODE_491990_length_359_cov_1.851064_1	9	2.3340206591948615e-07	359	6.455823932979988e-07	root;d__Bacteria;p__Proteobacteria;c__Alphaproteobacteria;o__Pelagibacterales;f__Pelagibacteraceae;g__Pelagibacter	root;d__Bacteria;p__Proteobacteria;c__Alphaproteobacteria;o__Pelagibacterales;f__Pelagibacteraceae;g__Pelagibacter
27-1-8_NODE_491990_length_359_cov_1.851064_1	17-2-10_NODE_490079_length_350_cov_2.597070_1	11	3.723427085616753e-07	350	1.1065143659063782e-06	root;d__Bacteria;p__Proteobacteria;c__Alphaproteobacteria;o__Pelagibacterales;f__Pelagibacteraceae;g__Pelagibacter	root;d__Bacteria;p__Proteobacteria;c__Alphaproteobacteria;o__Pelagibacterales;f__Pelagibacteraceae;g__Pelagibacter
27-1-8_NODE_498919_length_357_cov_0.750000_1	27-1-8_NODE_498919_length_357_cov_0.750000_1	10	2.59335628799429e-07	357	7.213323348707797e-07		
27-1-8_NODE_498919_length_357_cov_0.750000_1	17-2-10_NODE_1024604_length_244_cov_0.886228_1	4	1.3539734856788193e-07	244	5.77168447194087e-07		
27-1-8_NODE_498921_length_357_cov_0.746429_1	27-1-8_NODE_498921_length_357_cov_0.746429_1	4	1.0373425151977162e-07	357	2.8853293394831194e-07	root;d__Bacteria;p__Proteobacteria;c__Alphaproteobacteria;o__TMED127;f__TMED127;g__MED-G10	root;d__Bacteria;p__Proteobacteria;c__Alphaproteobacteria;o__TMED127;f__TMED127;g__MED-G10
27-1-8_NODE_498921_length_357_cov_0.746429_1	59-1-24_NODE_1221527_length_231_cov_2.058442_1	7	2.0288817696393727e-07	231	9.68200701498212e-07	root;d__Bacteria;p__Proteobacteria;c__Alphaproteobacteria;o__TMED127;f__TMED127;g__MED-G10	root;d__Bacteria;p__Proteobacteria;c__Alphaproteobacteria;o__TMED127;f__TMED127;g__MED-G10
27-1-8_NODE_498921_length_357_cov_0.746429_1	67-1-15_NODE_1088011_length_232_cov_0.941935_1	5	1.634888467581764e-07	232	7.769685250903908e-07	root;d__Bacteria;p__Proteobacteria;c__Alphaproteobacteria;o__TMED127;f__TMED127;g__MED-G10	root;d__Bacteria;p__Proteobacteria;c__Alphaproteobacteria;o__TMED127;f__TMED127;g__MED-G10
27-1-8_NODE_498931_length_357_cov_0.746429_1	27-1-8_NODE_498931_length_357_cov_0.746429_1	3	7.780068863982872e-08	357	2.1639970046123395e-07	root;d__Bacteria;p__Proteobacteria;c__Gammaproteobacteria;o__SAR86;f__AG-339-G14;g__AG-339-G14	root;d__Bacteria;p__Proteobacteria;c__Gammaproteobacteria;o__SAR86;f__AG-339-G14;g__AG-339-G14
27-1-8_NODE_498931_length_357_cov_0.746429_1	59-1-24_NODE_574386_length_315_cov_0.932773_1	4	1.1593610112224987e-07	315	4.057221987230603e-07	root;d__Bacteria;p__Proteobacteria;c__Gammaproteobacteria;o__SAR86;f__AG-339-G14;g__AG-339-G14	root;d__Bacteria;p__Proteobacteria;c__Gammaproteobacteria;o__SAR86;f__AG-339-G14;g__AG-339-G14
27-1-8_NODE_498931_length_357_cov_0.746429_1	70-1-10_NODE_417414_length_382_cov_1.950820_1	11	3.9937189692574407e-07	382	1.0354156543447152e-06	root;d__Bacteria;p__Proteobacteria;c__Gammaproteobacteria;o__SAR86;f__AG-339-G14;g__AG-339-G14	root;d__Bacteria;p__Proteobacteria;c__Gammaproteobacteria;o__SAR86;f__AG-339-G14;g__AG-339-G14
27-1-8_NODE_498945_length_357_cov_0.739286_1	27-1-8_NODE_498945_length_357_cov_0.739286_1	7	1.8153494015960034e-07	357	5.049326344095459e-07	root;d__Bacteria	root;d__Bacteria
27-1-8_NODE_498945_length_357_cov_0.739286_1	33-1-10_NODE_1093830_length_249_cov_0.860465_1	3	9.239090097450843e-08	249	3.749478288161319e-07	root;d__Bacteria;p__Cyanobacteria;c__Cyanobacteriia;o__PCC-6307;f__Cyanobiaceae*	root;d__Bacteria
27-1-8_NODE_498954_length_357_cov_0.739286_1	27-1-8_NODE_498954_length_357_cov_0.739286_1	3	7.780068863982872e-08	357	2.1639970046123395e-07	root;d__Bacteria	root;d__Bacteria
27-1-8_NODE_498976_length_357_cov_0.728571_1	27-1-8_NODE_498976_length_357_cov_0.728571_1	6	1.5560137727965744e-07	357	4.327994009224679e-07	root;d__Bacteria;p__Planctomycetota;c__Phycisphaerae;o__Phycisphaerales;f__SM1A02;g__UBA8087	root;d__Bacteria;p__Planctomycetota;c__Phycisphaerae;o__Phycisphaerales;f__SM1A02;g__UBA8087
27-1-8_NODE_498976_length_357_cov_0.728571_1	18-1-3_NODE_932889_length_264_cov_0.791444_1	2	5.80297136506371e-08	264	2.3403170791044944e-07	root;d__Bacteria;p__Planctomycetota;c__Phycisphaerae;o__Phycisphaerales;f__SM1A02;g__UBA8087	root;d__Bacteria;p__Planctomycetota;c__Phycisphaerae;o__Phycisphaerales;f__SM1A02;g__UBA8087
27-1-8_NODE_498992_length_357_cov_0.721429_1	27-1-8_NODE_498992_length_357_cov_0.721429_1	8	2.0746850303954324e-07	357	5.770658678966239e-07	root;d__Bacteria;p__Proteobacteria;c__Alphaproteobacteria;o__Pelagibacterales;f__Pelagibacteraceae;g__Pelagibacter	root;d__Bacteria;p__Proteobacteria;c__Alphaproteobacteria;o__Pelagibacterales;f__Pelagibacteraceae;g__Pelagibacter
27-1-8_NODE_498992_length_357_cov_0.721429_1	58-1-2_NODE_723404_length_285_cov_0.831731_1	1	3.817075074614275e-08	285	1.341353989625078e-07	root;d__Bacteria;p__Proteobacteria;c__Alphaproteobacteria;o__Pelagibacterales;f__Pelagibacteraceae;g__Pelagibacter	root;d__Bacteria;p__Proteobacteria;c__Alphaproteobacteria;o__Pelagibacterales;f__Pelagibacteraceae;g__Pelagibacter
27-1-8_NODE_498998_length_357_cov_0.717857_2	27-1-8_NODE_498998_length_357_cov_0.717857_2	7	1.8153494015960034e-07	357	5.049326344095459e-07	root;d__Bacteria;p__Proteobacteria;c__Gammaproteobacteria;o__Pseudomonadales;f__HTCC2089;g__UBA4421	root;d__Bacteria;p__Proteobacteria;c__Gammaproteobacteria;o__Pseudomonadales;f__HTCC2089;g__UBA4421
27-1-8_NODE_498998_length_357_cov_0.717857_2	31-1-16_NODE_747251_length_279_cov_0.603960_1	4	1.2491803034995975e-07	279	4.612097465903504e-07		root;d__Bacteria;p__Proteobacteria;c__Gammaproteobacteria;o__Pseudomonadales;f__HTCC2089;g__UBA4421
27-1-8_NODE_516060_length_350_cov_1.333333_1	27-1-8_NODE_516060_length_350_cov_1.333333_1	4	1.0373425151977162e-07	350	2.943035926272782e-07		
27-1-8_NODE_516060_length_350_cov_1.333333_1	17-2-10_NODE_761437_length_274_cov_0.746193_1	6	2.030960228518229e-07	274	7.709622323833425e-07		
27-1-8_NODE_516078_length_350_cov_1.322344_1	27-1-8_NODE_516078_length_350_cov_1.322344_1	7	1.8153494015960034e-07	350	5.150312870977368e-07	root;d__Bacteria;p__Proteobacteria;c__Alphaproteobacteria;o__Pelagibacterales;f__Pelagibacteraceae;g__Pelagibacter_A	root;d__Bacteria;p__Proteobacteria;c__Alphaproteobacteria;o__Pelagibacterales;f__Pelagibacteraceae;g__Pelagibacter_A
27-1-8_NODE_516078_length_350_cov_1.322344_1	38-1-14_NODE_489933_length_340_cov_0.882129_1	4	1.1297210690437504e-07	340	3.6557172612544063e-07	root;d__Bacteria;p__Proteobacteria;c__Alphaproteobacteria;o__Pelagibacterales;f__Pelagibacteraceae;g__Pelagibacter_A	root;d__Bacteria;p__Proteobacteria;c__Alphaproteobacteria;o__Pelagibacterales;f__Pelagibacteraceae;g__Pelagibacter_A
27-1-8_NODE_516078_length_350_cov_1.322344_1	70-1-10_NODE_1247999_length_238_cov_1.285714_1	8	2.904522886732684e-07	238	1.2086440946055958e-06	root;d__Bacteria;p__Proteobacteria;c__Alphaproteobacteria;o__Pelagibacterales;f__Pelagibacteraceae;g__Pelagibacter_A	root;d__Bacteria;p__Proteobacteria;c__Alphaproteobacteria;o__Pelagibacterales;f__Pelagibacteraceae;g__Pelagibacter_A
27-1-8_NODE_516081_length_350_cov_1.322344_1	27-1-8_NODE_516081_length_350_cov_1.322344_1	5	1.296678143997145e-07	350	3.6787949078409764e-07	root;d__Bacteria;p__Proteobacteria;c__Alphaproteobacteria;o__TMED109;f__TMED131;g__GCA-2732015	root;d__Bacteria;p__Proteobacteria;c__Alphaproteobacteria;o__TMED109;f__TMED131;g__GCA-2732015
27-1-8_NODE_516081_length_350_cov_1.322344_1	18-1-1_NODE_967175_length_270_cov_2.300518_1	6	1.738934262836204e-07	270	6.319927126400068e-07	root;d__Bacteria;p__Proteobacteria;c__Alphaproteobacteria;o__TMED109;f__TMED131;g__GCA-2732015	root;d__Bacteria;p__Proteobacteria;c__Alphaproteobacteria;o__TMED109;f__TMED131;g__GCA-2732015
27-1-8_NODE_516081_length_350_cov_1.322344_1	28-1-6_NODE_1243010_length_232_cov_1.877419_1	5	1.6910473989086792e-07	232	7.498049057740572e-07	root;d__Bacteria;p__Proteobacteria;c__Alphaproteobacteria;o__TMED109;f__TMED131;g__GCA-2732015	root;d__Bacteria;p__Proteobacteria;c__Alphaproteobacteria;o__TMED109;f__TMED131;g__GCA-2732015
27-1-8_NODE_516081_length_350_cov_1.322344_1	34-1-24_NODE_279469_length_452_cov_1.069333_1	6	2.025303466408148e-07	452	4.762373290529021e-07	root;d__Bacteria	root;d__Bacteria;p__Proteobacteria;c__Alphaproteobacteria;o__TMED109;f__TMED131;g__GCA-2732015
27-1-8_NODE_516083_length_350_cov_1.322344_1	27-1-8_NODE_516083_length_350_cov_1.322344_1	5	1.296678143997145e-07	350	3.6787949078409764e-07	root;d__Bacteria;p__Proteobacteria;c__Alphaproteobacteria;o__HIMB59;f__HIMB59;g__HIMB59*	root;d__Bacteria;p__Proteobacteria;c__Alphaproteobacteria;o__HIMB59;f__HIMB59;g__HIMB59*
27-1-8_NODE_516083_length_350_cov_1.322344_1	70-1-10_NODE_1024034_length_255_cov_0.831461_1	2	7.26130721683171e-08	255	2.820169554079723e-07	root;d__Bacteria;p__Proteobacteria;c__Alphaproteobacteria;o__HIMB59;f__HIMB59;g__HIMB59*	root;d__Bacteria;p__Proteobacteria;c__Alphaproteobacteria;o__HIMB59;f__HIMB59;g__HIMB59*
27-1-8_NODE_527769_length_346_cov_0.988848_1	27-1-8_NODE_527769_length_346_cov_0.988848_1	5	1.296678143997145e-07	346	3.7213243287408725e-07	root;d__Bacteria;p__Bacteroidota;c__Bacteroidia;o__Flavobacteriales;f__UA16;g__UBA8752	root;d__Bacteria;p__Bacteroidota;c__Bacteroidia;o__Flavobacteriales;f__UA16;g__UBA8752
27-1-8_NODE_527769_length_346_cov_0.988848_1	17-2-10_NODE_104253_length_874_cov_0.963614_1	12	4.061920457036458e-07	874	4.833950839199905e-07	root;d__Bacteria;p__Bacteroidota;c__Bacteroidia;o__Flavobacteriales;f__UA16;g__UBA8752	root;d__Bacteria;p__Bacteroidota;c__Bacteroidia;o__Flavobacteriales;f__UA16;g__UBA8752
27-1-8_NODE_527769_length_346_cov_0.988848_1	19-1-12_NODE_348927_length_442_cov_0.991781_1	8	2.3052918781916046e-07	442	5.320706802475346e-07	root;d__Bacteria;p__Bacteroidota;c__Bacteroidia;o__Flavobacteriales;f__UA16;g__UBA8752	root;d__Bacteria;p__Bacteroidota;c__Bacteroidia;o__Flavobacteriales;f__UA16;g__UBA8752
27-1-8_NODE_527769_length_346_cov_0.988848_1	70-1-10_NODE_676975_length_291_cov_0.588785_1	2	7.26130721683171e-08	291	2.47128259893584e-07	root;d__Bacteria;p__Bacteroidota;c__Bacteroidia;o__Flavobacteriales;f__UA16;g__UBA8752	root;d__Bacteria;p__Bacteroidota;c__Bacteroidia;o__Flavobacteriales;f__UA16;g__UBA8752
27-1-8_NODE_527770_length_346_cov_0.988848_1	27-1-8_NODE_527770_length_346_cov_0.988848_1	4	1.0373425151977162e-07	346	2.977059462992698e-07		
27-1-8_NODE_527770_length_346_cov_0.988848_1	58-1-10_NODE_1033855_length_237_cov_0.725000_1	2	7.626649863631687e-08	237	3.6369231599100857e-07		
27-1-8_NODE_527776_length_346_cov_0.985130_1	27-1-8_NODE_527776_length_346_cov_0.985130_1	4	1.0373425151977162e-07	346	2.977059462992698e-07	root;d__Bacteria;p__Proteobacteria;c__Alphaproteobacteria;o__Rhodobacterales;f__Rhodobacteraceae*	root;d__Bacteria;p__Proteobacteria;c__Alphaproteobacteria;o__Rhodobacterales;f__Rhodobacteraceae*
27-1-8_NODE_527776_length_346_cov_0.985130_1	17-2-10_NODE_380919_length_408_cov_1.193353_1	5	1.6924668570985242e-07	408	4.3146170684852094e-07	root;d__Bacteria;p__Proteobacteria;c__Alphaproteobacteria;o__Rhodobacterales;f__Rhodobacteraceae*	root;d__Bacteria;p__Proteobacteria;c__Alphaproteobacteria;o__Rhodobacterales;f__Rhodobacteraceae*
27-1-8_NODE_527776_length_346_cov_0.985130_1	23-1-16_NODE_8722_length_3640_cov_1.941622_4	109	3.1607501869482244e-06	3640	9.944840468555515e-07	root;d__Bacteria;p__Proteobacteria;c__Alphaproteobacteria;o__Rhodobacterales;f__Rhodobacteraceae*	root;d__Bacteria;p__Proteobacteria;c__Alphaproteobacteria;o__Rhodobacterales;f__Rhodobacteraceae*
27-1-8_NODE_527776_length_346_cov_0.985130_1	24-1-8_NODE_611526_length_299_cov_2.234234_2	9	2.62065403837546e-07	299	8.791456419197525e-07	root;d__Bacteria;p__Proteobacteria;c__Alphaproteobacteria;o__Rhodobacterales;f__Rhodobacteraceae;g__LFER01;s__LFER01 sp011525185	root;d__Bacteria;p__Proteobacteria;c__Alphaproteobacteria;o__Rhodobacterales;f__Rhodobacteraceae*
27-1-8_NODE_527776_length_346_cov_0.985130_1	29-1-6_NODE_295809_length_454_cov_1.816976_1	12	4.3437753590510416e-07	454	1.0324080074118028e-06	root;d__Bacteria;p__Proteobacteria;c__Alphaproteobacteria;o__Rhodobacterales;f__Rhodobacteraceae*	root;d__Bacteria;p__Proteobacteria;c__Alphaproteobacteria;o__Rhodobacterales;f__Rhodobacteraceae*
27-1-8_NODE_527776_length_346_cov_0.985130_1	30-1-6_NODE_58658_length_1200_cov_1.776492_2	26	9.92567426059644e-07	1200	8.767770165109963e-07	root;d__Bacteria;p__Proteobacteria;c__Alphaproteobacteria;o__Rhodobacterales;f__Rhodobacteraceae*	root;d__Bacteria;p__Proteobacteria;c__Alphaproteobacteria;o__Rhodobacterales;f__Rhodobacteraceae*
27-1-8_NODE_527776_length_346_cov_0.985130_1	33-1-10_NODE_1023966_length_255_cov_0.780899_1	2	6.159393398300562e-08	255	2.4408368464108977e-07	root;d__Bacteria;p__Proteobacteria;c__Alphaproteobacteria;o__Rhodobacterales;f__Rhodobacteraceae;g__LFER01;s__LFER01 sp011525185	root;d__Bacteria;p__Proteobacteria;c__Alphaproteobacteria;o__Rhodobacterales;f__Rhodobacteraceae*
27-1-8_NODE_527776_length_346_cov_0.985130_1	54-1-10_NODE_585701_length_294_cov_0.829493_2	3	1.01478913087776e-07	294	3.738569526323242e-07	root;d__Bacteria;p__Proteobacteria;c__Alphaproteobacteria;o__Rhodobacterales;f__Rhodobacteraceae*	root;d__Bacteria;p__Proteobacteria;c__Alphaproteobacteria;o__Rhodobacterales;f__Rhodobacteraceae*
27-1-8_NODE_527776_length_346_cov_0.985130_1	58-1-10_NODE_238396_length_464_cov_1.434109_1	7	2.6693274522710904e-07	464	6.501783967985811e-07	root;d__Bacteria;p__Proteobacteria;c__Alphaproteobacteria;o__Rhodobacterales;f__Rhodobacteraceae;g__LFER01;s__LFER01 sp011525185	root;d__Bacteria;p__Proteobacteria;c__Alphaproteobacteria;o__Rhodobacterales;f__Rhodobacteraceae*
27-1-8_NODE_527776_length_346_cov_0.985130_1	59-1-24_NODE_634558_length_297_cov_1.104545_1	4	1.1593610112224987e-07	297	4.303114228880942e-07	root;d__Bacteria;p__Proteobacteria;c__Alphaproteobacteria;o__Rhodobacterales;f__Rhodobacteraceae*	root;d__Bacteria;p__Proteobacteria;c__Alphaproteobacteria;o__Rhodobacterales;f__Rhodobacteraceae*
27-1-8_NODE_527776_length_346_cov_0.985130_1	67-1-15_NODE_128474_length_645_cov_1.445423_2	12	3.9237323221962334e-07	645	6.707225965431468e-07	root;d__Bacteria;p__Proteobacteria;c__Alphaproteobacteria;o__Rhodobacterales;f__Rhodobacteraceae;g__LFER01;s__LFER01 sp011525185	root;d__Bacteria;p__Proteobacteria;c__Alphaproteobacteria;o__Rhodobacterales;f__Rhodobacteraceae*
27-1-8_NODE_527781_length_346_cov_0.981413_1	27-1-8_NODE_527781_length_346_cov_0.981413_1	7	1.8153494015960034e-07	346	5.209854060237222e-07	root;d__Bacteria;p__Actinobacteriota;c__Acidimicrobiia;o__Acidimicrobiales;f__UBA8592;g__UBA8592;s__UBA8592 sp002715405	root;d__Bacteria;p__Actinobacteriota;c__Acidimicrobiia;o__Acidimicrobiales;f__UBA8592;g__UBA8592;s__UBA8592 sp002715405
27-1-8_NODE_527781_length_346_cov_0.981413_1	27-1-8_NODE_954662_length_267_cov_0.778947_1	2	5.186712575988581e-08	267	1.9289561314521978e-07	root;d__Bacteria;p__Actinobacteriota;c__Acidimicrobiia;o__Acidimicrobiales;f__UBA8592;g__UBA8592;s__UBA8592 sp002715405	root;d__Bacteria;p__Actinobacteriota;c__Acidimicrobiia;o__Acidimicrobiales;f__UBA8592;g__UBA8592;s__UBA8592 sp002715405
27-1-8_NODE_527790_length_346_cov_0.977695_2	27-1-8_NODE_527790_length_346_cov_0.977695_2	3	7.780068863982872e-08	346	2.2327945972445237e-07		
27-1-8_NODE_527790_length_346_cov_0.977695_2	27-1-4_NODE_751282_length_290_cov_1.300469_1	4	1.2741819831304677e-07	290	4.1307619621083535e-07		
27-1-8_NODE_527795_length_346_cov_0.977695_1	27-1-8_NODE_527795_length_346_cov_0.977695_1	6	1.5560137727965744e-07	346	4.4655891944890474e-07		
27-1-8_NODE_527795_length_346_cov_0.977695_1	33-1-10_NODE_1182967_length_242_cov_1.036364_1	4	1.2318786796601124e-07	242	5.143912362270899e-07		
27-1-8_NODE_527799_length_346_cov_0.977695_1	27-1-8_NODE_527799_length_346_cov_0.977695_1	6	1.5560137727965744e-07	346	4.4655891944890474e-07	root;d__Bacteria	root;d__Bacteria
27-1-8_NODE_527799_length_346_cov_0.977695_1	17-2-2_NODE_817083_length_274_cov_0.751269_1	2	8.1144152018051e-08	274	2.6223821268778194e-07	root;d__Bacteria	root;d__Bacteria
27-1-8_NODE_527805_length_346_cov_0.973978_1	27-1-8_NODE_527805_length_346_cov_0.973978_1	3	7.780068863982872e-08	346	2.2327945972445237e-07		
27-1-8_NODE_527805_length_346_cov_0.973978_1	24-1-8_NODE_819247_length_266_cov_0.835979_1	3	8.735513461251533e-08	266	3.294041941528897e-07		
27-1-8_NODE_527805_length_346_cov_0.973978_1	54-1-10_NODE_175099_length_566_cov_1.145194_1	8	2.7061043490073605e-07	566	5.178513266143856e-07		
27-1-8_NODE_527807_length_346_cov_0.970260_1	27-1-8_NODE_527807_length_346_cov_0.970260_1	4	1.0373425151977162e-07	346	2.977059462992698e-07	root;d__Bacteria;p__Verrucomicrobiota;c__Verrucomicrobiae;o__Opitutales;f__MB11C04;g__MB11C04	root;d__Bacteria;p__Verrucomicrobiota;c__Verrucomicrobiae;o__Opitutales;f__MB11C04;g__MB11C04
27-1-8_NODE_527807_length_346_cov_0.970260_1	59-1-24_NODE_742805_length_277_cov_0.600000_1	2	5.796805056112493e-08	277	2.3069041985155957e-07	root;d__Bacteria;p__Verrucomicrobiota;c__Verrucomicrobiae;o__Opitutales;f__MB11C04;g__MB11C04;s__MB11C04 sp002686835	root;d__Bacteria;p__Verrucomicrobiota;c__Verrucomicrobiae;o__Opitutales;f__MB11C04;g__MB11C04
27-1-8_NODE_527807_length_346_cov_0.970260_2	27-1-8_NODE_527807_length_346_cov_0.970260_2	4	1.0373425151977162e-07	346	2.977059462992698e-07	root;d__Bacteria;p__Verrucomicrobiota;c__Verrucomicrobiae;o__Opitutales;f__MB11C04;g__MB11C04	root;d__Bacteria;p__Verrucomicrobiota;c__Verrucomicrobiae;o__Opitutales;f__MB11C04;g__MB11C04
27-1-8_NODE_527807_length_346_cov_0.970260_2	59-1-24_NODE_742805_length_277_cov_0.600000_2	2	5.796805056112493e-08	277	2.3069041985155957e-07	root;d__Bacteria;p__Verrucomicrobiota;c__Verrucomicrobiae;o__Opitutales;f__MB11C04;g__MB11C04;s__MB11C04 sp002686835	root;d__Bacteria;p__Verrucomicrobiota;c__Verrucomicrobiae;o__Opitutales;f__MB11C04;g__MB11C04
27-1-8_NODE_527817_length_346_cov_0.970260_1	27-1-8_NODE_527817_length_346_cov_0.970260_1	4	1.0373425151977162e-07	346	2.977059462992698e-07		
27-1-8_NODE_527817_length_346_cov_0.970260_1	17-2-6_NODE_925245_length_282_cov_0.648780_1	2	5.802138714747366e-08	282	1.869978603357005e-07		
27-1-8_NODE_527817_length_346_cov_0.970260_1	18-1-6_NODE_927933_length_267_cov_0.773684_1	2	6.299185616086809e-08	267	2.1324743490155862e-07		
27-1-8_NODE_527818_length_346_cov_0.966543_1	27-1-8_NODE_527818_length_346_cov_0.966543_1	6	1.5560137727965744e-07	346	4.4655891944890474e-07		
27-1-8_NODE_527818_length_346_cov_0.966543_1	18-1-3_NODE_334655_length_454_cov_1.854111_1	10	2.901485682531855e-07	454	6.804446133079147e-07		
27-1-8_NODE_527818_length_346_cov_0.966543_1	67-1-2_NODE_397093_length_390_cov_1.623003_1	5	1.690208910497421e-07	390	4.215301462184824e-07	root;d__Bacteria;p__Cyanobacteria;c__Cyanobacteriia;o__PCC-6307;f__Cyanobiaceae;g__Synechococcus_C	
27-1-8_NODE_527821_length_346_cov_0.966543_1	27-1-8_NODE_527821_length_346_cov_0.966543_1	4	1.0373425151977162e-07	346	2.977059462992698e-07	root;d__Bacteria	root;d__Bacteria
27-1-8_NODE_527821_length_346_cov_0.966543_1	23-1-10_NODE_795639_length_269_cov_0.901042_1	4	1.5958744729824037e-07	269	5.226296109843162e-07	root;d__Bacteria	root;d__Bacteria
27-1-8_NODE_527851_length_346_cov_0.951673_1	27-1-8_NODE_527851_length_346_cov_0.951673_1	4	1.0373425151977162e-07	346	2.977059462992698e-07		
27-1-8_NODE_527851_length_346_cov_0.951673_1	17-2-10_NODE_761007_length_274_cov_0.751269_1	2	6.769867428394097e-08	274	2.569874107944475e-07		
27-1-8_NODE_541581_length_341_cov_1.261364_1	27-1-8_NODE_541581_length_341_cov_1.261364_1	4	1.0373425151977162e-07	341	3.020711361277049e-07	root;d__Bacteria;p__Marinisomatota;c__Marinisomatia;o__SCGC-AAA003-L08	root;d__Bacteria;p__Marinisomatota;c__Marinisomatia;o__SCGC-AAA003-L08
27-1-8_NODE_541581_length_341_cov_1.261364_1	18-1-1_NODE_633875_length_327_cov_0.576000_1	3	8.69467131418102e-08	327	2.609144226495441e-07	root;d__Bacteria;p__Marinisomatota;c__Marinisomatia;o__SCGC-AAA003-L08	root;d__Bacteria;p__Marinisomatota;c__Marinisomatia;o__SCGC-AAA003-L08
27-1-8_NODE_541583_length_341_cov_1.257576_1	27-1-8_NODE_541583_length_341_cov_1.257576_1	5	1.296678143997145e-07	341	3.77588920159631e-07		
27-1-8_NODE_541583_length_341_cov_1.257576_1	17-2-10_NODE_601452_length_310_cov_0.682403_1	2	6.769867428394097e-08	310	2.2714371147638263e-07		
27-1-8_NODE_541583_length_341_cov_1.257576_1	29-1-6_NODE_189387_length_591_cov_1.856031_2	13	4.7057566389719616e-07	591	8.591754173356545e-07		
27-1-8_NODE_541585_length_341_cov_1.257576_1	27-1-8_NODE_541585_length_341_cov_1.257576_1	4	1.0373425151977162e-07	341	3.020711361277049e-07	root;d__Bacteria;p__Proteobacteria;c__Alphaproteobacteria;o__Pelagibacterales;f__Pelagibacteraceae;g__Pelagibacter	root;d__Bacteria;p__Proteobacteria;c__Alphaproteobacteria;o__Pelagibacterales;f__Pelagibacteraceae;g__Pelagibacter
27-1-8_NODE_541585_length_341_cov_1.257576_1	23-1-16_NODE_556173_length_301_cov_0.660714_1	4	1.1599083254855869e-07	301	4.4133279655633603e-07	root;d__Bacteria;p__Proteobacteria;c__Alphaproteobacteria;o__Pelagibacterales;f__Pelagibacteraceae;g__Pelagibacter	root;d__Bacteria;p__Proteobacteria;c__Alphaproteobacteria;o__Pelagibacterales;f__Pelagibacteraceae;g__Pelagibacter
27-1-8_NODE_541620_length_341_cov_1.234848_1	27-1-8_NODE_541620_length_341_cov_1.234848_1	4	1.0373425151977162e-07	341	3.020711361277049e-07	root;d__Bacteria;p__Verrucomicrobiota;c__Verrucomicrobiae;o__Opitutales;f__DSM-45221;g__BACL24;s__BACL24 sp003485085	root;d__Bacteria;p__Verrucomicrobiota;c__Verrucomicrobiae;o__Opitutales;f__DSM-45221;g__BACL24;s__BACL24 sp003485085
27-1-8_NODE_541620_length_341_cov_1.234848_1	29-1-6_NODE_997859_length_234_cov_1.738854_1	6	2.1718876795255208e-07	234	1.0015240071900825e-06	root;d__Bacteria;p__Verrucomicrobiota;c__Verrucomicrobiae;o__Opitutales;f__MB11C04;g__MB11C04	root;d__Bacteria;p__Verrucomicrobiota;c__Verrucomicrobiae;o__Opitutales;f__DSM-45221;g__BACL24;s__BACL24 sp003485085
27-1-8_NODE_541620_length_341_cov_1.234848_1	31-1-16_NODE_1041834_length_249_cov_0.860465_1	3	9.36885227624698e-08	249	3.8758288945393896e-07	root;d__Bacteria;p__Verrucomicrobiota;c__Verrucomicrobiae;o__Opitutales;f__DSM-45221;g__BACL24;s__BACL24 sp003485085	root;d__Bacteria;p__Verrucomicrobiota;c__Verrucomicrobiae;o__Opitutales;f__DSM-45221;g__BACL24;s__BACL24 sp003485085
27-1-8_NODE_541637_length_341_cov_1.223485_1	27-1-8_NODE_541637_length_341_cov_1.223485_1	5	1.296678143997145e-07	341	3.77588920159631e-07	root;d__Bacteria;p__Bacteroidota;c__Bacteroidia;o__Flavobacteriales;f__Schleiferiaceae;g__RFXV01;s__RFXV01 sp009921445*	root;d__Bacteria;p__Bacteroidota;c__Bacteroidia;o__Flavobacteriales;f__Schleiferiaceae;g__RFXV01;s__RFXV01 sp009921445*
27-1-8_NODE_541637_length_341_cov_1.223485_1	19-1-12_NODE_500435_length_354_cov_0.848375_2	5	1.4408074238697528e-07	354	4.152105237807385e-07	root;d__Bacteria;p__Bacteroidota;c__Bacteroidia;o__Flavobacteriales;f__Schleiferiaceae;g__RFXV01;s__RFXV01 sp009921445*	root;d__Bacteria;p__Bacteroidota;c__Bacteroidia;o__Flavobacteriales;f__Schleiferiaceae;g__RFXV01;s__RFXV01 sp009921445*
27-1-8_NODE_541637_length_341_cov_1.223485_1	28-1-6_NODE_109049_length_802_cov_1.187586_1	11	3.720304277599094e-07	802	4.771825734502228e-07	root;d__Bacteria;p__Bacteroidota;c__Bacteroidia;o__Flavobacteriales;f__Schleiferiaceae;g__RFXV01;s__RFXV01 sp009921445*	root;d__Bacteria;p__Bacteroidota;c__Bacteroidia;o__Flavobacteriales;f__Schleiferiaceae;g__RFXV01;s__RFXV01 sp009921445*
27-1-8_NODE_541637_length_341_cov_1.223485_1	31-1-16_NODE_1097989_length_244_cov_0.886228_1	2	6.245901517497987e-08	244	2.6368344118587654e-07	root;d__Bacteria;p__Bacteroidota;c__Bacteroidia;o__Flavobacteriales;f__Schleiferiaceae;g__RFXV01;s__RFXV01 sp009921445*	root;d__Bacteria;p__Bacteroidota;c__Bacteroidia;o__Flavobacteriales;f__Schleiferiaceae;g__RFXV01;s__RFXV01 sp009921445*
27-1-8_NODE_541637_length_341_cov_1.223485_1	59-1-24_NODE_236023_length_524_cov_1.295302_2	8	2.3187220224449973e-07	524	4.877957732739084e-07	root;d__Bacteria;p__Bacteroidota;c__Bacteroidia;o__Flavobacteriales;f__Schleiferiaceae;g__RFXV01;s__RFXV01 sp009921445*	root;d__Bacteria;p__Bacteroidota;c__Bacteroidia;o__Flavobacteriales;f__Schleiferiaceae;g__RFXV01;s__RFXV01 sp009921445*
27-1-8_NODE_541639_length_341_cov_1.219697_1	27-1-8_NODE_541639_length_341_cov_1.219697_1	7	1.8153494015960034e-07	341	5.286244882234835e-07	root;d__Bacteria;p__Proteobacteria;c__Alphaproteobacteria;o__HIMB59;f__GCA-002718135	root;d__Bacteria;p__Proteobacteria;c__Alphaproteobacteria;o__HIMB59;f__GCA-002718135
27-1-8_NODE_541639_length_341_cov_1.219697_1	56-1-2_NODE_1653134_length_229_cov_0.973684_1	2	6.819084571991633e-08	229	2.762225737797571e-07	root;d__Bacteria;p__Proteobacteria;c__Alphaproteobacteria;o__HIMB59;f__GCA-002718135	root;d__Bacteria;p__Proteobacteria;c__Alphaproteobacteria;o__HIMB59;f__GCA-002718135
27-1-8_NODE_541645_length_341_cov_1.215909_2	27-1-8_NODE_541645_length_341_cov_1.215909_2	5	1.296678143997145e-07	341	3.77588920159631e-07	root;d__Bacteria;p__Cyanobacteria;c__Cyanobacteriia;o__PCC-6307;f__Cyanobiaceae;g__Prochlorococcus_A	root;d__Bacteria;p__Cyanobacteria;c__Cyanobacteriia;o__PCC-6307;f__Cyanobiaceae;g__Prochlorococcus_A
27-1-8_NODE_541645_length_341_cov_1.215909_2	38-1-14_NODE_331100_length_431_cov_1.426554_2	7	1.9770118708265633e-07	431	5.046755847903414e-07	root;d__Bacteria;p__Cyanobacteria;c__Cyanobacteriia;o__PCC-6307;f__Cyanobiaceae;g__Prochlorococcus_A	root;d__Bacteria;p__Cyanobacteria;c__Cyanobacteriia;o__PCC-6307;f__Cyanobiaceae;g__Prochlorococcus_A
27-1-8_NODE_541650_length_341_cov_1.215909_1	27-1-8_NODE_541650_length_341_cov_1.215909_1	9	2.3340206591948615e-07	341	6.796600562873359e-07	root;d__Bacteria;p__Verrucomicrobiota;c__Verrucomicrobiae;o__Opitutales;f__DSM-45221;g__GCA-2690565	root;d__Bacteria;p__Verrucomicrobiota;c__Verrucomicrobiae;o__Opitutales;f__DSM-45221;g__GCA-2690565
27-1-8_NODE_541650_length_341_cov_1.215909_1	28-1-6_NODE_1009273_length_251_cov_1.890805_1	8	2.7056758382538865e-07	251	1.1088748247941434e-06	root;d__Bacteria;p__Verrucomicrobiota;c__Verrucomicrobiae;o__Opitutales	root;d__Bacteria;p__Verrucomicrobiota;c__Verrucomicrobiae;o__Opitutales;f__DSM-45221;g__GCA-2690565
27-1-8_NODE_541659_length_341_cov_1.208333_1	27-1-8_NODE_541659_length_341_cov_1.208333_1	11	2.85269191679372e-07	341	8.306956243511885e-07	root;d__Bacteria;p__Myxococcota;c__UBA727;o__UBA4151;f__UBA4151;g__UBA4151	root;d__Bacteria;p__Myxococcota;c__UBA727;o__UBA4151;f__UBA4151;g__UBA4151
27-1-8_NODE_541659_length_341_cov_1.208333_1	59-1-24_NODE_961978_length_254_cov_1.163842_1	3	8.695207584168739e-08	254	3.7736956475717705e-07	root;d__Bacteria;p__Myxococcota;c__UBA727;o__UBA4151;f__UBA4151;g__UBA4151	root;d__Bacteria;p__Myxococcota;c__UBA727;o__UBA4151;f__UBA4151;g__UBA4151
27-1-8_NODE_552347_length_337_cov_3.869231_1	27-1-8_NODE_552347_length_337_cov_3.869231_1	21	5.44604820478801e-07	337	1.604696888583453e-06	root;d__Bacteria;p__Proteobacteria;c__Alphaproteobacteria;o__Pelagibacterales;f__Pelagibacteraceae;g__Pelagibacter	root;d__Bacteria;p__Proteobacteria;c__Alphaproteobacteria;o__Pelagibacterales;f__Pelagibacteraceae;g__Pelagibacter
27-1-8_NODE_552347_length_337_cov_3.869231_1	19-1-6_NODE_1475309_length_230_cov_1.398693_1	6	2.0314638538927859e-07	230	7.714277074246804e-07	root;d__Bacteria;p__Proteobacteria;c__Alphaproteobacteria;o__Pelagibacterales;f__Pelagibacteraceae;g__Pelagibacter	root;d__Bacteria;p__Proteobacteria;c__Alphaproteobacteria;o__Pelagibacterales;f__Pelagibacteraceae;g__Pelagibacter
27-1-8_NODE_552347_length_337_cov_3.869231_1	27-1-8_NODE_919957_length_269_cov_3.786458_1	9	2.3340206591948615e-07	269	8.615765025798571e-07	root;d__Bacteria;p__Proteobacteria;c__Alphaproteobacteria;o__Pelagibacterales;f__Pelagibacteraceae;g__Pelagibacter	root;d__Bacteria;p__Proteobacteria;c__Alphaproteobacteria;o__Pelagibacterales;f__Pelagibacteraceae;g__Pelagibacter
27-1-8_NODE_552347_length_337_cov_3.869231_1	59-1-24_NODE_1257385_length_226_cov_2.416107_1	4	1.1593610112224987e-07	226	5.654977548573628e-07	root;d__Bacteria;p__Proteobacteria;c__Alphaproteobacteria;o__Pelagibacterales;f__Pelagibacteraceae;g__Pelagibacter	root;d__Bacteria;p__Proteobacteria;c__Alphaproteobacteria;o__Pelagibacterales;f__Pelagibacteraceae;g__Pelagibacter
27-1-8_NODE_552367_length_337_cov_3.203846_1	27-1-8_NODE_552367_length_337_cov_3.203846_1	18	4.668041318389723e-07	337	1.375454475928674e-06	root;d__Bacteria;p__Cyanobacteria;c__Cyanobacteriia;o__PCC-6307;f__Cyanobiaceae;g__Synechococcus_E	root;d__Bacteria;p__Cyanobacteria;c__Cyanobacteriia;o__PCC-6307;f__Cyanobiaceae;g__Synechococcus_E
27-1-8_NODE_552367_length_337_cov_3.203846_1	38-1-14_NODE_605825_length_299_cov_2.256757_1	15	4.236454008914064e-07	299	1.5588760896653406e-06	root;d__Bacteria;p__Cyanobacteria;c__Cyanobacteriia;o__PCC-6307;f__Cyanobiaceae*	root;d__Bacteria;p__Cyanobacteria;c__Cyanobacteriia;o__PCC-6307;f__Cyanobiaceae;g__Synechococcus_E
27-1-8_NODE_552367_length_337_cov_3.203846_1	67-1-15_NODE_1141206_length_129_cov_3.365385_1	4	1.307910774065411e-07	129	1.1178709942385778e-06		root;d__Bacteria;p__Cyanobacteria;c__Cyanobacteriia;o__PCC-6307;f__Cyanobiaceae;g__Synechococcus_E
27-1-8_NODE_552422_length_337_cov_2.607692_3	27-1-8_NODE_552422_length_337_cov_2.607692_3	10	2.59335628799429e-07	337	7.641413755159299e-07		
27-1-8_NODE_552422_length_337_cov_2.607692_3	34-1-24_NODE_81289_length_899_cov_0.869830_4	13	4.388157510550987e-07	899	5.187932045819156e-07		
27-1-8_NODE_557462_length_336_cov_0.810811_1	27-1-8_NODE_557462_length_336_cov_0.810811_1	3	7.780068863982872e-08	336	2.2992468174006107e-07	root;d__Bacteria;p__Proteobacteria;c__Gammaproteobacteria;o__SAR86;f__AG-339-G14;g__AG-339-G14	root;d__Bacteria;p__Proteobacteria;c__Gammaproteobacteria;o__SAR86;f__AG-339-G14;g__AG-339-G14
27-1-8_NODE_557462_length_336_cov_0.810811_1	19-1-12_NODE_1166586_length_232_cov_1.374194_1	3	8.644844543218517e-08	232	3.8013239332340025e-07	root;d__Bacteria;p__Proteobacteria;c__Gammaproteobacteria;o__SAR86;f__AG-339-G14;g__AG-339-G14	root;d__Bacteria;p__Proteobacteria;c__Gammaproteobacteria;o__SAR86;f__AG-339-G14;g__AG-339-G14
27-1-8_NODE_557465_length_336_cov_0.810811_1	27-1-8_NODE_557465_length_336_cov_0.810811_1	1	2.5933562879942905e-08	336	7.664156058002035e-08	root;d__Bacteria;p__Proteobacteria;c__Gammaproteobacteria;o__Pseudomonadales;f__Litoricolaceae;g__HIMB30	root;d__Bacteria;p__Proteobacteria;c__Gammaproteobacteria;o__Pseudomonadales;f__Litoricolaceae;g__HIMB30
27-1-8_NODE_557465_length_336_cov_0.810811_1	67-1-15_NODE_1075808_length_233_cov_0.948718_1	7	2.2888438546144695e-07	233	1.0830874547182787e-06	root;d__Bacteria;p__Proteobacteria;c__Gammaproteobacteria;o__Pseudomonadales;f__Litoricolaceae;g__HIMB30	root;d__Bacteria;p__Proteobacteria;c__Gammaproteobacteria;o__Pseudomonadales;f__Litoricolaceae;g__HIMB30
27-1-8_NODE_557468_length_336_cov_0.810811_1	27-1-8_NODE_557468_length_336_cov_0.810811_1	3	7.780068863982872e-08	336	2.2992468174006107e-07	root;d__Bacteria;p__Proteobacteria;c__Alphaproteobacteria;o__UBA7985;f__UBA7985;g__UBA7985;s__UBA7985 sp002705565	root;d__Bacteria;p__Proteobacteria;c__Alphaproteobacteria;o__UBA7985;f__UBA7985;g__UBA7985;s__UBA7985 sp002705565
27-1-8_NODE_557468_length_336_cov_0.810811_1	28-1-6_NODE_972567_length_255_cov_0.685393_1	2	6.764189595634716e-08	255	2.7287017747385293e-07	root;d__Bacteria;p__Proteobacteria;c__Alphaproteobacteria;o__UBA7985;f__UBA7985;g__UBA7985;s__UBA7985 sp002705565	root;d__Bacteria;p__Proteobacteria;c__Alphaproteobacteria;o__UBA7985;f__UBA7985;g__UBA7985;s__UBA7985 sp002705565
27-1-8_NODE_557495_length_336_cov_0.803089_1	27-1-8_NODE_557495_length_336_cov_0.803089_1	7	1.8153494015960034e-07	336	5.364909240601425e-07	root;d__Bacteria;p__Verrucomicrobiota;c__Verrucomicrobiae;o__Opitutales;f__MB11C04;g__MB11C04	root;d__Bacteria;p__Verrucomicrobiota;c__Verrucomicrobiae;o__Opitutales;f__MB11C04;g__MB11C04
27-1-8_NODE_557495_length_336_cov_0.803089_1	28-1-6_NODE_943193_length_257_cov_0.822222_1	2	6.764189595634716e-08	257	2.7074667414720815e-07	root;d__Bacteria;p__Verrucomicrobiota;c__Verrucomicrobiae;o__Opitutales;f__MB11C04;g__MB11C04;s__MB11C04 sp902612125	root;d__Bacteria;p__Verrucomicrobiota;c__Verrucomicrobiae;o__Opitutales;f__MB11C04;g__MB11C04
27-1-8_NODE_557510_length_336_cov_0.799228_1	27-1-8_NODE_557510_length_336_cov_0.799228_1	3	7.780068863982872e-08	336	2.2992468174006107e-07		
27-1-8_NODE_557510_length_336_cov_0.799228_1	23-1-16_NODE_862341_length_250_cov_0.855491_1	2	5.7995416274279344e-08	250	2.6568234352691427e-07		
27-1-8_NODE_557521_length_336_cov_0.795367_1	27-1-8_NODE_557521_length_336_cov_0.795367_1	6	1.5560137727965744e-07	336	4.5984936348012215e-07		
27-1-8_NODE_557521_length_336_cov_0.795367_1	34-1-24_NODE_255218_length_477_cov_0.617500_1	8	2.7004046218775304e-07	477	6.017030684330167e-07		
27-1-8_NODE_557523_length_336_cov_0.795367_1	27-1-8_NODE_557523_length_336_cov_0.795367_1	5	1.296678143997145e-07	336	3.8320780290010175e-07	root;d__Archaea;p__Thermoplasmatota;c__Poseidoniia_A;o__Poseidoniales;f__Poseidoniaceae;g__MGIIa-L2;s__MGIIa-L2 sp002698145	root;d__Archaea;p__Thermoplasmatota;c__Poseidoniia_A;o__Poseidoniales;f__Poseidoniaceae;g__MGIIa-L2;s__MGIIa-L2 sp002698145
27-1-8_NODE_557523_length_336_cov_0.795367_1	18-1-1_NODE_1502870_length_234_cov_0.898089_1	3	8.69467131418102e-08	234	3.646111803692347e-07	root;d__Archaea;p__Thermoplasmatota;c__Poseidoniia_A;o__Poseidoniales;f__Poseidoniaceae;g__MGIIa-L2;s__MGIIa-L2 sp002698145	root;d__Archaea;p__Thermoplasmatota;c__Poseidoniia_A;o__Poseidoniales;f__Poseidoniaceae;g__MGIIa-L2;s__MGIIa-L2 sp002698145
27-1-8_NODE_557523_length_336_cov_0.795367_1	30-1-6_NODE_1074553_length_231_cov_2.772727_1	6	2.2905402139837937e-07	231	1.051081338474721e-06	root;d__Archaea;p__Thermoplasmatota;c__Poseidoniia_A;o__Poseidoniales;f__Poseidoniaceae;g__MGIIa-L2;s__MGIIa-L2 sp002698145	root;d__Archaea;p__Thermoplasmatota;c__Poseidoniia_A;o__Poseidoniales;f__Poseidoniaceae;g__MGIIa-L2;s__MGIIa-L2 sp002698145
27-1-8_NODE_557524_length_336_cov_0.795367_1	27-1-8_NODE_557524_length_336_cov_0.795367_1	6	1.5560137727965744e-07	336	4.5984936348012215e-07	root	root
27-1-8_NODE_557524_length_336_cov_0.795367_1	39-1-8_NODE_1517603_length_237_cov_0.793750_1	2	5.860162917217229e-08	237	2.3191441350096177e-07	root	root
27-1-8_NODE_557525_length_336_cov_0.795367_1	27-1-8_NODE_557525_length_336_cov_0.795367_1	4	1.0373425151977162e-07	336	3.065662423200814e-07		
27-1-8_NODE_557525_length_336_cov_0.795367_1	33-1-10_NODE_1050023_length_253_cov_0.693182_1	4	1.2318786796601124e-07	253	4.920263998693904e-07		
27-1-8_NODE_557531_length_336_cov_0.795367_1	27-1-8_NODE_557531_length_336_cov_0.795367_1	3	7.780068863982872e-08	336	2.2992468174006107e-07		
27-1-8_NODE_557531_length_336_cov_0.795367_1	30-1-2_NODE_1505705_length_239_cov_0.796296_1	2	6.764972084004447e-08	239	2.6620016406655143e-07		
27-1-8_NODE_557533_length_336_cov_0.791506_1	27-1-8_NODE_557533_length_336_cov_0.791506_1	3	7.780068863982872e-08	336	2.2992468174006107e-07	root;d__Bacteria;p__Cyanobacteria;c__Cyanobacteriia;o__PCC-6307;f__Cyanobiaceae;g__Prochlorococcus_A;s__Prochlorococcus_A sp003213955	root;d__Bacteria;p__Cyanobacteria;c__Cyanobacteriia;o__PCC-6307;f__Cyanobiaceae;g__Prochlorococcus_A;s__Prochlorococcus_A sp003213955
27-1-8_NODE_557533_length_336_cov_0.791506_1	28-1-6_NODE_964666_length_255_cov_1.191011_1	6	2.029256878690415e-07	255	8.186105324215588e-07	root;d__Bacteria;p__Cyanobacteria;c__Cyanobacteriia;o__PCC-6307;f__Cyanobiaceae;g__Prochlorococcus_A;s__Prochlorococcus_A sp003213955	root;d__Bacteria;p__Cyanobacteria;c__Cyanobacteriia;o__PCC-6307;f__Cyanobiaceae;g__Prochlorococcus_A;s__Prochlorococcus_A sp003213955
27-1-8_NODE_573807_length_330_cov_8.549407_1	27-1-8_NODE_573807_length_330_cov_8.549407_1	67	1.7375487129561746e-06	330	5.228347914477025e-06	root;d__Bacteria;p__Proteobacteria;c__Alphaproteobacteria;o__Pelagibacterales;f__Pelagibacteraceae;g__Pelagibacter	root;d__Bacteria;p__Proteobacteria;c__Alphaproteobacteria;o__Pelagibacterales;f__Pelagibacteraceae;g__Pelagibacter
27-1-8_NODE_573807_length_330_cov_8.549407_1	59-1-24_NODE_759494_length_274_cov_3.954315_2	16	4.6374440448899946e-07	274	1.8657298189454598e-06	root;d__Bacteria;p__Proteobacteria;c__Alphaproteobacteria;o__Pelagibacterales;f__Pelagibacteraceae;g__Pelagibacter	root;d__Bacteria;p__Proteobacteria;c__Alphaproteobacteria;o__Pelagibacterales;f__Pelagibacteraceae;g__Pelagibacter
27-1-8_NODE_573816_length_330_cov_5.102767_1	27-1-8_NODE_573816_length_330_cov_5.102767_1	39	1.0114089523177733e-06	330	3.043366696486626e-06	root;d__Bacteria;p__Cyanobacteria;c__Cyanobacteriia;o__PCC-6307;f__Cyanobiaceae;g__Prochlorococcus_A	root;d__Bacteria;p__Cyanobacteria;c__Cyanobacteriia;o__PCC-6307;f__Cyanobiaceae;g__Prochlorococcus_A
27-1-8_NODE_573816_length_330_cov_5.102767_1	29-1-2_NODE_110286_length_748_cov_4.144560_1	106	3.588603327095709e-06	748	4.678839731040712e-06	root;d__Bacteria;p__Cyanobacteria;c__Cyanobacteriia;o__PCC-6307;f__Cyanobiaceae;g__Prochlorococcus_A	root;d__Bacteria;p__Cyanobacteria;c__Cyanobacteriia;o__PCC-6307;f__Cyanobiaceae;g__Prochlorococcus_A
27-1-8_NODE_573854_length_330_cov_3.438735_1	27-1-8_NODE_573854_length_330_cov_3.438735_1	19	4.927376947189152e-07	330	1.4826658264934845e-06	root;d__Bacteria;p__SAR324;c__SAR324;o__SAR324;f__NAC60-12;g__UBA1014;s__UBA1014 sp001469005	root;d__Bacteria;p__SAR324;c__SAR324;o__SAR324;f__NAC60-12;g__UBA1014;s__UBA1014 sp001469005
27-1-8_NODE_573854_length_330_cov_3.438735_1	31-1-8_NODE_1335099_length_241_cov_1.652439_1	3	1.2187356722387532e-07	241	4.999232714060101e-07	root;d__Bacteria;p__SAR324;c__SAR324;o__SAR324;f__NAC60-12;g__UBA1014;s__UBA1014 sp001469005	root;d__Bacteria;p__SAR324;c__SAR324;o__SAR324;f__NAC60-12;g__UBA1014;s__UBA1014 sp001469005
27-1-8_NODE_586288_length_327_cov_0.632000_1	27-1-8_NODE_586288_length_327_cov_0.632000_1	3	7.780068863982872e-08	327	2.3625288398978753e-07	root;d__Bacteria	root;d__Bacteria
27-1-8_NODE_586288_length_327_cov_0.632000_1	34-1-24_NODE_668249_length_278_cov_1.388060_1	4	1.3502023109387652e-07	278	5.162092871268866e-07	root;d__Bacteria;p__Proteobacteria;c__Alphaproteobacteria;o__Puniceispirillales;f__Puniceispirillaceae	root;d__Bacteria
27-1-8_NODE_586288_length_327_cov_0.632000_1	18-1-3_NODE_867008_length_270_cov_1.031088_1	4	1.160594273012742e-07	270	4.5766200658043447e-07	root;d__Bacteria;p__Proteobacteria;c__Alphaproteobacteria;o__Puniceispirillales;f__Puniceispirillaceae;g__MED-G116	root;d__Bacteria
27-1-8_NODE_586288_length_327_cov_0.632000_1	18-1-3_NODE_682676_length_300_cov_2.013453_1	3	8.704457047595565e-08	300	3.0892185444179327e-07	root;d__Bacteria;p__Proteobacteria;c__Alphaproteobacteria;o__Puniceispirillales;f__Puniceispirillaceae	root;d__Bacteria
27-1-8_NODE_586288_length_327_cov_0.632000_1	29-1-6_NODE_844013_length_252_cov_1.268571_1	3	1.0859438397627604e-07	252	4.6499328905253823e-07	root;d__Bacteria;p__Proteobacteria;c__Alphaproteobacteria;o__Puniceispirillales;f__Puniceispirillaceae	root;d__Bacteria
27-1-8_NODE_586301_length_327_cov_0.624000_1	27-1-8_NODE_586301_length_327_cov_0.624000_1	4	1.0373425151977162e-07	327	3.150038453197167e-07	root;d__Bacteria;p__Proteobacteria;c__Gammaproteobacteria;o__Burkholderiales;f__Burkholderiaceae;g__Limnohabitans;s__Limnohabitans sp002778315	root;d__Bacteria;p__Proteobacteria;c__Gammaproteobacteria;o__Burkholderiales;f__Burkholderiaceae;g__Limnohabitans;s__Limnohabitans sp002778315
27-1-8_NODE_586301_length_327_cov_0.624000_1	29-1-6_NODE_825622_length_255_cov_0.623596_1	3	1.0859438397627604e-07	255	4.5952277976956723e-07	root;d__Bacteria;p__Proteobacteria;c__Gammaproteobacteria;o__Burkholderiales;f__Burkholderiaceae;g__Limnohabitans;s__Limnohabitans sp002778315	root;d__Bacteria;p__Proteobacteria;c__Gammaproteobacteria;o__Burkholderiales;f__Burkholderiaceae;g__Limnohabitans;s__Limnohabitans sp002778315
27-1-8_NODE_586319_length_327_cov_0.612000_1	27-1-8_NODE_586319_length_327_cov_0.612000_1	4	1.0373425151977162e-07	327	3.150038453197167e-07	root;d__Bacteria	root;d__Bacteria
27-1-8_NODE_586319_length_327_cov_0.612000_1	67-1-15_NODE_1028417_length_237_cov_0.925000_1	2	6.539553870327055e-08	237	3.042307136218914e-07	root;d__Bacteria	root;d__Bacteria
27-1-8_NODE_586345_length_327_cov_0.592000_1	27-1-8_NODE_586345_length_327_cov_0.592000_1	7	1.8153494015960034e-07	327	5.512567293095042e-07	root;d__Bacteria	root;d__Bacteria
27-1-8_NODE_586345_length_327_cov_0.592000_1	34-1-24_NODE_1064240_length_239_cov_0.913580_1	4	1.3502023109387652e-07	239	6.004442754028222e-07	root;d__Bacteria	root;d__Bacteria
27-1-8_NODE_606605_length_321_cov_0.709016_1	27-1-8_NODE_606605_length_321_cov_0.709016_1	3	7.780068863982872e-08	321	2.40668825746606e-07		
27-1-8_NODE_606605_length_321_cov_0.709016_1	27-1-4_NODE_1401712_length_241_cov_0.847561_1	2	6.370909915652338e-08	241	2.4853132137166444e-07		
27-1-8_NODE_606605_length_321_cov_0.709016_1	67-1-15_NODE_985103_length_241_cov_0.902439_1	2	6.539553870327055e-08	241	2.9918124119663183e-07		
27-1-8_NODE_606607_length_321_cov_0.709016_1	27-1-8_NODE_606607_length_321_cov_0.709016_1	3	7.780068863982872e-08	321	2.40668825746606e-07	root;d__Bacteria;p__Proteobacteria;c__Gammaproteobacteria;o__Enterobacterales	root;d__Bacteria;p__Proteobacteria;c__Gammaproteobacteria;o__Enterobacterales
27-1-8_NODE_606607_length_321_cov_0.709016_1	24-1-2_NODE_1384310_length_241_cov_0.896341_1	1	3.38987256587658e-08	241	1.2704721570219926e-07	root;d__Bacteria;p__Proteobacteria;c__Gammaproteobacteria;o__Enterobacterales	root;d__Bacteria;p__Proteobacteria;c__Gammaproteobacteria;o__Enterobacterales
27-1-8_NODE_606607_length_321_cov_0.709016_1	39-1-8_NODE_1011539_length_270_cov_0.715026_1	2	5.860162917217229e-08	270	2.0356931851751088e-07	root;d__Bacteria;p__Proteobacteria;c__Gammaproteobacteria;o__Enterobacterales	root;d__Bacteria;p__Proteobacteria;c__Gammaproteobacteria;o__Enterobacterales
27-1-8_NODE_606624_length_321_cov_0.700820_1	27-1-8_NODE_606624_length_321_cov_0.700820_1	11	2.85269191679372e-07	321	8.824523610708886e-07	root;d__Bacteria;p__Proteobacteria;c__Alphaproteobacteria;o__TMED109;f__TMED131;g__TMED62	root;d__Bacteria;p__Proteobacteria;c__Alphaproteobacteria;o__TMED109;f__TMED131;g__TMED62
27-1-8_NODE_606624_length_321_cov_0.700820_1	58-1-10_NODE_619428_length_278_cov_0.547264_1	4	1.5253299727263375e-07	278	6.201084812220794e-07		root;d__Bacteria;p__Proteobacteria;c__Alphaproteobacteria;o__TMED109;f__TMED131;g__TMED62
27-1-8_NODE_606627_length_321_cov_0.700820_1	27-1-8_NODE_606627_length_321_cov_0.700820_1	3	7.780068863982872e-08	321	2.40668825746606e-07	root;d__Bacteria	root;d__Bacteria
27-1-8_NODE_606627_length_321_cov_0.700820_1	29-1-6_NODE_880712_length_248_cov_0.771930_1	2	7.239625598418403e-08	248	3.1499545387430013e-07	root;d__Bacteria	root;d__Bacteria
27-1-8_NODE_606648_length_321_cov_0.692623_1	27-1-8_NODE_606648_length_321_cov_0.692623_1	2	5.186712575988581e-08	321	1.6044588383107067e-07		
27-1-8_NODE_606648_length_321_cov_0.692623_1	23-1-16_NODE_664872_length_275_cov_1.444444_1	8	2.3198166509711738e-07	275	9.66117612825143e-07		
27-1-8_NODE_606657_length_321_cov_0.688525_1	27-1-8_NODE_606657_length_321_cov_0.688525_1	5	1.296678143997145e-07	321	4.011147095776766e-07		
27-1-8_NODE_606657_length_321_cov_0.688525_1	70-1-10_NODE_627784_length_303_cov_0.920354_1	7	2.5414575258910986e-07	303	8.306935072660571e-07		
27-1-8_NODE_606681_length_321_cov_0.680328_1	27-1-8_NODE_606681_length_321_cov_0.680328_1	4	1.0373425151977162e-07	321	3.2089176766214134e-07	root;d__Bacteria;p__Proteobacteria;c__Gammaproteobacteria;o__Pseudomonadales;f__Litoricolaceae;g__HIMB30	root;d__Bacteria;p__Proteobacteria;c__Gammaproteobacteria;o__Pseudomonadales;f__Litoricolaceae;g__HIMB30
27-1-8_NODE_606681_length_321_cov_0.680328_1	58-1-10_NODE_964907_length_243_cov_0.819277_1	1	3.813324931815844e-08	243	1.7735612940302273e-07	root;d__Bacteria;p__Proteobacteria;c__Gammaproteobacteria;o__Pseudomonadales;f__Litoricolaceae;g__HIMB30	root;d__Bacteria;p__Proteobacteria;c__Gammaproteobacteria;o__Pseudomonadales;f__Litoricolaceae;g__HIMB30
27-1-8_NODE_606693_length_321_cov_0.672131_1	27-1-8_NODE_606693_length_321_cov_0.672131_1	3	7.780068863982872e-08	321	2.40668825746606e-07		
27-1-8_NODE_606693_length_321_cov_0.672131_1	59-1-24_NODE_837727_length_266_cov_0.783069_1	2	5.796805056112493e-08	266	2.4023024924391725e-07		
27-1-8_NODE_624195_length_316_cov_0.807531_1	27-1-8_NODE_624195_length_316_cov_0.807531_1	6	1.5560137727965744e-07	316	4.889537535738008e-07	root;d__Bacteria	root;d__Bacteria
27-1-8_NODE_624195_length_316_cov_0.807531_1	30-1-6_NODE_724710_length_273_cov_1.377551_1	3	1.1452701069918969e-07	273	4.4468825858545877e-07	root;d__Bacteria	root;d__Bacteria
27-1-8_NODE_624195_length_316_cov_0.807531_1	34-1-24_NODE_742290_length_269_cov_0.843750_1	7	2.3628540441428393e-07	269	9.335904021830125e-07	root;d__Bacteria	root;d__Bacteria
27-1-8_NODE_624218_length_316_cov_0.803347_1	27-1-8_NODE_624218_length_316_cov_0.803347_1	3	7.780068863982872e-08	316	2.444768767869004e-07	root;d__Bacteria;p__Verrucomicrobiota;c__Verrucomicrobiae;o__Opitutales;f__MB11C04;g__MB11C04;s__MB11C04 sp002686835	root;d__Bacteria;p__Verrucomicrobiota;c__Verrucomicrobiae;o__Opitutales;f__MB11C04;g__MB11C04;s__MB11C04 sp002686835
27-1-8_NODE_624218_length_316_cov_0.803347_1	67-1-2_NODE_430529_length_375_cov_0.741611_1	4	1.3521671283979367e-07	375	3.5071308165377735e-07	root;d__Bacteria;p__Verrucomicrobiota;c__Verrucomicrobiae;o__Opitutales;f__MB11C04;g__MB11C04;s__MB11C04 sp002686835	root;d__Bacteria;p__Verrucomicrobiota;c__Verrucomicrobiae;o__Opitutales;f__MB11C04;g__MB11C04;s__MB11C04 sp002686835
27-1-8_NODE_624229_length_316_cov_0.799163_1	27-1-8_NODE_624229_length_316_cov_0.799163_1	3	7.780068863982872e-08	316	2.444768767869004e-07	root;d__Bacteria;p__Proteobacteria;c__Gammaproteobacteria;o__Pseudomonadales	root;d__Bacteria;p__Proteobacteria;c__Gammaproteobacteria;o__Pseudomonadales
27-1-8_NODE_624229_length_316_cov_0.799163_1	38-1-14_NODE_1108652_length_238_cov_0.732919_1	3	8.472908017828129e-08	238	3.9168399227725786e-07	root;d__Bacteria;p__Proteobacteria;c__Gammaproteobacteria;o__Pseudomonadales	root;d__Bacteria;p__Proteobacteria;c__Gammaproteobacteria;o__Pseudomonadales
27-1-8_NODE_624236_length_316_cov_0.799163_1	27-1-8_NODE_624236_length_316_cov_0.799163_1	5	1.296678143997145e-07	316	4.074614613115006e-07	root;d__Bacteria	root;d__Bacteria
27-1-8_NODE_624236_length_316_cov_0.799163_1	53-1-2_NODE_1546661_length_235_cov_0.936709_1	2	6.766925891808088e-08	235	2.6853126305424596e-07		root;d__Bacteria
27-1-8_NODE_624236_length_316_cov_0.799163_1	70-1-10_NODE_306228_length_459_cov_0.675393_1	8	2.904522886732684e-07	459	6.267043453510496e-07	root;d__Bacteria;p__Proteobacteria;c__Gammaproteobacteria;o__Burkholderiales;f__Neisseriaceae;g__QFNR01;s__QFNR01 sp003248485*	root;d__Bacteria
27-1-8_NODE_624244_length_316_cov_0.794979_1	27-1-8_NODE_624244_length_316_cov_0.794979_1	3	7.780068863982872e-08	316	2.444768767869004e-07	root;d__Bacteria;p__Verrucomicrobiota;c__Verrucomicrobiae;o__Opitutales;f__DSM-45221;g__GCA-2690565;s__GCA-2690565 sp011522825	root;d__Bacteria;p__Verrucomicrobiota;c__Verrucomicrobiae;o__Opitutales;f__DSM-45221;g__GCA-2690565;s__GCA-2690565 sp011522825
27-1-8_NODE_624244_length_316_cov_0.794979_1	29-1-6_NODE_1025249_length_231_cov_2.103896_1	7	2.533868959446441e-07	231	1.183619281224643e-06	root;d__Bacteria;p__Verrucomicrobiota;c__Verrucomicrobiae;o__Opitutales;f__DSM-45221;g__GCA-2690565;s__GCA-2690565 sp011522825	root;d__Bacteria;p__Verrucomicrobiota;c__Verrucomicrobiae;o__Opitutales;f__DSM-45221;g__GCA-2690565;s__GCA-2690565 sp011522825
27-1-8_NODE_624244_length_316_cov_0.794979_1	30-1-6_NODE_217969_length_559_cov_1.412863_1	11	4.199323725636955e-07	559	7.963022304902402e-07	root;d__Bacteria;p__Verrucomicrobiota;c__Verrucomicrobiae;o__Opitutales;f__DSM-45221;g__GCA-2690565;s__GCA-2690565 sp011522825	root;d__Bacteria;p__Verrucomicrobiota;c__Verrucomicrobiae;o__Opitutales;f__DSM-45221;g__GCA-2690565;s__GCA-2690565 sp011522825
27-1-8_NODE_624264_length_316_cov_0.790795_1	27-1-8_NODE_624264_length_316_cov_0.790795_1	3	7.780068863982872e-08	316	2.444768767869004e-07	root;d__Bacteria;p__Proteobacteria;c__Alphaproteobacteria;o__Pelagibacterales;f__Pelagibacteraceae	root;d__Bacteria;p__Proteobacteria;c__Alphaproteobacteria;o__Pelagibacterales;f__Pelagibacteraceae
27-1-8_NODE_624264_length_316_cov_0.790795_1	29-1-6_NODE_1045732_length_229_cov_1.460526_1	4	1.4479251196836805e-07	229	6.822608957277417e-07	root;d__Bacteria;p__Proteobacteria;c__Alphaproteobacteria;o__Pelagibacterales;f__Pelagibacteraceae;g__Pelagibacter_A	root;d__Bacteria;p__Proteobacteria;c__Alphaproteobacteria;o__Pelagibacterales;f__Pelagibacteraceae
27-1-8_NODE_624264_length_316_cov_0.790795_1	33-1-10_NODE_514601_length_343_cov_1.109023_1	5	1.5398483495751404e-07	343	4.536540785967776e-07	root;d__Bacteria;p__Proteobacteria;c__Alphaproteobacteria;o__Pelagibacterales;f__Pelagibacteraceae;g__Pelagibacter_A	root;d__Bacteria;p__Proteobacteria;c__Alphaproteobacteria;o__Pelagibacterales;f__Pelagibacteraceae
27-1-8_NODE_624264_length_316_cov_0.790795_1	38-1-10_NODE_1051700_length_263_cov_1.091398_1	3	8.69860011688599e-08	263	3.215100571101155e-07	root;d__Bacteria;p__Proteobacteria;c__Alphaproteobacteria;o__Pelagibacterales;f__Pelagibacteraceae	root;d__Bacteria;p__Proteobacteria;c__Alphaproteobacteria;o__Pelagibacterales;f__Pelagibacteraceae
27-1-8_NODE_640212_length_311_cov_2.487179_1	27-1-8_NODE_640212_length_311_cov_2.487179_1	9	2.3340206591948615e-07	311	7.45222119594796e-07		
27-1-8_NODE_640212_length_311_cov_2.487179_1	29-1-6_NODE_385819_length_385_cov_0.720779_1	3	1.0859438397627604e-07	385	3.043592437434796e-07		
27-1-8_NODE_640247_length_311_cov_2.337607_2	27-1-8_NODE_640247_length_311_cov_2.337607_2	8	2.0746850303954324e-07	311	6.624196618620408e-07	root;d__Bacteria;p__Marinisomatota;c__Marinisomatia;o__Marinisomatales;f__UBA1611;g__GCA-2691785;s__GCA-2691785 sp902611135	root;d__Bacteria;p__Marinisomatota;c__Marinisomatia;o__Marinisomatales;f__UBA1611;g__GCA-2691785;s__GCA-2691785 sp902611135
27-1-8_NODE_640247_length_311_cov_2.337607_2	27-1-8_NODE_600715_length_322_cov_1.848980_2	12	3.112027545593149e-07	322	9.596856281324288e-07	root;d__Bacteria;p__Marinisomatota;c__Marinisomatia;o__Marinisomatales;f__UBA1611;g__GCA-2691785;s__GCA-2691785 sp902611135	root;d__Bacteria;p__Marinisomatota;c__Marinisomatia;o__Marinisomatales;f__UBA1611;g__GCA-2691785;s__GCA-2691785 sp902611135
27-1-8_NODE_640273_length_311_cov_2.252137_1	27-1-8_NODE_640273_length_311_cov_2.252137_1	8	2.0746850303954324e-07	311	6.624196618620408e-07	root;d__Bacteria;p__Verrucomicrobiota;c__Verrucomicrobiae;o__Opitutales;f__MB11C04;g__MB11C04	root;d__Bacteria;p__Verrucomicrobiota;c__Verrucomicrobiae;o__Opitutales;f__MB11C04;g__MB11C04
27-1-8_NODE_640273_length_311_cov_2.252137_1	59-1-24_NODE_834125_length_266_cov_1.174603_1	6	1.7390415168337479e-07	266	7.206907477317518e-07	root;d__Bacteria;p__Verrucomicrobiota;c__Verrucomicrobiae;o__Opitutales;f__MB11C04;g__MB11C04	root;d__Bacteria;p__Verrucomicrobiota;c__Verrucomicrobiae;o__Opitutales;f__MB11C04;g__MB11C04
27-1-8_NODE_640288_length_311_cov_2.213675_1	27-1-8_NODE_640288_length_311_cov_2.213675_1	7	1.8153494015960034e-07	311	5.796172041292858e-07	root;d__Bacteria;p__Bacteroidota;c__Bacteroidia;o__Flavobacteriales;f__UBA7312;g__UBA8444;s__UBA8444 sp003454845	root;d__Bacteria;p__Bacteroidota;c__Bacteroidia;o__Flavobacteriales;f__UBA7312;g__UBA8444;s__UBA8444 sp003454845
27-1-8_NODE_640288_length_311_cov_2.213675_1	28-1-6_NODE_999548_length_252_cov_1.262857_1	1	3.382094797817358e-08	252	1.3805931598379463e-07	root;d__Bacteria;p__Bacteroidota;c__Bacteroidia;o__Flavobacteriales;f__UBA7312;g__UBA8444;s__UBA8444 sp003454845	root;d__Bacteria;p__Bacteroidota;c__Bacteroidia;o__Flavobacteriales;f__UBA7312;g__UBA8444;s__UBA8444 sp003454845
27-1-8_NODE_640291_length_311_cov_2.213675_1	27-1-8_NODE_640291_length_311_cov_2.213675_1	6	1.5560137727965744e-07	311	4.968147463965307e-07	root;d__Bacteria	root;d__Bacteria
27-1-8_NODE_640291_length_311_cov_2.213675_1	67-1-15_NODE_918524_length_247_cov_0.864706_1	2	6.539553870327055e-08	247	2.9191368068173387e-07	root;d__Bacteria	root;d__Bacteria
27-1-8_NODE_647534_length_310_cov_0.527897_1	27-1-8_NODE_647534_length_310_cov_0.527897_1	2	5.186712575988581e-08	310	1.6613912487023768e-07	root;d__Bacteria	root;d__Bacteria
27-1-8_NODE_647534_length_310_cov_0.527897_1	67-1-15_NODE_624813_length_276_cov_0.834171_1	7	2.2888438546144695e-07	276	9.143455686570977e-07	root;d__Bacteria	root;d__Bacteria
27-1-8_NODE_647534_length_310_cov_0.527897_1	70-1-10_NODE_518809_length_338_cov_0.850575_2	3	1.0891960825247565e-07	338	3.1914640663772013e-07	root;d__Bacteria	root;d__Bacteria
27-1-8_NODE_647536_length_310_cov_0.523605_1	27-1-8_NODE_647536_length_310_cov_0.523605_1	12	3.112027545593149e-07	310	9.968347492214261e-07	root;d__Bacteria;p__Proteobacteria;c__Alphaproteobacteria;o__Pelagibacterales;f__Pelagibacteraceae;g__Pelagibacter	root;d__Bacteria;p__Proteobacteria;c__Alphaproteobacteria;o__Pelagibacterales;f__Pelagibacteraceae;g__Pelagibacter
27-1-8_NODE_647536_length_310_cov_0.523605_1	27-1-8_NODE_1399667_length_238_cov_1.826087_1	10	2.59335628799429e-07	238	1.0819985023061696e-06	root;d__Bacteria;p__Proteobacteria	root;d__Bacteria;p__Proteobacteria;c__Alphaproteobacteria;o__Pelagibacterales;f__Pelagibacteraceae;g__Pelagibacter
27-1-8_NODE_647536_length_310_cov_0.523605_1	32-1-8_NODE_315790_length_460_cov_0.817232_1	13	3.9575711837673825e-07	460	8.089633639949012e-07	root;d__Bacteria;p__Proteobacteria;c__Alphaproteobacteria;o__Pelagibacterales;f__Pelagibacteraceae;g__Pelagibacter	root;d__Bacteria;p__Proteobacteria;c__Alphaproteobacteria;o__Pelagibacterales;f__Pelagibacteraceae;g__Pelagibacter
27-1-8_NODE_647536_length_310_cov_0.523605_1	33-1-6_NODE_582338_length_338_cov_1.475096_1	10	2.746657537509454e-07	338	7.86810740889257e-07	root;d__Bacteria;p__Proteobacteria;c__Alphaproteobacteria;o__Pelagibacterales;f__Pelagibacteraceae;g__Pelagibacter	root;d__Bacteria;p__Proteobacteria;c__Alphaproteobacteria;o__Pelagibacterales;f__Pelagibacteraceae;g__Pelagibacter
27-1-8_NODE_647567_length_310_cov_0.510730_1	27-1-8_NODE_647567_length_310_cov_0.510730_1	4	1.0373425151977162e-07	310	3.3227824974047536e-07	root;d__Bacteria;p__Proteobacteria;c__Alphaproteobacteria;o__Puniceispirillales;f__Puniceispirillaceae	root;d__Bacteria;p__Proteobacteria;c__Alphaproteobacteria;o__Puniceispirillales;f__Puniceispirillaceae
27-1-8_NODE_647567_length_310_cov_0.510730_1	34-1-24_NODE_573423_length_298_cov_1.144796_2	7	2.3628540441428393e-07	298	8.427376449235918e-07	root;d__Bacteria;p__Proteobacteria;c__Alphaproteobacteria;o__Puniceispirillales;f__Puniceispirillaceae	root;d__Bacteria;p__Proteobacteria;c__Alphaproteobacteria;o__Puniceispirillales;f__Puniceispirillaceae
27-1-8_NODE_670562_length_304_cov_0.616740_1	27-1-8_NODE_670562_length_304_cov_0.616740_1	3	7.780068863982872e-08	304	2.5412727981796224e-07	root;d__Bacteria	root;d__Bacteria
27-1-8_NODE_670562_length_304_cov_0.616740_1	67-1-15_NODE_762320_length_261_cov_1.478261_1	4	1.307910774065411e-07	261	5.52510951175389e-07	root;d__Bacteria	root;d__Bacteria
27-1-8_NODE_670617_length_304_cov_0.603524_1	27-1-8_NODE_670617_length_304_cov_0.603524_1	5	1.296678143997145e-07	304	4.235454663632703e-07	root;d__Bacteria;p__Proteobacteria;c__Alphaproteobacteria;o__TMED127;f__TMED127;g__GCA-2691245	root;d__Bacteria;p__Proteobacteria;c__Alphaproteobacteria;o__TMED127;f__TMED127;g__GCA-2691245
27-1-8_NODE_670617_length_304_cov_0.603524_1	33-1-6_NODE_1304960_length_246_cov_1.526627_1	6	1.6479945225056724e-07	246	6.486390985867535e-07	root;d__Bacteria;p__Proteobacteria;c__Alphaproteobacteria;o__TMED127;f__TMED127;g__GCA-2691245	root;d__Bacteria;p__Proteobacteria;c__Alphaproteobacteria;o__TMED127;f__TMED127;g__GCA-2691245
27-1-8_NODE_670617_length_304_cov_0.603524_1	70-1-2_NODE_1664467_length_229_cov_0.993421_1	4	1.2184355141785687e-07	229	5.190155184761964e-07	root;d__Bacteria;p__Proteobacteria;c__Alphaproteobacteria;o__TMED127;f__TMED127;g__GCA-2691245	root;d__Bacteria;p__Proteobacteria;c__Alphaproteobacteria;o__TMED127;f__TMED127;g__GCA-2691245
27-1-8_NODE_691869_length_298_cov_5.687783_1	27-1-8_NODE_691869_length_298_cov_5.687783_1	24	6.224055091186298e-07	298	2.0739514916687387e-06	root;d__Bacteria;p__Cyanobacteria;c__Cyanobacteriia;o__PCC-6307;f__Cyanobiaceae;g__Prochlorococcus_A	root;d__Bacteria;p__Cyanobacteria;c__Cyanobacteriia;o__PCC-6307;f__Cyanobiaceae;g__Prochlorococcus_A
27-1-8_NODE_691869_length_298_cov_5.687783_1	34-1-24_NODE_572024_length_298_cov_7.674208_1	25	8.438764443367283e-07	298	3.0097773032985426e-06	root;d__Bacteria;p__Cyanobacteria;c__Cyanobacteriia;o__PCC-6307;f__Cyanobiaceae;g__Prochlorococcus_A	root;d__Bacteria;p__Cyanobacteria;c__Cyanobacteriia;o__PCC-6307;f__Cyanobiaceae;g__Prochlorococcus_A
27-1-8_NODE_705604_length_295_cov_1.458716_1	27-1-8_NODE_705604_length_295_cov_1.458716_1	4	1.0373425151977162e-07	295	3.4917375396456735e-07	root;d__Archaea;p__Thermoplasmatota;c__Poseidoniia_A;o__Poseidoniales;f__Poseidoniaceae;g__MGIIa-L3	root;d__Archaea;p__Thermoplasmatota;c__Poseidoniia_A;o__Poseidoniales;f__Poseidoniaceae;g__MGIIa-L3
27-1-8_NODE_705604_length_295_cov_1.458716_1	28-1-6_NODE_966192_length_255_cov_0.831461_1	4	1.3528379191269432e-07	255	5.457403549477059e-07	root;d__Archaea;p__Thermoplasmatota;c__Poseidoniia_A;o__Poseidoniales;f__Poseidoniaceae;g__MGIIa-L3	root;d__Archaea;p__Thermoplasmatota;c__Poseidoniia_A;o__Poseidoniales;f__Poseidoniaceae;g__MGIIa-L3
27-1-8_NODE_705615_length_295_cov_1.449541_1	27-1-8_NODE_705615_length_295_cov_1.449541_1	8	2.0746850303954324e-07	295	6.983475079291347e-07	root;d__Bacteria;p__Proteobacteria;c__Alphaproteobacteria;o__Puniceispirillales;f__Puniceispirillaceae;g__HIMB100	root;d__Bacteria;p__Proteobacteria;c__Alphaproteobacteria;o__Puniceispirillales;f__Puniceispirillaceae;g__HIMB100
27-1-8_NODE_705615_length_295_cov_1.449541_1	67-1-15_NODE_930536_length_246_cov_0.828402_1	2	6.539553870327055e-08	246	2.9310032166011485e-07	root;d__Bacteria;p__Proteobacteria;c__Alphaproteobacteria;o__Puniceispirillales;f__Puniceispirillaceae;g__HIMB100	root;d__Bacteria;p__Proteobacteria;c__Alphaproteobacteria;o__Puniceispirillales;f__Puniceispirillaceae;g__HIMB100
27-1-8_NODE_705624_length_295_cov_1.440367_1	27-1-8_NODE_705624_length_295_cov_1.440367_1	9	2.3340206591948615e-07	295	7.856409464202765e-07	root;d__Bacteria;p__Proteobacteria;c__Alphaproteobacteria;o__TMED109;f__TMED131;g__TMED62	root;d__Bacteria;p__Proteobacteria;c__Alphaproteobacteria;o__TMED109;f__TMED131;g__TMED62
27-1-8_NODE_705624_length_295_cov_1.440367_1	38-1-14_NODE_63821_length_1140_cov_1.968015_1	46	1.299179229400313e-06	1140	1.253846885219713e-06	root;d__Bacteria;p__Proteobacteria;c__Alphaproteobacteria;o__TMED109;f__TMED131;g__TMED62	root;d__Bacteria;p__Proteobacteria;c__Alphaproteobacteria;o__TMED109;f__TMED131;g__TMED62
27-1-8_NODE_705626_length_295_cov_1.440367_1	27-1-8_NODE_705626_length_295_cov_1.440367_1	11	2.85269191679372e-07	295	9.602278234025602e-07	root;d__Bacteria;p__Verrucomicrobiota;c__Verrucomicrobiae;o__Opitutales;f__MB11C04;g__MB11C04;s__MB11C04 sp002692605	root;d__Bacteria;p__Verrucomicrobiota;c__Verrucomicrobiae;o__Opitutales;f__MB11C04;g__MB11C04;s__MB11C04 sp002692605
27-1-8_NODE_705626_length_295_cov_1.440367_1	31-1-16_NODE_442835_length_373_cov_3.162162_2	21	6.558196593372886e-07	373	1.811144708627924e-06	root;d__Bacteria;p__Verrucomicrobiota;c__Verrucomicrobiae;o__Opitutales;f__MB11C04	root;d__Bacteria;p__Verrucomicrobiota;c__Verrucomicrobiae;o__Opitutales;f__MB11C04;g__MB11C04;s__MB11C04 sp002692605
27-1-8_NODE_705629_length_295_cov_1.435780_1	27-1-8_NODE_705629_length_295_cov_1.435780_1	6	1.5560137727965744e-07	295	5.23760630946851e-07		
27-1-8_NODE_705629_length_295_cov_1.435780_1	67-1-15_NODE_549357_length_289_cov_0.976415_1	8	2.615821548130822e-07	289	9.979609567943012e-07		
27-1-8_NODE_705629_length_295_cov_1.435780_1	68-1-2_NODE_1199999_length_258_cov_0.784530_1	7	2.206659041293652e-07	258	8.220386366890803e-07		
27-1-8_NODE_705629_length_295_cov_1.435780_1	69-1-2_NODE_653606_length_316_cov_0.786611_1	3	1.1443959084947135e-07	316	3.414627797171702e-07		
27-1-8_NODE_705668_length_295_cov_1.403670_1	27-1-8_NODE_705668_length_295_cov_1.403670_1	6	1.5560137727965744e-07	295	5.23760630946851e-07	root;d__Bacteria;p__Actinobacteriota;c__Acidimicrobiia;o__Actinomarinales;f__Actinomarinaceae*;g__Actinomarina*	root;d__Bacteria;p__Actinobacteriota;c__Acidimicrobiia;o__Actinomarinales;f__Actinomarinaceae*;g__Actinomarina*
27-1-8_NODE_705668_length_295_cov_1.403670_1	18-1-1_NODE_747743_length_299_cov_1.270270_1	5	1.4491118856968367e-07	299	4.755798004816105e-07	root;d__Bacteria;p__Actinobacteriota;c__Acidimicrobiia;o__Actinomarinales;f__Actinomarinaceae*;g__Actinomarina*	root;d__Bacteria;p__Actinobacteriota;c__Acidimicrobiia;o__Actinomarinales;f__Actinomarinaceae*;g__Actinomarina*
27-1-8_NODE_705669_length_295_cov_1.399083_1	27-1-8_NODE_705669_length_295_cov_1.399083_1	4	1.0373425151977162e-07	295	3.4917375396456735e-07	root;d__Bacteria;p__Bacteroidota;c__Bacteroidia;o__Flavobacteriales;f__UA16;g__UBA11663	root;d__Bacteria;p__Bacteroidota;c__Bacteroidia;o__Flavobacteriales;f__UA16;g__UBA11663
27-1-8_NODE_705669_length_295_cov_1.399083_1	17-2-10_NODE_372164_length_414_cov_0.994065_1	3	1.0154801142591145e-07	414	2.55125183179995e-07	root;d__Bacteria;p__Bacteroidota;c__Bacteroidia;o__Flavobacteriales;f__UA16;g__UBA11663	root;d__Bacteria;p__Bacteroidota;c__Bacteroidia;o__Flavobacteriales;f__UA16;g__UBA11663
27-1-8_NODE_705669_length_295_cov_1.399083_1	38-1-14_NODE_144175_length_708_cov_1.543582_1	13	3.671593474392189e-07	708	5.705603917635762e-07	root;d__Bacteria;p__Bacteroidota;c__Bacteroidia;o__Flavobacteriales;f__UA16;g__UBA11663	root;d__Bacteria;p__Bacteroidota;c__Bacteroidia;o__Flavobacteriales;f__UA16;g__UBA11663
27-1-8_NODE_705681_length_295_cov_1.394495_2	27-1-8_NODE_705681_length_295_cov_1.394495_2	7	1.8153494015960034e-07	295	6.110540694379928e-07	root;d__Bacteria;p__Proteobacteria;c__Alphaproteobacteria;o__Pelagibacterales;f__Pelagibacteraceae;g__Pelagibacter	root;d__Bacteria;p__Proteobacteria;c__Alphaproteobacteria;o__Pelagibacterales;f__Pelagibacteraceae;g__Pelagibacter
27-1-8_NODE_705681_length_295_cov_1.394495_2	17-2-4_NODE_274177_length_505_cov_1.077103_2	33	9.566936112174587e-07	505	1.7787967351263357e-06	root;d__Bacteria;p__Proteobacteria;c__Alphaproteobacteria;o__Pelagibacterales;f__Pelagibacteraceae;g__Pelagibacter	root;d__Bacteria;p__Proteobacteria;c__Alphaproteobacteria;o__Pelagibacterales;f__Pelagibacteraceae;g__Pelagibacter
27-1-8_NODE_705681_length_295_cov_1.394495_2	27-1-4_NODE_443201_length_369_cov_0.613014_2	5	1.5927274789130845e-07	369	4.0579978625048184e-07	root;d__Bacteria;p__Proteobacteria;c__Alphaproteobacteria;o__Pelagibacterales;f__Pelagibacteraceae;g__Pelagibacter	root;d__Bacteria;p__Proteobacteria;c__Alphaproteobacteria;o__Pelagibacterales;f__Pelagibacteraceae;g__Pelagibacter
27-1-8_NODE_705681_length_295_cov_1.394495_2	30-1-4_NODE_87938_length_901_cov_1.472087_3	41	1.2477620930363068e-06	901	1.2919459726643715e-06	root;d__Bacteria;p__Proteobacteria;c__Alphaproteobacteria;o__Pelagibacterales;f__Pelagibacteraceae	root;d__Bacteria;p__Proteobacteria;c__Alphaproteobacteria;o__Pelagibacterales;f__Pelagibacteraceae;g__Pelagibacter
27-1-8_NODE_705681_length_295_cov_1.394495_2	33-1-10_NODE_364811_length_418_cov_3.202346_1	14	4.311575378810393e-07	418	1.0423190839338403e-06	root;d__Bacteria;p__Proteobacteria;c__Alphaproteobacteria;o__Pelagibacterales;f__Pelagibacteraceae;g__Pelagibacter	root;d__Bacteria;p__Proteobacteria;c__Alphaproteobacteria;o__Pelagibacterales;f__Pelagibacteraceae;g__Pelagibacter
27-1-8_NODE_705681_length_295_cov_1.394495_2	65-1-2_NODE_461567_length_376_cov_0.882943_1	10	3.1732643592592203e-07	376	8.256193967360552e-07	root;d__Bacteria;p__Proteobacteria;c__Alphaproteobacteria;o__Pelagibacterales;f__Pelagibacteraceae;g__Pelagibacter	root;d__Bacteria;p__Proteobacteria;c__Alphaproteobacteria;o__Pelagibacterales;f__Pelagibacteraceae;g__Pelagibacter
27-1-8_NODE_705687_length_295_cov_1.389908_1	27-1-8_NODE_705687_length_295_cov_1.389908_1	6	1.5560137727965744e-07	295	5.23760630946851e-07		
27-1-8_NODE_705687_length_295_cov_1.389908_1	34-1-24_NODE_346230_length_397_cov_1.581250_1	13	4.388157510550987e-07	397	1.1747987176804587e-06		
27-1-8_NODE_716124_length_293_cov_0.870370_1	27-1-8_NODE_716124_length_293_cov_0.870370_1	3	7.780068863982872e-08	293	2.636678944186366e-07		
27-1-8_NODE_716124_length_293_cov_0.870370_1	38-1-14_NODE_1191763_length_230_cov_1.450980_1	2	5.648605345218752e-08	230	2.702051888753257e-07		
27-1-8_NODE_716127_length_293_cov_0.870370_1	27-1-8_NODE_716127_length_293_cov_0.870370_1	8	2.0746850303954324e-07	293	7.031143851163642e-07	root;d__Bacteria;p__Bacteroidota;c__Bacteroidia;o__Flavobacteriales;f__UA16;g__UBA11663	root;d__Bacteria;p__Bacteroidota;c__Bacteroidia;o__Flavobacteriales;f__UA16;g__UBA11663
27-1-8_NODE_716127_length_293_cov_0.870370_1	70-1-10_NODE_1051805_length_253_cov_0.840909_1	2	7.26130721683171e-08	253	2.8424633845467566e-07	root;d__Bacteria;p__Bacteroidota;c__Bacteroidia;o__Flavobacteriales;f__UA16;g__UBA11663	root;d__Bacteria;p__Bacteroidota;c__Bacteroidia;o__Flavobacteriales;f__UA16;g__UBA11663
27-1-8_NODE_716138_length_293_cov_0.865741_1	27-1-8_NODE_716138_length_293_cov_0.865741_1	5	1.296678143997145e-07	293	4.394464906977276e-07	root;d__Bacteria;p__Planctomycetota;c__Planctomycetes;o__Pirellulales;f__UBA1268;g__UBA1268	root;d__Bacteria;p__Planctomycetota;c__Planctomycetes;o__Pirellulales;f__UBA1268;g__UBA1268
27-1-8_NODE_716138_length_293_cov_0.865741_1	17-2-10_NODE_604182_length_309_cov_0.836207_1	6	2.030960228518229e-07	309	6.836364131813458e-07	root;d__Bacteria;p__Planctomycetota;c__Planctomycetes;o__Pirellulales;f__UBA1268;g__UBA1268;s__UBA1268 sp002694955	root;d__Bacteria;p__Planctomycetota;c__Planctomycetes;o__Pirellulales;f__UBA1268;g__UBA1268
27-1-8_NODE_716138_length_293_cov_0.865741_1	54-1-10_NODE_132671_length_659_cov_1.451890_2	8	2.7061043490073605e-07	659	4.4477063863997306e-07	root;d__Bacteria;p__Planctomycetota;c__Planctomycetes;o__Pirellulales;f__UBA1268;g__UBA1268;s__UBA1268 sp002694955	root;d__Bacteria;p__Planctomycetota;c__Planctomycetes;o__Pirellulales;f__UBA1268;g__UBA1268
27-1-8_NODE_716139_length_293_cov_0.865741_1	27-1-8_NODE_716139_length_293_cov_0.865741_1	3	7.780068863982872e-08	293	2.636678944186366e-07	root;d__Bacteria;p__Proteobacteria;c__Alphaproteobacteria;o__Rhodobacterales;f__Rhodobacteraceae*	root;d__Bacteria;p__Proteobacteria;c__Alphaproteobacteria;o__Rhodobacterales;f__Rhodobacteraceae*
27-1-8_NODE_716139_length_293_cov_0.865741_1	17-2-10_NODE_1150937_length_232_cov_0.954839_1	3	1.0154801142591145e-07	232	4.5526649067464623e-07	root;d__Bacteria;p__Proteobacteria;c__Alphaproteobacteria;o__Rhodobacterales;f__Rhodobacteraceae*	root;d__Bacteria;p__Proteobacteria;c__Alphaproteobacteria;o__Rhodobacterales;f__Rhodobacteraceae*
27-1-8_NODE_716150_length_293_cov_0.861111_1	27-1-8_NODE_716150_length_293_cov_0.861111_1	3	7.780068863982872e-08	293	2.636678944186366e-07		
27-1-8_NODE_716150_length_293_cov_0.861111_1	24-1-8_NODE_948905_length_254_cov_0.836158_1	2	5.8236756408343555e-08	254	2.2997773135083641e-07		
27-1-8_NODE_716158_length_293_cov_0.861111_1	27-1-8_NODE_716158_length_293_cov_0.861111_1	2	5.186712575988581e-08	293	1.7577859627909105e-07		
27-1-8_NODE_716158_length_293_cov_0.861111_1	33-1-10_NODE_588668_length_318_cov_0.751037_2	7	2.1557876894051966e-07	318	6.850461903841906e-07	root;d__Bacteria;p__Proteobacteria;c__Alphaproteobacteria;o__Pelagibacterales;f__Pelagibacteraceae;g__Pelagibacter	
27-1-8_NODE_716158_length_293_cov_0.861111_1	59-1-24_NODE_503734_length_340_cov_0.749049_2	3	8.695207584168739e-08	340	2.819172630833029e-07		
27-1-8_NODE_716171_length_293_cov_0.856481_1	27-1-8_NODE_716171_length_293_cov_0.856481_1	2	5.186712575988581e-08	293	1.7577859627909105e-07		
27-1-8_NODE_716171_length_293_cov_0.856481_1	23-1-10_NODE_1107471_length_240_cov_1.748466_1	5	1.9948430912280048e-07	240	7.322258612228181e-07		
27-1-8_NODE_730621_length_290_cov_1.737089_1	27-1-8_NODE_730621_length_290_cov_1.737089_1	6	1.5560137727965744e-07	290	5.327909866528312e-07	root;d__Bacteria;p__Proteobacteria;c__Gammaproteobacteria;o__Pseudomonadales;f__Halieaceae;g__Luminiphilus	root;d__Bacteria;p__Proteobacteria;c__Gammaproteobacteria;o__Pseudomonadales;f__Halieaceae;g__Luminiphilus
27-1-8_NODE_730621_length_290_cov_1.737089_1	19-1-12_NODE_1009397_length_247_cov_3.382353_1	7	2.017130393417654e-07	247	8.33110670387587e-07	root;d__Bacteria;p__Proteobacteria;c__Gammaproteobacteria;o__Pseudomonadales;f__Halieaceae;g__Luminiphilus	root;d__Bacteria;p__Proteobacteria;c__Gammaproteobacteria;o__Pseudomonadales;f__Halieaceae;g__Luminiphilus
27-1-8_NODE_730621_length_290_cov_1.737089_1	29-1-6_NODE_1018623_length_232_cov_1.296774_1	2	7.239625598418403e-08	232	3.367192782794243e-07	root;d__Bacteria;p__Proteobacteria;c__Gammaproteobacteria;o__Pseudomonadales;f__Halieaceae;g__Luminiphilus	root;d__Bacteria;p__Proteobacteria;c__Gammaproteobacteria;o__Pseudomonadales;f__Halieaceae;g__Luminiphilus
27-1-8_NODE_730621_length_290_cov_1.737089_1	30-1-6_NODE_700471_length_277_cov_1.280000_1	3	1.1452701069918969e-07	277	4.3826676748675187e-07	root;d__Bacteria;p__Proteobacteria;c__Gammaproteobacteria;o__Pseudomonadales;f__Halieaceae;g__Luminiphilus	root;d__Bacteria;p__Proteobacteria;c__Gammaproteobacteria;o__Pseudomonadales;f__Halieaceae;g__Luminiphilus
27-1-8_NODE_730627_length_290_cov_1.737089_1	27-1-8_NODE_730627_length_290_cov_1.737089_1	5	1.296678143997145e-07	290	4.4399248887735923e-07	root;d__Bacteria;p__Firmicutes;c__Bacilli;o__Acholeplasmatales;f__Acholeplasmataceae	root;d__Bacteria;p__Firmicutes;c__Bacilli;o__Acholeplasmatales;f__Acholeplasmataceae
27-1-8_NODE_730627_length_290_cov_1.737089_1	29-1-6_NODE_578387_length_300_cov_0.820628_2	1	3.619812799209201e-08	300	1.301981209347107e-07	root;d__Bacteria;p__Firmicutes;c__Bacilli;o__Acholeplasmatales;f__Acholeplasmataceae	root;d__Bacteria;p__Firmicutes;c__Bacilli;o__Acholeplasmatales;f__Acholeplasmataceae
27-1-8_NODE_730637_length_290_cov_1.737089_2	27-1-8_NODE_730637_length_290_cov_1.737089_2	5	1.296678143997145e-07	290	4.4399248887735923e-07	root;d__Bacteria;p__Proteobacteria;c__Gammaproteobacteria;o__Pseudomonadales;f__Halieaceae;g__Luminiphilus	root;d__Bacteria;p__Proteobacteria;c__Gammaproteobacteria;o__Pseudomonadales;f__Halieaceae;g__Luminiphilus
27-1-8_NODE_730637_length_290_cov_1.737089_2	18-1-3_NODE_517414_length_353_cov_1.025362_2	4	1.160594273012742e-07	353	3.500530928518904e-07	root;d__Bacteria;p__Proteobacteria;c__Gammaproteobacteria;o__Pseudomonadales;f__Halieaceae;g__Luminiphilus	root;d__Bacteria;p__Proteobacteria;c__Gammaproteobacteria;o__Pseudomonadales;f__Halieaceae;g__Luminiphilus
27-1-8_NODE_730637_length_290_cov_1.737089_2	19-1-12_NODE_1054535_length_243_cov_0.891566_1	2	5.7632296954790114e-08	243	2.419498360796402e-07	root;d__Bacteria;p__Proteobacteria;c__Gammaproteobacteria;o__Pseudomonadales;f__Halieaceae;g__Luminiphilus	root;d__Bacteria;p__Proteobacteria;c__Gammaproteobacteria;o__Pseudomonadales;f__Halieaceae;g__Luminiphilus
27-1-8_NODE_730637_length_290_cov_1.737089_2	28-1-6_NODE_627932_length_297_cov_1.572727_1	1	3.382094797817358e-08	297	1.1714123780443181e-07	root;d__Bacteria;p__Proteobacteria;c__Gammaproteobacteria;o__Pseudomonadales;f__Halieaceae;g__Luminiphilus	root;d__Bacteria;p__Proteobacteria;c__Gammaproteobacteria;o__Pseudomonadales;f__Halieaceae;g__Luminiphilus
27-1-8_NODE_730677_length_290_cov_1.727700_1	27-1-8_NODE_730677_length_290_cov_1.727700_1	7	1.8153494015960034e-07	290	6.21589484428303e-07	root;d__Bacteria;p__Cyanobacteria;c__Cyanobacteriia;o__PCC-6307;f__Cyanobiaceae;g__Synechococcus_E	root;d__Bacteria;p__Cyanobacteria;c__Cyanobacteriia;o__PCC-6307;f__Cyanobiaceae;g__Synechococcus_E
27-1-8_NODE_730677_length_290_cov_1.727700_1	54-1-10_NODE_938942_length_253_cov_0.840909_1	2	6.765260872518401e-08	253	2.8962831113018006e-07	root;d__Bacteria;p__Cyanobacteria;c__Cyanobacteriia;o__PCC-6307;f__Cyanobiaceae*	root;d__Bacteria;p__Cyanobacteria;c__Cyanobacteriia;o__PCC-6307;f__Cyanobiaceae;g__Synechococcus_E
27-1-8_NODE_739719_length_289_cov_1.047170_1	27-1-8_NODE_739719_length_289_cov_1.047170_1	3	7.780068863982872e-08	289	2.6731727704034784e-07	root;d__Bacteria;p__Cyanobacteria;c__Cyanobacteriia;o__PCC-6307;f__Cyanobiaceae;g__Synechococcus_E	root;d__Bacteria;p__Cyanobacteria;c__Cyanobacteriia;o__PCC-6307;f__Cyanobiaceae;g__Synechococcus_E
27-1-8_NODE_739719_length_289_cov_1.047170_1	54-1-10_NODE_1141538_length_237_cov_0.856250_1	3	1.01478913087776e-07	237	4.6377191592364267e-07	root;d__Bacteria;p__Cyanobacteria;c__Cyanobacteriia;o__PCC-6307;f__Cyanobiaceae;g__Synechococcus_E	root;d__Bacteria;p__Cyanobacteria;c__Cyanobacteriia;o__PCC-6307;f__Cyanobiaceae;g__Synechococcus_E
27-1-8_NODE_739798_length_289_cov_1.047170_1	27-1-8_NODE_739798_length_289_cov_1.047170_1	4	1.0373425151977162e-07	289	3.564230360537971e-07		
27-1-8_NODE_739798_length_289_cov_1.047170_1	23-1-10_NODE_694025_length_282_cov_0.882927_2	3	1.196905854736803e-07	282	3.7390256743292836e-07		
27-1-8_NODE_739803_length_289_cov_1.047170_1	27-1-8_NODE_739803_length_289_cov_1.047170_1	3	7.780068863982872e-08	289	2.6731727704034784e-07		
27-1-8_NODE_739803_length_289_cov_1.047170_1	59-1-24_NODE_1170051_length_236_cov_0.918239_1	2	5.796805056112493e-08	236	2.7076799279187284e-07		
27-1-8_NODE_752912_length_287_cov_0.938095_2	27-1-8_NODE_752912_length_287_cov_0.938095_2	3	7.780068863982872e-08	287	2.6918011520787636e-07	root;d__Bacteria;p__Proteobacteria;c__Gammaproteobacteria;o__Pseudomonadales	root;d__Bacteria;p__Proteobacteria;c__Gammaproteobacteria;o__Pseudomonadales
27-1-8_NODE_752912_length_287_cov_0.938095_2	67-1-15_NODE_163223_length_564_cov_1.468172_2	15	4.904665402745292e-07	564	9.588122224519716e-07	root;d__Bacteria;p__Proteobacteria;c__Gammaproteobacteria;o__Pseudomonadales	root;d__Bacteria;p__Proteobacteria;c__Gammaproteobacteria;o__Pseudomonadales
27-1-8_NODE_752932_length_287_cov_0.928571_1	27-1-8_NODE_752932_length_287_cov_0.928571_1	7	1.8153494015960034e-07	287	6.280869354850448e-07		
27-1-8_NODE_752932_length_287_cov_0.928571_1	70-1-2_NODE_226212_length_548_cov_1.331210_2	24	7.310613085071411e-07	548	1.3013272306319228e-06		
27-1-8_NODE_752946_length_287_cov_0.928571_1	27-1-8_NODE_752946_length_287_cov_0.928571_1	2	5.186712575988581e-08	287	1.7945341013858427e-07	root;d__Bacteria	root;d__Bacteria
27-1-8_NODE_752946_length_287_cov_0.928571_1	17-2-10_NODE_953573_length_251_cov_1.609195_1	5	1.6924668570985242e-07	251	7.01340144996799e-07	root;d__Bacteria	root;d__Bacteria
27-1-8_NODE_752946_length_287_cov_0.928571_1	18-1-1_NODE_469062_length_382_cov_0.931148_2	3	8.69467131418102e-08	382	2.2334820996440033e-07	root;d__Bacteria	root;d__Bacteria
27-1-8_NODE_752946_length_287_cov_0.928571_1	18-1-3_NODE_698752_length_296_cov_1.442922_1	9	2.6113371142786697e-07	296	9.392894222892364e-07	root;d__Bacteria	root;d__Bacteria
27-1-8_NODE_752946_length_287_cov_0.928571_1	19-1-6_NODE_569080_length_336_cov_1.007722_2	6	2.0314638538927859e-07	336	5.28060633058561e-07	root;d__Bacteria	root;d__Bacteria
27-1-8_NODE_752946_length_287_cov_0.928571_1	28-1-4_NODE_1445931_length_233_cov_0.923077_1	4	1.282185747171947e-07	233	5.217676508522074e-07	root;d__Bacteria	root;d__Bacteria
27-1-8_NODE_752946_length_287_cov_0.928571_1	58-1-2_NODE_1286170_length_237_cov_0.881250_1	7	2.6719525522299927e-07	237	1.1291144343046542e-06	root;d__Bacteria	root;d__Bacteria
27-1-8_NODE_752946_length_287_cov_0.928571_1	67-1-15_NODE_83754_length_823_cov_2.592493_1	29	9.48235311197423e-07	823	1.2703388181793801e-06	root;d__Bacteria	root;d__Bacteria
27-1-8_NODE_752947_length_287_cov_0.928571_1	27-1-8_NODE_752947_length_287_cov_0.928571_1	4	1.0373425151977162e-07	287	3.5890682027716854e-07	root;d__Bacteria;p__Proteobacteria;c__Gammaproteobacteria;o__Pseudomonadales;f__Halieaceae;g__Luminiphilus;s__Luminiphilus sp902547755	root;d__Bacteria;p__Proteobacteria;c__Gammaproteobacteria;o__Pseudomonadales;f__Halieaceae;g__Luminiphilus;s__Luminiphilus sp902547755
27-1-8_NODE_752947_length_287_cov_0.928571_1	24-1-8_NODE_268391_length_483_cov_0.987685_1	6	1.7471026922503066e-07	483	3.62822010951009e-07	root;d__Bacteria;p__Proteobacteria;c__Gammaproteobacteria;o__Pseudomonadales;f__Halieaceae;g__Luminiphilus	root;d__Bacteria;p__Proteobacteria;c__Gammaproteobacteria;o__Pseudomonadales;f__Halieaceae;g__Luminiphilus;s__Luminiphilus sp902547755
27-1-8_NODE_752947_length_287_cov_0.928571_1	38-1-14_NODE_149085_length_694_cov_1.500810_1	18	5.083744810696877e-07	694	8.059434307952797e-07	root;d__Bacteria;p__Proteobacteria;c__Gammaproteobacteria;o__Pseudomonadales;f__Halieaceae;g__Luminiphilus;s__Luminiphilus sp902547755	root;d__Bacteria;p__Proteobacteria;c__Gammaproteobacteria;o__Pseudomonadales;f__Halieaceae;g__Luminiphilus;s__Luminiphilus sp902547755
27-1-8_NODE_752975_length_287_cov_0.919048_1	27-1-8_NODE_752975_length_287_cov_0.919048_1	3	7.780068863982872e-08	287	2.6918011520787636e-07	root;d__Bacteria;p__Proteobacteria;c__Alphaproteobacteria;o__Pelagibacterales;f__Pelagibacteraceae;g__Pelagibacter;s__Pelagibacter sp902558705	root;d__Bacteria;p__Proteobacteria;c__Alphaproteobacteria;o__Pelagibacterales;f__Pelagibacteraceae;g__Pelagibacter;s__Pelagibacter sp902558705
27-1-8_NODE_752975_length_287_cov_0.919048_1	38-1-14_NODE_679295_length_282_cov_1.082927_1	4	1.1297210690437504e-07	282	4.4076023717251705e-07	root;d__Bacteria;p__Proteobacteria;c__Alphaproteobacteria;o__Pelagibacterales;f__Pelagibacteraceae;g__Pelagibacter;s__Pelagibacter sp902558705	root;d__Bacteria;p__Proteobacteria;c__Alphaproteobacteria;o__Pelagibacterales;f__Pelagibacteraceae;g__Pelagibacter;s__Pelagibacter sp902558705
27-1-8_NODE_752985_length_287_cov_0.914286_1	27-1-8_NODE_752985_length_287_cov_0.914286_1	3	7.780068863982872e-08	287	2.6918011520787636e-07	root;d__Bacteria;p__Marinisomatota;c__Marinisomatia;o__SCGC-AAA003-L08;f__GCA-002704045;g__GCA-002704045*	root;d__Bacteria;p__Marinisomatota;c__Marinisomatia;o__SCGC-AAA003-L08;f__GCA-002704045;g__GCA-002704045*
27-1-8_NODE_752985_length_287_cov_0.914286_1	38-1-10_NODE_1448670_length_236_cov_0.930818_1	2	5.7990667445906594e-08	236	2.38861991581809e-07	root;d__Bacteria;p__Marinisomatota;c__Marinisomatia;o__SCGC-AAA003-L08;f__GCA-002704045;g__GCA-002704045*	root;d__Bacteria;p__Marinisomatota;c__Marinisomatia;o__SCGC-AAA003-L08;f__GCA-002704045;g__GCA-002704045*
29-1-4_NODE_1525980_length_238_cov_0.869565_1	29-1-4_NODE_1525980_length_238_cov_0.869565_1	1	3.387214660190222e-08	238	1.3281057715420485e-07		
29-1-4_NODE_1525980_length_238_cov_0.869565_1	18-1-6_NODE_1324862_length_236_cov_0.647799_1	1	3.1495928080434047e-08	236	1.2062937525151725e-07		
29-1-4_NODE_1525989_length_238_cov_0.869565_1	29-1-4_NODE_1525989_length_238_cov_0.869565_1	2	6.774429320380444e-08	238	2.656211543084097e-07	root;d__Bacteria;p__Planctomycetota;c__Phycisphaerae;o__Phycisphaerales;f__SM1A02;g__UBA12567;s__UBA12567 sp003520025*	root;d__Bacteria;p__Planctomycetota;c__Phycisphaerae;o__Phycisphaerales;f__SM1A02;g__UBA12567;s__UBA12567 sp003520025*
29-1-4_NODE_1525989_length_238_cov_0.869565_1	17-2-6_NODE_331922_length_477_cov_1.352500_1	10	2.901069357373683e-07	477	5.52760970803643e-07		root;d__Bacteria;p__Planctomycetota;c__Phycisphaerae;o__Phycisphaerales;f__SM1A02;g__UBA12567;s__UBA12567 sp003520025*
29-1-4_NODE_1525989_length_238_cov_0.869565_1	18-1-4_NODE_1639672_length_234_cov_0.853503_1	2	6.76885287979492e-08	234	2.650061134771293e-07		root;d__Bacteria;p__Planctomycetota;c__Phycisphaerae;o__Phycisphaerales;f__SM1A02;g__UBA12567;s__UBA12567 sp003520025*
29-1-4_NODE_1525989_length_238_cov_0.869565_1	18-1-6_NODE_333484_length_435_cov_0.960894_1	5	1.5747964040217023e-07	435	3.2722451217652955e-07		root;d__Bacteria;p__Planctomycetota;c__Phycisphaerae;o__Phycisphaerales;f__SM1A02;g__UBA12567;s__UBA12567 sp003520025*
29-1-4_NODE_1525989_length_238_cov_0.869565_1	33-1-6_NODE_1463061_length_236_cov_1.069182_1	3	8.239972612528362e-08	236	3.380619030769944e-07		root;d__Bacteria;p__Planctomycetota;c__Phycisphaerae;o__Phycisphaerales;f__SM1A02;g__UBA12567;s__UBA12567 sp003520025*
29-1-4_NODE_1525989_length_238_cov_0.869565_1	52-1-2_NODE_330276_length_422_cov_1.307246_1	10	3.4298542332529993e-07	422	7.564013570658998e-07		root;d__Bacteria;p__Planctomycetota;c__Phycisphaerae;o__Phycisphaerales;f__SM1A02;g__UBA12567;s__UBA12567 sp003520025*
29-1-4_NODE_1525989_length_238_cov_0.869565_1	53-1-2_NODE_1277419_length_252_cov_0.731429_1	2	6.766925891808088e-08	252	2.504160588005865e-07		root;d__Bacteria;p__Planctomycetota;c__Phycisphaerae;o__Phycisphaerales;f__SM1A02;g__UBA12567;s__UBA12567 sp003520025*
29-1-4_NODE_1525989_length_238_cov_0.869565_1	65-1-2_NODE_562324_length_342_cov_0.981132_1	4	1.269305743703688e-07	342	3.6307940721959854e-07		root;d__Bacteria;p__Planctomycetota;c__Phycisphaerae;o__Phycisphaerales;f__SM1A02;g__UBA12567;s__UBA12567 sp003520025*
29-1-4_NODE_1525999_length_238_cov_0.869565_1	29-1-4_NODE_1525999_length_238_cov_0.869565_1	2	6.774429320380444e-08	238	2.656211543084097e-07		
29-1-4_NODE_1525999_length_238_cov_0.869565_1	28-1-2_NODE_590844_length_336_cov_0.857143_1	5	1.6917816158964132e-07	336	4.681257489277663e-07		
29-1-4_NODE_1526002_length_238_cov_0.869565_1	29-1-4_NODE_1526002_length_238_cov_0.869565_1	2	6.774429320380444e-08	238	2.656211543084097e-07	root;d__Archaea;p__Thermoproteota;c__Nitrososphaeria;o__Nitrososphaerales;f__Nitrosopumilaceae	root;d__Archaea;p__Thermoproteota;c__Nitrososphaeria;o__Nitrososphaerales;f__Nitrosopumilaceae
29-1-4_NODE_1526002_length_238_cov_0.869565_1	31-1-2_NODE_1292535_length_258_cov_1.635359_1	4	1.2306482864422495e-07	258	4.640975775780547e-07	root;d__Archaea;p__Thermoproteota;c__Nitrososphaeria;o__Nitrososphaerales;f__Nitrosopumilaceae;g__Nitrosopelagicus;s__Nitrosopelagicus sp902552015	root;d__Archaea;p__Thermoproteota;c__Nitrososphaeria;o__Nitrososphaerales;f__Nitrosopumilaceae
29-1-4_NODE_1542623_length_237_cov_0.893750_1	29-1-4_NODE_1542623_length_237_cov_0.893750_1	8	2.709771728152178e-07	237	1.0669676746903208e-06	root;d__Bacteria;p__Proteobacteria;c__Alphaproteobacteria;o__Pelagibacterales;f__Pelagibacteraceae;g__Pelagibacter	root;d__Bacteria;p__Proteobacteria;c__Alphaproteobacteria;o__Pelagibacterales;f__Pelagibacteraceae;g__Pelagibacter
29-1-4_NODE_1542623_length_237_cov_0.893750_1	19-1-6_NODE_161457_length_645_cov_0.829225_2	10	3.38577308982131e-07	645	4.5847124730665756e-07	root;d__Bacteria;p__Proteobacteria;c__Alphaproteobacteria;o__Pelagibacterales;f__Pelagibacteraceae;g__Pelagibacter	root;d__Bacteria;p__Proteobacteria;c__Alphaproteobacteria;o__Pelagibacterales;f__Pelagibacteraceae;g__Pelagibacter
29-1-4_NODE_1542623_length_237_cov_0.893750_1	30-1-2_NODE_158734_length_591_cov_1.064202_1	17	5.750226271403779e-07	591	9.150349125231798e-07	root;d__Bacteria;p__Proteobacteria;c__Alphaproteobacteria;o__Pelagibacterales;f__Pelagibacteraceae;g__Pelagibacter	root;d__Bacteria;p__Proteobacteria;c__Alphaproteobacteria;o__Pelagibacterales;f__Pelagibacteraceae;g__Pelagibacter
29-1-4_NODE_1542623_length_237_cov_0.893750_1	32-1-4_NODE_450380_length_417_cov_1.714706_2	9	2.6084432758360943e-07	417	5.887041874897784e-07	root;d__Bacteria;p__Proteobacteria;c__Alphaproteobacteria;o__Pelagibacterales;f__Pelagibacteraceae;g__Pelagibacter	root;d__Bacteria;p__Proteobacteria;c__Alphaproteobacteria;o__Pelagibacterales;f__Pelagibacteraceae;g__Pelagibacter
29-1-4_NODE_1542623_length_237_cov_0.893750_1	59-1-20_NODE_759082_length_314_cov_0.898734_1	3	1.0154614842567251e-07	314	3.1379811647273757e-07	root;d__Bacteria;p__Proteobacteria;c__Alphaproteobacteria;o__Pelagibacterales;f__Pelagibacteraceae;g__Pelagibacter	root;d__Bacteria;p__Proteobacteria;c__Alphaproteobacteria;o__Pelagibacterales;f__Pelagibacteraceae;g__Pelagibacter
29-1-4_NODE_1558827_length_236_cov_0.930818_1	29-1-4_NODE_1558827_length_236_cov_0.930818_1	4	1.354885864076089e-07	236	5.357443620796738e-07		
29-1-4_NODE_1558827_length_236_cov_0.930818_1	17-2-2_NODE_575438_length_312_cov_0.902128_1	2	8.1144152018051e-08	312	2.302989431937572e-07		
29-1-4_NODE_1558904_length_236_cov_0.924528_1	29-1-4_NODE_1558904_length_236_cov_0.924528_1	2	6.774429320380444e-08	236	2.678721810398369e-07	root;d__Bacteria	root;d__Bacteria
29-1-4_NODE_1558904_length_236_cov_0.924528_1	19-1-2_NODE_1031810_length_280_cov_1.093596_1	2	5.8049012174154933e-08	280	1.916779191456347e-07	root;d__Bacteria	root;d__Bacteria
29-1-4_NODE_1577540_length_235_cov_0.886076_1	29-1-4_NODE_1577540_length_235_cov_0.886076_1	2	6.774429320380444e-08	235	2.6901206266128303e-07	root;d__Bacteria;p__Chloroflexota;c__Dehalococcoidia;o__UBA6926;f__UBA6926	root;d__Bacteria;p__Chloroflexota;c__Dehalococcoidia;o__UBA6926;f__UBA6926
29-1-4_NODE_1577540_length_235_cov_0.886076_1	31-1-2_NODE_1733640_length_232_cov_0.903226_1	2	6.153241432211247e-08	232	2.580542564981425e-07	root;d__Bacteria;p__Chloroflexota;c__Dehalococcoidia;o__UBA6926;f__UBA6926	root;d__Bacteria;p__Chloroflexota;c__Dehalococcoidia;o__UBA6926;f__UBA6926
29-1-4_NODE_1577554_length_235_cov_0.886076_1	29-1-4_NODE_1577554_length_235_cov_0.886076_1	2	6.774429320380444e-08	235	2.6901206266128303e-07	root;d__Bacteria;p__Patescibacteria;c__Paceibacteria;o__UBA9983_A;f__GCA-002724975;g__GCA-002724975;s__GCA-002724975 sp002724975	root;d__Bacteria;p__Patescibacteria;c__Paceibacteria;o__UBA9983_A;f__GCA-002724975;g__GCA-002724975;s__GCA-002724975 sp002724975
29-1-4_NODE_1577554_length_235_cov_0.886076_1	33-1-2_NODE_1670177_length_231_cov_0.928571_2	3	1.014663648470726e-07	231	4.0314986758737563e-07	root;d__Bacteria	root;d__Bacteria;p__Patescibacteria;c__Paceibacteria;o__UBA9983_A;f__GCA-002724975;g__GCA-002724975;s__GCA-002724975 sp002724975
29-1-4_NODE_1577554_length_235_cov_0.886076_2	29-1-4_NODE_1577554_length_235_cov_0.886076_2	2	6.774429320380444e-08	235	2.6901206266128303e-07	root;d__Bacteria;p__Patescibacteria;c__Paceibacteria;o__UBA9983_A;f__GCA-002724975;g__GCA-002724975;s__GCA-002724975 sp002724975	root;d__Bacteria;p__Patescibacteria;c__Paceibacteria;o__UBA9983_A;f__GCA-002724975;g__GCA-002724975;s__GCA-002724975 sp002724975
29-1-4_NODE_1577554_length_235_cov_0.886076_2	30-1-4_NODE_575402_length_357_cov_0.500000_1	4	1.2173288712549334e-07	357	3.181098097617268e-07	root;d__Bacteria	root;d__Bacteria;p__Patescibacteria;c__Paceibacteria;o__UBA9983_A;f__GCA-002724975;g__GCA-002724975;s__GCA-002724975 sp002724975
29-1-4_NODE_1577605_length_235_cov_0.886076_1	29-1-4_NODE_1577605_length_235_cov_0.886076_1	2	6.774429320380444e-08	235	2.6901206266128303e-07	root;d__Bacteria;p__Cyanobacteria;c__Cyanobacteriia;o__PCC-6307;f__Cyanobiaceae;g__AG-409-J16;s__AG-409-J16 sp003215655*	root;d__Bacteria;p__Cyanobacteria;c__Cyanobacteriia;o__PCC-6307;f__Cyanobiaceae;g__AG-409-J16;s__AG-409-J16 sp003215655*
29-1-4_NODE_1577605_length_235_cov_0.886076_1	57-1-2_NODE_1705769_length_234_cov_0.770701_1	2	6.087561413602376e-08	234	2.491977379123217e-07	root;d__Bacteria;p__Cyanobacteria;c__Cyanobacteriia;o__PCC-6307;f__Cyanobiaceae;g__AG-409-J16;s__AG-409-J16 sp003215655*	root;d__Bacteria;p__Cyanobacteria;c__Cyanobacteriia;o__PCC-6307;f__Cyanobiaceae;g__AG-409-J16;s__AG-409-J16 sp003215655*
29-1-4_NODE_1595121_length_234_cov_0.872611_1	29-1-4_NODE_1595121_length_234_cov_0.872611_1	2	6.774429320380444e-08	234	2.7016168686069025e-07	root;d__Archaea;p__Thermoplasmatota;c__Poseidoniia_A;o__Poseidoniales;f__Thalassarchaeaceae;g__Thalassarchaeum;s__Thalassarchaeum sp002714745	root;d__Archaea;p__Thermoplasmatota;c__Poseidoniia_A;o__Poseidoniales;f__Thalassarchaeaceae;g__Thalassarchaeum;s__Thalassarchaeum sp002714745
29-1-4_NODE_1595121_length_234_cov_0.872611_1	33-1-2_NODE_67109_length_984_cov_3.140022_1	42	1.4205291078590164e-06	984	1.324986455058509e-06	root;d__Archaea;p__Thermoplasmatota;c__Poseidoniia_A;o__Poseidoniales;f__Thalassarchaeaceae;g__Thalassarchaeum;s__Thalassarchaeum sp002714745	root;d__Archaea;p__Thermoplasmatota;c__Poseidoniia_A;o__Poseidoniales;f__Thalassarchaeaceae;g__Thalassarchaeum;s__Thalassarchaeum sp002714745
29-1-4_NODE_1610908_length_233_cov_0.923077_1	29-1-4_NODE_1610908_length_233_cov_0.923077_1	2	6.774429320380444e-08	233	2.7132117907897646e-07		
29-1-4_NODE_1610908_length_233_cov_0.923077_1	53-1-2_NODE_658806_length_321_cov_0.811475_1	6	2.0300777675424265e-07	321	5.897649235303532e-07		
29-1-4_NODE_1610908_length_233_cov_0.923077_1	65-1-2_NODE_1587051_length_229_cov_1.717105_1	2	6.34652871851844e-08	229	2.7112043071856487e-07		
29-1-4_NODE_1610973_length_233_cov_0.923077_1	29-1-4_NODE_1610973_length_233_cov_0.923077_1	2	6.774429320380444e-08	233	2.7132117907897646e-07	root;d__Bacteria;p__Proteobacteria;c__Alphaproteobacteria;o__Pelagibacterales;f__Pelagibacteraceae	root;d__Bacteria;p__Proteobacteria;c__Alphaproteobacteria;o__Pelagibacterales;f__Pelagibacteraceae
29-1-4_NODE_1610973_length_233_cov_0.923077_1	18-1-6_NODE_256768_length_498_cov_1.118765_2	17	5.354307773673789e-07	498	9.718173765242718e-07	root;d__Bacteria;p__Proteobacteria;c__Alphaproteobacteria;o__Pelagibacterales;f__Pelagibacteraceae	root;d__Bacteria;p__Proteobacteria;c__Alphaproteobacteria;o__Pelagibacterales;f__Pelagibacteraceae
29-1-4_NODE_1610993_length_233_cov_0.923077_1	29-1-4_NODE_1610993_length_233_cov_0.923077_1	1	3.387214660190222e-08	233	1.3566058953948823e-07		
29-1-4_NODE_1610993_length_233_cov_0.923077_1	59-1-20_NODE_436811_length_417_cov_0.779412_2	4	1.3539486456756336e-07	417	3.150523055873369e-07	root;d__Bacteria;p__Planctomycetota;c__Planctomycetes;o__Planctomycetales;f__Planctomycetaceae	
29-1-4_NODE_1629441_length_232_cov_0.877419_1	29-1-4_NODE_1629441_length_232_cov_0.877419_1	2	6.774429320380444e-08	232	2.7249066691983406e-07	root;d__Bacteria;p__Proteobacteria;c__Gammaproteobacteria;o__UBA6522;f__UBA6522;g__TMED78;s__TMED78 sp002171615*	root;d__Bacteria;p__Proteobacteria;c__Gammaproteobacteria;o__UBA6522;f__UBA6522;g__TMED78;s__TMED78 sp002171615*
29-1-4_NODE_1629441_length_232_cov_0.877419_1	17-2-4_NODE_449789_length_400_cov_1.074303_2	5	1.449535774571907e-07	400	3.40262254257121e-07	root;d__Bacteria;p__Proteobacteria;c__Gammaproteobacteria;o__UBA6522;f__UBA6522;g__TMED78;s__TMED78 sp002171615*	root;d__Bacteria;p__Proteobacteria;c__Gammaproteobacteria;o__UBA6522;f__UBA6522;g__TMED78;s__TMED78 sp002171615*
29-1-4_NODE_1644805_length_231_cov_0.948052_1	29-1-4_NODE_1644805_length_231_cov_0.948052_1	1	3.387214660190222e-08	231	1.3683514009827165e-07	root;d__Bacteria;p__Proteobacteria;c__Alphaproteobacteria;o__Pelagibacterales;f__Pelagibacteraceae;g__GCA-2704625	root;d__Bacteria;p__Proteobacteria;c__Alphaproteobacteria;o__Pelagibacterales;f__Pelagibacteraceae;g__GCA-2704625
29-1-4_NODE_1644805_length_231_cov_0.948052_1	68-1-2_NODE_1461308_length_242_cov_0.727273_2	6	1.891422035394559e-07	242	7.511899702448029e-07	root;d__Bacteria;p__Proteobacteria;c__Alphaproteobacteria;o__Pelagibacterales;f__Pelagibacteraceae;g__GCA-2704625	root;d__Bacteria;p__Proteobacteria;c__Alphaproteobacteria;o__Pelagibacterales;f__Pelagibacteraceae;g__GCA-2704625
29-1-4_NODE_1661207_length_230_cov_0.967320_1	29-1-4_NODE_1661207_length_230_cov_0.967320_1	5	1.6936073300951108e-07	230	6.871503774500164e-07	root;d__Bacteria;p__Proteobacteria;c__Alphaproteobacteria;o__Pelagibacterales;f__Pelagibacteraceae	root;d__Bacteria;p__Proteobacteria;c__Alphaproteobacteria;o__Pelagibacterales;f__Pelagibacteraceae
29-1-4_NODE_1661207_length_230_cov_0.967320_1	28-1-2_NODE_670848_length_318_cov_0.522822_1	7	2.3684942622549784e-07	318	6.92472805961073e-07	root;d__Bacteria;p__Proteobacteria;c__Alphaproteobacteria;o__Pelagibacterales;f__Pelagibacteraceae	root;d__Bacteria;p__Proteobacteria;c__Alphaproteobacteria;o__Pelagibacterales;f__Pelagibacteraceae
29-1-4_NODE_1677750_length_229_cov_0.973684_1	29-1-4_NODE_1677750_length_229_cov_0.973684_1	1	3.387214660190222e-08	229	1.3803020682402076e-07		
29-1-4_NODE_1677750_length_229_cov_0.973684_1	24-1-2_NODE_49224_length_1220_cov_6.454068_1	100	3.38987256587658e-06	1220	2.5097031954286903e-06	root;d__Archaea;p__Thermoplasmatota;c__Poseidoniia_A;o__Poseidoniales;f__Thalassarchaeaceae;g__MGIIb-O3;s__MGIIb-O3 sp002506755	
29-1-4_NODE_1677762_length_229_cov_0.973684_1	29-1-4_NODE_1677762_length_229_cov_0.973684_1	3	1.0161643980570665e-07	229	4.1409062047206226e-07	root;d__Bacteria;p__Proteobacteria;c__Alphaproteobacteria;o__TMED109;f__TMED131;g__GCA-2715505;s__GCA-2715505 sp002715505*	root;d__Bacteria;p__Proteobacteria;c__Alphaproteobacteria;o__TMED109;f__TMED131;g__GCA-2715505;s__GCA-2715505 sp002715505*
29-1-4_NODE_1677762_length_229_cov_0.973684_1	31-1-2_NODE_1022874_length_279_cov_0.544554_1	3	9.22986214831687e-08	279	3.2187412638477985e-07	root;d__Bacteria;p__Proteobacteria;c__Alphaproteobacteria;o__TMED109;f__TMED131;g__GCA-2715505;s__GCA-2715505 sp002715505*	root;d__Bacteria;p__Proteobacteria;c__Alphaproteobacteria;o__TMED109;f__TMED131;g__GCA-2715505;s__GCA-2715505 sp002715505*
29-1-4_NODE_1701510_length_101_cov_2.458333_1	29-1-4_NODE_1701510_length_101_cov_2.458333_1	1	3.387214660190222e-08	101	3.129595778485223e-07		
29-1-4_NODE_1701510_length_101_cov_2.458333_1	32-1-8_NODE_1547091_length_101_cov_2.333333_1	1	3.04428552597491e-08	101	2.834144306455861e-07		
29-1-4_NODE_1701529_length_101_cov_2.291667_1	29-1-4_NODE_1701529_length_101_cov_2.291667_1	12	4.064657592228266e-07	101	3.7555149341822676e-06		
29-1-4_NODE_1701529_length_101_cov_2.291667_1	38-1-2_NODE_1492752_length_101_cov_4.291667_1	41	1.1839260269157785e-06	101	1.0718880626242312e-05		
29-1-4_NODE_1701571_length_101_cov_1.916667_1	29-1-4_NODE_1701571_length_101_cov_1.916667_1	1	3.387214660190222e-08	101	3.129595778485223e-07		
29-1-4_NODE_1701571_length_101_cov_1.916667_1	52-1-2_NODE_1553166_length_101_cov_1.458333_1	2	6.859708466505999e-08	101	6.320819261025935e-07		
29-1-4_NODE_1701572_length_101_cov_1.916667_1	29-1-4_NODE_1701572_length_101_cov_1.916667_1	2	6.774429320380444e-08	101	6.259191556970446e-07		
29-1-4_NODE_1701572_length_101_cov_1.916667_1	56-1-2_NODE_1679588_length_101_cov_1.375000_1	1	3.4095422859958165e-08	101	3.1314341284932856e-07		
29-1-6_NODE_1060_length_11285_cov_2.471360_3	29-1-6_NODE_1060_length_11285_cov_2.471360_3	352	1.2741741053216389e-05	11285	1.2183359832260037e-06	root;d__Bacteria;p__Proteobacteria;c__Gammaproteobacteria;o__Pseudomonadales;f__Halieaceae;g__Luminiphilus	root;d__Bacteria;p__Proteobacteria;c__Gammaproteobacteria;o__Pseudomonadales;f__Halieaceae;g__Luminiphilus
29-1-6_NODE_1060_length_11285_cov_2.471360_3	17-2-10_NODE_15548_length_2609_cov_2.629542_1	86	2.9110429942094616e-06	2609	1.1605311130625454e-06	root;d__Bacteria;p__Proteobacteria;c__Gammaproteobacteria;o__Pseudomonadales;f__Halieaceae;g__Luminiphilus	root;d__Bacteria;p__Proteobacteria;c__Gammaproteobacteria;o__Pseudomonadales;f__Halieaceae;g__Luminiphilus
29-1-6_NODE_1060_length_11285_cov_2.471360_3	17-2-10_NODE_501957_length_345_cov_2.470149_1	6	2.030960228518229e-07	345	6.12300439631988e-07	root;d__Bacteria;p__Proteobacteria;c__Gammaproteobacteria;o__Pseudomonadales;f__Halieaceae;g__Luminiphilus	root;d__Bacteria;p__Proteobacteria;c__Gammaproteobacteria;o__Pseudomonadales;f__Halieaceae;g__Luminiphilus
29-1-6_NODE_1060_length_11285_cov_2.471360_3	18-1-1_NODE_72605_length_1053_cov_1.413934_1	22	6.376092297066082e-07	1053	5.941811828239382e-07	root;d__Bacteria;p__Proteobacteria;c__Gammaproteobacteria;o__Pseudomonadales;f__Halieaceae;g__Luminiphilus	root;d__Bacteria;p__Proteobacteria;c__Gammaproteobacteria;o__Pseudomonadales;f__Halieaceae;g__Luminiphilus
29-1-6_NODE_1060_length_11285_cov_2.471360_3	18-1-1_NODE_1331474_length_245_cov_0.815476_1	2	5.796447542787347e-08	245	2.3216058831673722e-07	root;d__Bacteria;p__Proteobacteria;c__Gammaproteobacteria;o__Pseudomonadales;f__Halieaceae;g__Luminiphilus	root;d__Bacteria;p__Proteobacteria;c__Gammaproteobacteria;o__Pseudomonadales;f__Halieaceae;g__Luminiphilus
29-1-6_NODE_1060_length_11285_cov_2.471360_3	18-1-3_NODE_18144_length_2490_cov_1.810195_3	64	1.8569508368203871e-06	2490	7.940160114166574e-07	root;d__Bacteria;p__Proteobacteria;c__Gammaproteobacteria;o__Pseudomonadales;f__Halieaceae;g__Luminiphilus	root;d__Bacteria;p__Proteobacteria;c__Gammaproteobacteria;o__Pseudomonadales;f__Halieaceae;g__Luminiphilus
29-1-6_NODE_1060_length_11285_cov_2.471360_3	19-1-12_NODE_17837_length_2395_cov_1.792062_1	70	2.017130393417654e-06	2395	8.59199731046906e-07	root;d__Bacteria;p__Proteobacteria;c__Gammaproteobacteria;o__Pseudomonadales;f__Halieaceae;g__Luminiphilus	root;d__Bacteria;p__Proteobacteria;c__Gammaproteobacteria;o__Pseudomonadales;f__Halieaceae;g__Luminiphilus
29-1-6_NODE_1060_length_11285_cov_2.471360_3	19-1-12_NODE_1050465_length_243_cov_1.855422_1	6	1.7289689086437035e-07	243	7.258495082389206e-07	root;d__Bacteria;p__Proteobacteria;c__Gammaproteobacteria;o__Pseudomonadales;f__Halieaceae;g__Luminiphilus	root;d__Bacteria;p__Proteobacteria;c__Gammaproteobacteria;o__Pseudomonadales;f__Halieaceae;g__Luminiphilus
29-1-6_NODE_1060_length_11285_cov_2.471360_3	19-1-12_NODE_1117171_length_237_cov_0.925000_1	4	1.1526459390958023e-07	237	4.961502967709078e-07	root;d__Bacteria;p__Proteobacteria;c__Gammaproteobacteria;o__Pseudomonadales;f__Halieaceae;g__Luminiphilus	root;d__Bacteria;p__Proteobacteria;c__Gammaproteobacteria;o__Pseudomonadales;f__Halieaceae;g__Luminiphilus
29-1-6_NODE_1060_length_11285_cov_2.471360_3	19-1-6_NODE_1393381_length_236_cov_0.842767_1	2	6.77154617964262e-08	236	2.5060504619728315e-07	root;d__Bacteria;p__Proteobacteria;c__Gammaproteobacteria;o__Pseudomonadales;f__Halieaceae;g__Luminiphilus	root;d__Bacteria;p__Proteobacteria;c__Gammaproteobacteria;o__Pseudomonadales;f__Halieaceae;g__Luminiphilus
29-1-6_NODE_1060_length_11285_cov_2.471360_3	19-1-6_NODE_1454461_length_232_cov_0.761290_1	2	6.77154617964262e-08	232	2.54925822855857e-07	root;d__Bacteria;p__Proteobacteria;c__Gammaproteobacteria;o__Pseudomonadales;f__Halieaceae;g__Luminiphilus	root;d__Bacteria;p__Proteobacteria;c__Gammaproteobacteria;o__Pseudomonadales;f__Halieaceae;g__Luminiphilus
29-1-6_NODE_1060_length_11285_cov_2.471360_3	23-1-16_NODE_14385_length_2653_cov_3.022516_1	107	3.102754770673945e-06	2653	1.3394275705512547e-06	root;d__Bacteria;p__Proteobacteria;c__Gammaproteobacteria;o__Pseudomonadales;f__Halieaceae;g__Luminiphilus	root;d__Bacteria;p__Proteobacteria;c__Gammaproteobacteria;o__Pseudomonadales;f__Halieaceae;g__Luminiphilus
29-1-6_NODE_1060_length_11285_cov_2.471360_3	23-1-16_NODE_185483_length_567_cov_2.275510_1	16	4.6396333019423476e-07	567	9.37151123551726e-07	root;d__Bacteria;p__Proteobacteria;c__Gammaproteobacteria;o__Pseudomonadales;f__Halieaceae;g__Luminiphilus	root;d__Bacteria;p__Proteobacteria;c__Gammaproteobacteria;o__Pseudomonadales;f__Halieaceae;g__Luminiphilus
29-1-6_NODE_1060_length_11285_cov_2.471360_3	24-1-8_NODE_69395_length_1037_cov_1.978125_2	25	7.279594551042945e-07	1037	7.041266123808154e-07	root;d__Bacteria;p__Proteobacteria;c__Gammaproteobacteria;o__Pseudomonadales;f__Halieaceae;g__Luminiphilus	root;d__Bacteria;p__Proteobacteria;c__Gammaproteobacteria;o__Pseudomonadales;f__Halieaceae;g__Luminiphilus
29-1-6_NODE_1060_length_11285_cov_2.471360_3	24-1-8_NODE_152925_length_662_cov_1.408547_1	12	3.4942053845006133e-07	662	5.294351398469406e-07	root;d__Bacteria;p__Proteobacteria;c__Gammaproteobacteria;o__Pseudomonadales;f__Halieaceae;g__Luminiphilus	root;d__Bacteria;p__Proteobacteria;c__Gammaproteobacteria;o__Pseudomonadales;f__Halieaceae;g__Luminiphilus
29-1-6_NODE_1060_length_11285_cov_2.471360_3	24-1-8_NODE_1145337_length_237_cov_1.243750_1	5	1.455918910208589e-07	237	6.161850607923255e-07	root;d__Bacteria;p__Proteobacteria;c__Gammaproteobacteria;o__Pseudomonadales;f__Halieaceae;g__Luminiphilus	root;d__Bacteria;p__Proteobacteria;c__Gammaproteobacteria;o__Pseudomonadales;f__Halieaceae;g__Luminiphilus
29-1-6_NODE_1060_length_11285_cov_2.471360_3	27-1-8_NODE_37438_length_1486_cov_1.716111_3	33	8.558075750381158e-07	1486	5.718718867505153e-07	root;d__Bacteria;p__Proteobacteria;c__Gammaproteobacteria;o__Pseudomonadales;f__Halieaceae;g__Luminiphilus	root;d__Bacteria;p__Proteobacteria;c__Gammaproteobacteria;o__Pseudomonadales;f__Halieaceae;g__Luminiphilus
29-1-6_NODE_1060_length_11285_cov_2.471360_3	27-1-8_NODE_124241_length_772_cov_2.000000_1	22	5.70538383358744e-07	772	7.338528702169825e-07	root;d__Bacteria;p__Proteobacteria;c__Gammaproteobacteria;o__Pseudomonadales;f__Halieaceae;g__Luminiphilus	root;d__Bacteria;p__Proteobacteria;c__Gammaproteobacteria;o__Pseudomonadales;f__Halieaceae;g__Luminiphilus
29-1-6_NODE_1060_length_11285_cov_2.471360_3	27-1-8_NODE_425333_length_389_cov_1.766026_1	8	2.0746850303954324e-07	389	5.29595153828007e-07	root;d__Bacteria;p__Proteobacteria;c__Gammaproteobacteria;o__Pseudomonadales;f__Halieaceae;g__Luminiphilus	root;d__Bacteria;p__Proteobacteria;c__Gammaproteobacteria;o__Pseudomonadales;f__Halieaceae;g__Luminiphilus
29-1-6_NODE_1060_length_11285_cov_2.471360_3	28-1-6_NODE_19291_length_2118_cov_1.760412_1	57	1.927794034755894e-06	2118	9.363002902697007e-07	root;d__Bacteria;p__Proteobacteria;c__Gammaproteobacteria;o__Pseudomonadales;f__Halieaceae;g__Luminiphilus	root;d__Bacteria;p__Proteobacteria;c__Gammaproteobacteria;o__Pseudomonadales;f__Halieaceae;g__Luminiphilus
29-1-6_NODE_1060_length_11285_cov_2.471360_3	28-1-6_NODE_183532_length_600_cov_1.305927_1	8	2.7056758382538865e-07	600	4.6387930170555e-07	root;d__Bacteria;p__Proteobacteria;c__Gammaproteobacteria;o__Pseudomonadales;f__Halieaceae;g__Luminiphilus	root;d__Bacteria;p__Proteobacteria;c__Gammaproteobacteria;o__Pseudomonadales;f__Halieaceae;g__Luminiphilus
29-1-6_NODE_1060_length_11285_cov_2.471360_3	28-1-6_NODE_193213_length_583_cov_1.401186_1	13	4.396723237162566e-07	583	7.757844239501051e-07	root;d__Bacteria;p__Proteobacteria;c__Gammaproteobacteria;o__Pseudomonadales;f__Halieaceae;g__Luminiphilus	root;d__Bacteria;p__Proteobacteria;c__Gammaproteobacteria;o__Pseudomonadales;f__Halieaceae;g__Luminiphilus
29-1-6_NODE_1060_length_11285_cov_2.471360_3	28-1-6_NODE_410449_length_379_cov_0.993377_1	6	2.029256878690415e-07	379	5.507801735290172e-07	root;d__Bacteria;p__Proteobacteria;c__Gammaproteobacteria;o__Pseudomonadales;f__Halieaceae;g__Luminiphilus	root;d__Bacteria;p__Proteobacteria;c__Gammaproteobacteria;o__Pseudomonadales;f__Halieaceae;g__Luminiphilus
29-1-6_NODE_1060_length_11285_cov_2.471360_3	28-1-6_NODE_481247_length_346_cov_1.472119_1	10	3.3820947978173584e-07	346	1.005518717569834e-06	root;d__Bacteria;p__Proteobacteria;c__Gammaproteobacteria;o__Pseudomonadales;f__Halieaceae;g__Luminiphilus	root;d__Bacteria;p__Proteobacteria;c__Gammaproteobacteria;o__Pseudomonadales;f__Halieaceae;g__Luminiphilus
29-1-6_NODE_1060_length_11285_cov_2.471360_3	30-1-6_NODE_5999_length_4448_cov_2.180050_4	118	4.504729087501461e-06	4448	1.073530242961029e-06	root;d__Bacteria;p__Proteobacteria;c__Gammaproteobacteria;o__Pseudomonadales;f__Halieaceae;g__Luminiphilus	root;d__Bacteria;p__Proteobacteria;c__Gammaproteobacteria;o__Pseudomonadales;f__Halieaceae;g__Luminiphilus
29-1-6_NODE_1060_length_11285_cov_2.471360_3	30-1-6_NODE_17308_length_2439_cov_2.113887_1	62	2.3668915544499204e-06	2439	1.0286720602456576e-06	root;d__Bacteria;p__Proteobacteria;c__Gammaproteobacteria;o__Pseudomonadales;f__Halieaceae;g__Luminiphilus	root;d__Bacteria;p__Proteobacteria;c__Gammaproteobacteria;o__Pseudomonadales;f__Halieaceae;g__Luminiphilus
29-1-6_NODE_1060_length_11285_cov_2.471360_3	31-1-16_NODE_113890_length_821_cov_1.729839_1	16	4.99672121399839e-07	821	6.269306664979671e-07	root;d__Bacteria;p__Proteobacteria;c__Gammaproteobacteria;o__Pseudomonadales;f__Halieaceae;g__Luminiphilus	root;d__Bacteria;p__Proteobacteria;c__Gammaproteobacteria;o__Pseudomonadales;f__Halieaceae;g__Luminiphilus
29-1-6_NODE_1060_length_11285_cov_2.471360_3	31-1-16_NODE_188795_length_615_cov_1.434944_1	19	5.933606441623087e-07	615	9.938507588111573e-07	root;d__Bacteria;p__Proteobacteria;c__Gammaproteobacteria;o__Pseudomonadales;f__Halieaceae;g__Luminiphilus	root;d__Bacteria;p__Proteobacteria;c__Gammaproteobacteria;o__Pseudomonadales;f__Halieaceae;g__Luminiphilus
29-1-6_NODE_1060_length_11285_cov_2.471360_3	31-1-16_NODE_212798_length_575_cov_1.307229_1	14	4.3721310622485906e-07	575	7.832544652964818e-07	root;d__Bacteria;p__Proteobacteria;c__Gammaproteobacteria;o__Pseudomonadales;f__Halieaceae;g__Luminiphilus	root;d__Bacteria;p__Proteobacteria;c__Gammaproteobacteria;o__Pseudomonadales;f__Halieaceae;g__Luminiphilus
29-1-6_NODE_1060_length_11285_cov_2.471360_3	33-1-10_NODE_165459_length_654_cov_0.970537_1	8	2.463757359320225e-07	654	3.806809760457363e-07	root;d__Bacteria;p__Proteobacteria;c__Gammaproteobacteria;o__Pseudomonadales;f__Halieaceae;g__Luminiphilus	root;d__Bacteria;p__Proteobacteria;c__Gammaproteobacteria;o__Pseudomonadales;f__Halieaceae;g__Luminiphilus
29-1-6_NODE_1060_length_11285_cov_2.471360_3	33-1-10_NODE_522030_length_340_cov_1.589354_1	7	2.1557876894051966e-07	340	6.407196721828607e-07	root;d__Bacteria;p__Proteobacteria;c__Gammaproteobacteria;o__Pseudomonadales;f__Halieaceae;g__Luminiphilus	root;d__Bacteria;p__Proteobacteria;c__Gammaproteobacteria;o__Pseudomonadales;f__Halieaceae;g__Luminiphilus
29-1-6_NODE_1060_length_11285_cov_2.471360_3	33-1-6_NODE_1362430_length_243_cov_0.734940_1	6	1.6479945225056724e-07	243	6.566469886927628e-07	root;d__Bacteria;p__Proteobacteria;c__Gammaproteobacteria;o__Pseudomonadales;f__Halieaceae;g__Luminiphilus	root;d__Bacteria;p__Proteobacteria;c__Gammaproteobacteria;o__Pseudomonadales;f__Halieaceae;g__Luminiphilus
29-1-6_NODE_1060_length_11285_cov_2.471360_3	34-1-24_NODE_203187_length_543_cov_1.506438_1	8	2.7004046218775304e-07	543	5.285678888444732e-07	root;d__Bacteria;p__Proteobacteria;c__Gammaproteobacteria;o__Pseudomonadales;f__Halieaceae;g__Luminiphilus	root;d__Bacteria;p__Proteobacteria;c__Gammaproteobacteria;o__Pseudomonadales;f__Halieaceae;g__Luminiphilus
29-1-6_NODE_1060_length_11285_cov_2.471360_3	34-1-24_NODE_257547_length_474_cov_1.256927_2	12	4.050606932816296e-07	474	9.082669735523703e-07	root;d__Bacteria;p__Proteobacteria;c__Gammaproteobacteria;o__Pseudomonadales;f__Halieaceae;g__Luminiphilus	root;d__Bacteria;p__Proteobacteria;c__Gammaproteobacteria;o__Pseudomonadales;f__Halieaceae;g__Luminiphilus
29-1-6_NODE_1060_length_11285_cov_2.471360_3	34-1-24_NODE_435006_length_348_cov_2.892989_1	12	4.050606932816296e-07	348	1.2371222570799526e-06	root;d__Bacteria;p__Proteobacteria;c__Gammaproteobacteria;o__Pseudomonadales;f__Halieaceae;g__Luminiphilus	root;d__Bacteria;p__Proteobacteria;c__Gammaproteobacteria;o__Pseudomonadales;f__Halieaceae;g__Luminiphilus
29-1-6_NODE_1060_length_11285_cov_2.471360_3	34-1-24_NODE_554307_length_304_cov_0.964758_1	4	1.3502023109387652e-07	304	4.7205980862261347e-07	root;d__Bacteria;p__Proteobacteria;c__Gammaproteobacteria;o__Pseudomonadales;f__Halieaceae;g__Luminiphilus	root;d__Bacteria;p__Proteobacteria;c__Gammaproteobacteria;o__Pseudomonadales;f__Halieaceae;g__Luminiphilus
29-1-6_NODE_1060_length_11285_cov_2.471360_3	38-1-14_NODE_392609_length_388_cov_0.922830_1	6	1.6945816035656257e-07	388	4.805195369174606e-07	root;d__Bacteria;p__Proteobacteria;c__Gammaproteobacteria;o__Pseudomonadales;f__Halieaceae;g__Luminiphilus	root;d__Bacteria;p__Proteobacteria;c__Gammaproteobacteria;o__Pseudomonadales;f__Halieaceae;g__Luminiphilus
29-1-6_NODE_1060_length_11285_cov_2.471360_3	38-1-14_NODE_440164_length_362_cov_1.157895_1	4	1.1297210690437504e-07	362	3.4335465989682263e-07	root;d__Bacteria;p__Proteobacteria;c__Gammaproteobacteria;o__Pseudomonadales;f__Halieaceae;g__Luminiphilus	root;d__Bacteria;p__Proteobacteria;c__Gammaproteobacteria;o__Pseudomonadales;f__Halieaceae;g__Luminiphilus
29-1-6_NODE_1060_length_11285_cov_2.471360_3	54-1-10_NODE_17636_length_2084_cov_1.745889_2	52	1.7589678268547841e-06	2084	9.141914734233802e-07	root;d__Bacteria;p__Proteobacteria;c__Gammaproteobacteria;o__Pseudomonadales;f__Halieaceae;g__Luminiphilus	root;d__Bacteria;p__Proteobacteria;c__Gammaproteobacteria;o__Pseudomonadales;f__Halieaceae;g__Luminiphilus
29-1-6_NODE_1060_length_11285_cov_2.471360_3	54-1-10_NODE_42007_length_1267_cov_1.929412_2	22	7.441786959770241e-07	1267	6.361764718826292e-07	root;d__Bacteria;p__Proteobacteria;c__Gammaproteobacteria;o__Pseudomonadales;f__Halieaceae;g__Luminiphilus	root;d__Bacteria;p__Proteobacteria;c__Gammaproteobacteria;o__Pseudomonadales;f__Halieaceae;g__Luminiphilus
29-1-6_NODE_1060_length_11285_cov_2.471360_3	54-1-10_NODE_1161501_length_235_cov_1.056962_1	1	3.3826304362592007e-08	235	1.5590630365092672e-07	root;d__Bacteria;p__Proteobacteria;c__Gammaproteobacteria;o__Pseudomonadales;f__Halieaceae;g__Luminiphilus	root;d__Bacteria;p__Proteobacteria;c__Gammaproteobacteria;o__Pseudomonadales;f__Halieaceae;g__Luminiphilus
29-1-6_NODE_1060_length_11285_cov_2.471360_3	58-1-10_NODE_95216_length_788_cov_1.140647_1	12	4.575989918179012e-07	788	6.563077072832667e-07	root;d__Bacteria;p__Proteobacteria;c__Gammaproteobacteria;o__Pseudomonadales;f__Halieaceae;g__Luminiphilus	root;d__Bacteria;p__Proteobacteria;c__Gammaproteobacteria;o__Pseudomonadales;f__Halieaceae;g__Luminiphilus
29-1-6_NODE_1060_length_11285_cov_2.471360_3	58-1-10_NODE_194097_length_522_cov_1.543820_1	12	4.575989918179012e-07	522	9.907480332168855e-07	root;d__Bacteria;p__Proteobacteria;c__Gammaproteobacteria;o__Pseudomonadales;f__Halieaceae;g__Luminiphilus	root;d__Bacteria;p__Proteobacteria;c__Gammaproteobacteria;o__Pseudomonadales;f__Halieaceae;g__Luminiphilus
29-1-6_NODE_1060_length_11285_cov_2.471360_3	58-1-10_NODE_204867_length_506_cov_1.587413_1	7	2.6693274522710904e-07	506	5.962110199892127e-07	root;d__Bacteria;p__Proteobacteria;c__Gammaproteobacteria;o__Pseudomonadales;f__Halieaceae;g__Luminiphilus	root;d__Bacteria;p__Proteobacteria;c__Gammaproteobacteria;o__Pseudomonadales;f__Halieaceae;g__Luminiphilus
29-1-6_NODE_1060_length_11285_cov_2.471360_3	58-1-2_NODE_1096494_length_251_cov_0.850575_1	2	7.63415014922855e-08	251	3.046102685602767e-07	root;d__Bacteria;p__Proteobacteria;c__Gammaproteobacteria;o__Pseudomonadales;f__Halieaceae;g__Luminiphilus	root;d__Bacteria;p__Proteobacteria;c__Gammaproteobacteria;o__Pseudomonadales;f__Halieaceae;g__Luminiphilus
29-1-6_NODE_1060_length_11285_cov_2.471360_3	58-1-2_NODE_1140190_length_248_cov_0.561404_1	4	1.52683002984571e-07	248	6.165901403921729e-07	root;d__Bacteria;p__Proteobacteria;c__Gammaproteobacteria;o__Pseudomonadales;f__Halieaceae;g__Luminiphilus	root;d__Bacteria;p__Proteobacteria;c__Gammaproteobacteria;o__Pseudomonadales;f__Halieaceae;g__Luminiphilus
29-1-6_NODE_1060_length_11285_cov_2.471360_3	59-1-24_NODE_14894_length_2686_cov_2.091606_1	65	1.8839616432365604e-06	2686	7.731908059246705e-07	root;d__Bacteria;p__Proteobacteria;c__Gammaproteobacteria;o__Pseudomonadales;f__Halieaceae;g__Luminiphilus	root;d__Bacteria;p__Proteobacteria;c__Gammaproteobacteria;o__Pseudomonadales;f__Halieaceae;g__Luminiphilus
29-1-6_NODE_1060_length_11285_cov_2.471360_3	59-1-24_NODE_70794_length_1061_cov_2.366870_1	32	9.274888089779989e-07	1061	9.636380214723015e-07	root;d__Bacteria;p__Proteobacteria;c__Gammaproteobacteria;o__Pseudomonadales;f__Halieaceae;g__Luminiphilus	root;d__Bacteria;p__Proteobacteria;c__Gammaproteobacteria;o__Pseudomonadales;f__Halieaceae;g__Luminiphilus
29-1-6_NODE_1060_length_11285_cov_2.471360_3	67-1-15_NODE_139422_length_616_cov_1.714286_1	15	4.904665402745292e-07	616	8.778735283488831e-07	root;d__Bacteria;p__Proteobacteria;c__Gammaproteobacteria;o__Pseudomonadales;f__Halieaceae;g__Luminiphilus	root;d__Bacteria;p__Proteobacteria;c__Gammaproteobacteria;o__Pseudomonadales;f__Halieaceae;g__Luminiphilus
29-1-6_NODE_1060_length_11285_cov_2.471360_3	67-1-15_NODE_199610_length_504_cov_1.740047_1	13	4.250710015712586e-07	504	9.298956633621502e-07	root;d__Bacteria;p__Proteobacteria;c__Gammaproteobacteria;o__Pseudomonadales;f__Halieaceae;g__Luminiphilus	root;d__Bacteria;p__Proteobacteria;c__Gammaproteobacteria;o__Pseudomonadales;f__Halieaceae;g__Luminiphilus
29-1-6_NODE_1060_length_11285_cov_2.471360_3	67-1-15_NODE_763365_length_261_cov_1.163043_1	3	9.809330805490584e-08	261	4.143832133815418e-07	root;d__Bacteria;p__Proteobacteria;c__Gammaproteobacteria;o__Pseudomonadales;f__Halieaceae;g__Luminiphilus	root;d__Bacteria;p__Proteobacteria;c__Gammaproteobacteria;o__Pseudomonadales;f__Halieaceae;g__Luminiphilus
29-1-6_NODE_1060_length_11285_cov_2.471360_3	67-1-2_NODE_535301_length_336_cov_1.111969_1	6	2.0282506925969054e-07	336	5.871312750900291e-07	root;d__Bacteria;p__Proteobacteria;c__Gammaproteobacteria;o__Pseudomonadales;f__Halieaceae;g__Luminiphilus	root;d__Bacteria;p__Proteobacteria;c__Gammaproteobacteria;o__Pseudomonadales;f__Halieaceae;g__Luminiphilus
29-1-6_NODE_1060_length_11285_cov_2.471360_3	67-1-2_NODE_551436_length_331_cov_1.110236_1	4	1.3521671283979367e-07	331	3.973335517225574e-07	root;d__Bacteria;p__Proteobacteria;c__Gammaproteobacteria;o__Pseudomonadales;f__Halieaceae;g__Luminiphilus	root;d__Bacteria;p__Proteobacteria;c__Gammaproteobacteria;o__Pseudomonadales;f__Halieaceae;g__Luminiphilus
29-1-6_NODE_1060_length_11285_cov_2.471360_3	70-1-10_NODE_42558_length_1320_cov_1.785197_3	29	1.052889546440598e-06	1320	7.899679489552861e-07	root;d__Bacteria;p__Proteobacteria;c__Gammaproteobacteria;o__Pseudomonadales;f__Halieaceae;g__Luminiphilus	root;d__Bacteria;p__Proteobacteria;c__Gammaproteobacteria;o__Pseudomonadales;f__Halieaceae;g__Luminiphilus
29-1-6_NODE_1060_length_11285_cov_2.471360_3	70-1-10_NODE_67529_length_1046_cov_1.720330_2	21	7.624372577673295e-07	1046	7.218933060275773e-07	root;d__Bacteria;p__Proteobacteria;c__Gammaproteobacteria;o__Pseudomonadales;f__Halieaceae;g__Luminiphilus	root;d__Bacteria;p__Proteobacteria;c__Gammaproteobacteria;o__Pseudomonadales;f__Halieaceae;g__Luminiphilus
29-1-6_NODE_1060_length_11285_cov_2.471360_3	70-1-10_NODE_201636_length_582_cov_0.914851_1	10	3.630653608415855e-07	582	6.1782064973396e-07	root;d__Bacteria;p__Proteobacteria;c__Gammaproteobacteria;o__Pseudomonadales;f__Halieaceae;g__Luminiphilus	root;d__Bacteria;p__Proteobacteria;c__Gammaproteobacteria;o__Pseudomonadales;f__Halieaceae;g__Luminiphilus
29-1-6_NODE_2291_length_7568_cov_4.500868_3	29-1-6_NODE_2291_length_7568_cov_4.500868_3	637	2.305820753096261e-05	7568	3.287640183750425e-06	root;d__Bacteria;p__Proteobacteria;c__Alphaproteobacteria;o__Pelagibacterales;f__Pelagibacteraceae	root;d__Bacteria;p__Proteobacteria;c__Alphaproteobacteria;o__Pelagibacterales;f__Pelagibacteraceae
29-1-6_NODE_2291_length_7568_cov_4.500868_3	17-2-10_NODE_14693_length_2693_cov_3.427752_1	158	5.348195268431336e-06	2693	2.0656329350377314e-06	root;d__Bacteria;p__Proteobacteria;c__Alphaproteobacteria;o__Pelagibacterales;f__Pelagibacteraceae	root;d__Bacteria;p__Proteobacteria;c__Alphaproteobacteria;o__Pelagibacterales;f__Pelagibacteraceae
29-1-6_NODE_2291_length_7568_cov_4.500868_3	17-2-10_NODE_29320_length_1816_cov_2.922944_2	112	3.791125759900694e-06	1816	2.1713738057433936e-06	root;d__Bacteria;p__Proteobacteria;c__Alphaproteobacteria;o__Pelagibacterales;f__Pelagibacteraceae	root;d__Bacteria;p__Proteobacteria;c__Alphaproteobacteria;o__Pelagibacterales;f__Pelagibacteraceae
29-1-6_NODE_2291_length_7568_cov_4.500868_3	17-2-10_NODE_136898_length_744_cov_2.319340_1	33	1.117028125685026e-06	744	1.5616130164001305e-06	root;d__Bacteria;p__Proteobacteria;c__Alphaproteobacteria;o__Pelagibacterales;f__Pelagibacteraceae	root;d__Bacteria;p__Proteobacteria;c__Alphaproteobacteria;o__Pelagibacterales;f__Pelagibacteraceae
29-1-6_NODE_2291_length_7568_cov_4.500868_3	17-2-10_NODE_150119_length_705_cov_3.428344_1	40	1.3539734856788193e-06	705	1.9975759023454927e-06	root;d__Bacteria;p__Proteobacteria;c__Alphaproteobacteria;o__Pelagibacterales;f__Pelagibacteraceae	root;d__Bacteria;p__Proteobacteria;c__Alphaproteobacteria;o__Pelagibacterales;f__Pelagibacteraceae
29-1-6_NODE_2291_length_7568_cov_4.500868_3	17-2-10_NODE_202343_length_593_cov_3.127907_1	42	1.4216721599627603e-06	593	2.493601284504639e-06	root;d__Bacteria;p__Proteobacteria;c__Alphaproteobacteria;o__Pelagibacterales;f__Pelagibacteraceae	root;d__Bacteria;p__Proteobacteria;c__Alphaproteobacteria;o__Pelagibacterales;f__Pelagibacteraceae
29-1-6_NODE_2291_length_7568_cov_4.500868_3	17-2-10_NODE_223171_length_561_cov_2.161157_1	18	6.092880685554687e-07	561	1.1296451961124913e-06	root;d__Bacteria;p__Proteobacteria;c__Alphaproteobacteria;o__Pelagibacterales;f__Pelagibacteraceae	root;d__Bacteria;p__Proteobacteria;c__Alphaproteobacteria;o__Pelagibacterales;f__Pelagibacteraceae
29-1-6_NODE_2291_length_7568_cov_4.500868_3	17-2-10_NODE_226199_length_557_cov_1.427083_1	20	6.769867428394097e-07	557	1.2641750548954869e-06	root;d__Bacteria;p__Proteobacteria;c__Alphaproteobacteria;o__Pelagibacterales;f__Pelagibacteraceae	root;d__Bacteria;p__Proteobacteria;c__Alphaproteobacteria;o__Pelagibacterales;f__Pelagibacteraceae
29-1-6_NODE_2291_length_7568_cov_4.500868_3	17-2-10_NODE_249554_length_526_cov_1.559020_1	15	5.077400571295573e-07	526	1.004009751297699e-06	root;d__Bacteria;p__Proteobacteria;c__Alphaproteobacteria;o__Pelagibacterales;f__Pelagibacteraceae	root;d__Bacteria;p__Proteobacteria;c__Alphaproteobacteria;o__Pelagibacterales;f__Pelagibacteraceae
29-1-6_NODE_2291_length_7568_cov_4.500868_3	17-2-10_NODE_317380_length_456_cov_2.269129_1	15	5.077400571295573e-07	456	1.1581340552249772e-06	root;d__Bacteria;p__Proteobacteria;c__Alphaproteobacteria;o__Pelagibacterales;f__Pelagibacteraceae	root;d__Bacteria;p__Proteobacteria;c__Alphaproteobacteria;o__Pelagibacterales;f__Pelagibacteraceae
29-1-6_NODE_2291_length_7568_cov_4.500868_3	17-2-10_NODE_326552_length_448_cov_5.746631_1	74	2.5048509485058158e-06	448	5.815487434451136e-06	root;d__Bacteria;p__Proteobacteria;c__Alphaproteobacteria;o__Pelagibacterales;f__Pelagibacteraceae	root;d__Bacteria;p__Proteobacteria;c__Alphaproteobacteria;o__Pelagibacterales;f__Pelagibacteraceae
29-1-6_NODE_2291_length_7568_cov_4.500868_3	17-2-10_NODE_440540_length_373_cov_2.263514_1	37	1.2524254742529079e-06	373	3.4924106844961246e-06	root;d__Bacteria;p__Proteobacteria;c__Alphaproteobacteria;o__Pelagibacterales;f__Pelagibacteraceae	root;d__Bacteria;p__Proteobacteria;c__Alphaproteobacteria;o__Pelagibacterales;f__Pelagibacteraceae
29-1-6_NODE_2291_length_7568_cov_4.500868_3	17-2-10_NODE_458090_length_365_cov_1.017361_1	11	3.723427085616753e-07	365	1.0610411727869382e-06	root;d__Bacteria;p__Proteobacteria;c__Alphaproteobacteria;o__Pelagibacterales;f__Pelagibacteraceae	root;d__Bacteria;p__Proteobacteria;c__Alphaproteobacteria;o__Pelagibacterales;f__Pelagibacteraceae
29-1-6_NODE_2291_length_7568_cov_4.500868_3	17-2-10_NODE_461029_length_363_cov_2.447552_1	8	2.7079469713576387e-07	363	7.759179124813071e-07	root;d__Bacteria;p__Proteobacteria;c__Alphaproteobacteria;o__Pelagibacterales;f__Pelagibacteraceae	root;d__Bacteria;p__Proteobacteria;c__Alphaproteobacteria;o__Pelagibacterales;f__Pelagibacteraceae
29-1-6_NODE_2291_length_7568_cov_4.500868_3	17-2-10_NODE_571664_length_319_cov_1.909091_1	8	2.7079469713576387e-07	319	8.829410728235563e-07	root;d__Bacteria;p__Proteobacteria;c__Alphaproteobacteria;o__Pelagibacterales;f__Pelagibacteraceae	root;d__Bacteria;p__Proteobacteria;c__Alphaproteobacteria;o__Pelagibacterales;f__Pelagibacteraceae
29-1-6_NODE_2291_length_7568_cov_4.500868_3	17-2-10_NODE_971189_length_249_cov_3.191860_1	14	4.7389071998758677e-07	249	1.9795255176857443e-06	root;d__Bacteria;p__Proteobacteria;c__Alphaproteobacteria;o__Pelagibacterales;f__Pelagibacteraceae	root;d__Bacteria;p__Proteobacteria;c__Alphaproteobacteria;o__Pelagibacterales;f__Pelagibacteraceae
29-1-6_NODE_2291_length_7568_cov_4.500868_3	17-2-10_NODE_1051518_length_241_cov_1.908537_1	8	2.7079469713576387e-07	241	1.1687062333224667e-06	root;d__Bacteria;p__Proteobacteria;c__Alphaproteobacteria;o__Pelagibacterales;f__Pelagibacteraceae	root;d__Bacteria;p__Proteobacteria;c__Alphaproteobacteria;o__Pelagibacterales;f__Pelagibacteraceae
29-1-6_NODE_2291_length_7568_cov_4.500868_3	17-2-10_NODE_1187903_length_227_cov_2.053333_1	5	1.6924668570985242e-07	227	7.754906449083548e-07	root;d__Bacteria;p__Proteobacteria;c__Alphaproteobacteria;o__Pelagibacterales;f__Pelagibacteraceae	root;d__Bacteria;p__Proteobacteria;c__Alphaproteobacteria;o__Pelagibacterales;f__Pelagibacteraceae
29-1-6_NODE_2291_length_7568_cov_4.500868_3	17-2-2_NODE_333693_length_394_cov_0.719243_1	17	6.897252921534336e-07	394	1.5501340034260004e-06	root;d__Bacteria;p__Proteobacteria;c__Alphaproteobacteria;o__Pelagibacterales;f__Pelagibacteraceae	root;d__Bacteria;p__Proteobacteria;c__Alphaproteobacteria;o__Pelagibacterales;f__Pelagibacteraceae
29-1-6_NODE_2291_length_7568_cov_4.500868_3	17-2-2_NODE_554518_length_317_cov_1.029167_1	16	6.49153216144408e-07	317	1.8133317419924856e-06	root;d__Bacteria;p__Proteobacteria;c__Alphaproteobacteria;o__Pelagibacterales;f__Pelagibacteraceae	root;d__Bacteria;p__Proteobacteria;c__Alphaproteobacteria;o__Pelagibacterales;f__Pelagibacteraceae
29-1-6_NODE_2291_length_7568_cov_4.500868_3	17-2-2_NODE_554741_length_317_cov_0.929167_1	8	3.24576608072204e-07	317	9.066658709962428e-07	root;d__Bacteria;p__Proteobacteria;c__Alphaproteobacteria;o__Pelagibacterales;f__Pelagibacteraceae	root;d__Bacteria;p__Proteobacteria;c__Alphaproteobacteria;o__Pelagibacterales;f__Pelagibacteraceae
29-1-6_NODE_2291_length_7568_cov_4.500868_3	17-2-2_NODE_627144_length_300_cov_1.179372_1	4	1.62288304036102e-07	300	4.79021801843015e-07	root;d__Bacteria;p__Proteobacteria;c__Alphaproteobacteria;o__Pelagibacterales;f__Pelagibacteraceae	root;d__Bacteria;p__Proteobacteria;c__Alphaproteobacteria;o__Pelagibacterales;f__Pelagibacteraceae
29-1-6_NODE_2291_length_7568_cov_4.500868_3	17-2-2_NODE_649728_length_295_cov_1.802752_1	15	6.085811401353825e-07	295	1.8267780578759046e-06	root;d__Bacteria;p__Proteobacteria;c__Alphaproteobacteria;o__Pelagibacterales;f__Pelagibacteraceae	root;d__Bacteria;p__Proteobacteria;c__Alphaproteobacteria;o__Pelagibacterales;f__Pelagibacteraceae
29-1-6_NODE_2291_length_7568_cov_4.500868_3	17-2-2_NODE_760143_length_279_cov_0.891089_1	10	4.0572076009025503e-07	279	1.2876930157070298e-06	root;d__Bacteria;p__Proteobacteria;c__Alphaproteobacteria;o__Pelagibacterales;f__Pelagibacteraceae	root;d__Bacteria;p__Proteobacteria;c__Alphaproteobacteria;o__Pelagibacterales;f__Pelagibacteraceae
29-1-6_NODE_2291_length_7568_cov_4.500868_3	17-2-2_NODE_980249_length_261_cov_1.032609_1	12	4.86864912108306e-07	261	1.6517993167000516e-06	root;d__Bacteria;p__Proteobacteria;c__Alphaproteobacteria;o__Pelagibacterales;f__Pelagibacteraceae	root;d__Bacteria;p__Proteobacteria;c__Alphaproteobacteria;o__Pelagibacterales;f__Pelagibacteraceae
29-1-6_NODE_2291_length_7568_cov_4.500868_3	17-2-2_NODE_1139957_length_250_cov_1.283237_1	8	3.24576608072204e-07	250	1.1496523244232361e-06	root;d__Bacteria;p__Proteobacteria;c__Alphaproteobacteria;o__Pelagibacterales;f__Pelagibacteraceae	root;d__Bacteria;p__Proteobacteria;c__Alphaproteobacteria;o__Pelagibacterales;f__Pelagibacteraceae
29-1-6_NODE_2291_length_7568_cov_4.500868_3	17-2-2_NODE_1171393_length_248_cov_1.140351_1	13	5.274369881173315e-07	248	1.8832510354715307e-06	root;d__Bacteria;p__Proteobacteria;c__Alphaproteobacteria;o__Pelagibacterales;f__Pelagibacteraceae	root;d__Bacteria;p__Proteobacteria;c__Alphaproteobacteria;o__Pelagibacterales;f__Pelagibacteraceae
29-1-6_NODE_2291_length_7568_cov_4.500868_3	17-2-2_NODE_1409700_length_233_cov_1.423077_1	4	1.62288304036102e-07	233	6.167662684674012e-07	root;d__Bacteria;p__Proteobacteria;c__Alphaproteobacteria;o__Pelagibacterales;f__Pelagibacteraceae	root;d__Bacteria;p__Proteobacteria;c__Alphaproteobacteria;o__Pelagibacterales;f__Pelagibacteraceae
29-1-6_NODE_2291_length_7568_cov_4.500868_3	17-2-4_NODE_446765_length_401_cov_1.487654_1	8	2.3192572393150514e-07	401	5.430619519315648e-07	root;d__Bacteria;p__Proteobacteria;c__Alphaproteobacteria;o__Pelagibacterales;f__Pelagibacteraceae	root;d__Bacteria;p__Proteobacteria;c__Alphaproteobacteria;o__Pelagibacterales;f__Pelagibacteraceae
29-1-6_NODE_2291_length_7568_cov_4.500868_3	17-2-4_NODE_668778_length_333_cov_1.441406_1	19	5.508235943373247e-07	333	1.553149028440913e-06	root;d__Bacteria;p__Proteobacteria;c__Alphaproteobacteria;o__Pelagibacterales;f__Pelagibacteraceae	root;d__Bacteria;p__Proteobacteria;c__Alphaproteobacteria;o__Pelagibacterales;f__Pelagibacteraceae
29-1-6_NODE_2291_length_7568_cov_4.500868_3	17-2-4_NODE_883252_length_292_cov_1.023256_1	15	4.3486073237157215e-07	292	1.3983380311936483e-06	root;d__Bacteria;p__Proteobacteria;c__Alphaproteobacteria;o__Pelagibacterales;f__Pelagibacteraceae	root;d__Bacteria;p__Proteobacteria;c__Alphaproteobacteria;o__Pelagibacterales;f__Pelagibacteraceae
29-1-6_NODE_2291_length_7568_cov_4.500868_3	17-2-4_NODE_1175180_length_266_cov_1.179894_1	10	2.899071549143814e-07	266	1.0233451255853264e-06	root;d__Bacteria;p__Proteobacteria;c__Alphaproteobacteria;o__Pelagibacterales;f__Pelagibacteraceae	root;d__Bacteria;p__Proteobacteria;c__Alphaproteobacteria;o__Pelagibacterales;f__Pelagibacteraceae
29-1-6_NODE_2291_length_7568_cov_4.500868_3	17-2-4_NODE_1365318_length_255_cov_1.174157_1	4	1.1596286196575257e-07	255	4.269957700481519e-07	root;d__Bacteria;p__Proteobacteria;c__Alphaproteobacteria;o__Pelagibacterales;f__Pelagibacteraceae	root;d__Bacteria;p__Proteobacteria;c__Alphaproteobacteria;o__Pelagibacterales;f__Pelagibacteraceae
29-1-6_NODE_2291_length_7568_cov_4.500868_3	17-2-4_NODE_1467313_length_250_cov_0.658960_1	4	1.1596286196575257e-07	250	4.3553568544911493e-07	root;d__Bacteria;p__Proteobacteria;c__Alphaproteobacteria;o__Pelagibacterales;f__Pelagibacteraceae	root;d__Bacteria;p__Proteobacteria;c__Alphaproteobacteria;o__Pelagibacterales;f__Pelagibacteraceae
29-1-6_NODE_2291_length_7568_cov_4.500868_3	17-2-4_NODE_1613411_length_242_cov_0.818182_1	7	2.02935008440067e-07	242	7.873837288594537e-07	root;d__Bacteria;p__Proteobacteria;c__Alphaproteobacteria;o__Pelagibacterales;f__Pelagibacteraceae	root;d__Bacteria;p__Proteobacteria;c__Alphaproteobacteria;o__Pelagibacterales;f__Pelagibacteraceae
29-1-6_NODE_2291_length_7568_cov_4.500868_3	17-2-4_NODE_1753221_length_234_cov_3.573248_1	13	3.768793013886959e-07	234	1.5122766855872047e-06	root;d__Bacteria;p__Proteobacteria;c__Alphaproteobacteria;o__Pelagibacterales;f__Pelagibacteraceae	root;d__Bacteria;p__Proteobacteria;c__Alphaproteobacteria;o__Pelagibacterales;f__Pelagibacteraceae
29-1-6_NODE_2291_length_7568_cov_4.500868_3	17-2-4_NODE_1804314_length_232_cov_0.890323_1	7	2.02935008440067e-07	232	8.213226826896025e-07	root;d__Bacteria;p__Proteobacteria;c__Alphaproteobacteria;o__Pelagibacterales;f__Pelagibacteraceae	root;d__Bacteria;p__Proteobacteria;c__Alphaproteobacteria;o__Pelagibacterales;f__Pelagibacteraceae
29-1-6_NODE_2291_length_7568_cov_4.500868_3	17-2-6_NODE_158627_length_705_cov_1.097134_1	50	1.4505346786868414e-06	705	1.869978603357005e-06	root;d__Bacteria;p__Proteobacteria;c__Alphaproteobacteria;o__Pelagibacterales;f__Pelagibacteraceae	root;d__Bacteria;p__Proteobacteria;c__Alphaproteobacteria;o__Pelagibacterales;f__Pelagibacteraceae
29-1-6_NODE_2291_length_7568_cov_4.500868_3	17-2-6_NODE_528269_length_373_cov_2.050676_1	22	6.382352586222103e-07	373	1.5551403827381849e-06	root;d__Bacteria;p__Proteobacteria;c__Alphaproteobacteria;o__Pelagibacterales;f__Pelagibacteraceae	root;d__Bacteria;p__Proteobacteria;c__Alphaproteobacteria;o__Pelagibacterales;f__Pelagibacteraceae
29-1-6_NODE_2291_length_7568_cov_4.500868_3	17-2-6_NODE_681853_length_328_cov_1.115538_1	18	5.221924843272629e-07	328	1.4469529558902678e-06	root;d__Bacteria;p__Proteobacteria;c__Alphaproteobacteria;o__Pelagibacterales;f__Pelagibacteraceae	root;d__Bacteria;p__Proteobacteria;c__Alphaproteobacteria;o__Pelagibacterales;f__Pelagibacteraceae
29-1-6_NODE_2291_length_7568_cov_4.500868_3	17-2-6_NODE_793263_length_303_cov_1.349558_1	9	2.6109624216363147e-07	303	7.831692566534783e-07	root;d__Bacteria;p__Proteobacteria;c__Alphaproteobacteria;o__Pelagibacterales;f__Pelagibacteraceae	root;d__Bacteria;p__Proteobacteria;c__Alphaproteobacteria;o__Pelagibacterales;f__Pelagibacteraceae
29-1-6_NODE_2291_length_7568_cov_4.500868_3	17-2-6_NODE_797164_length_302_cov_2.075556_1	14	4.061497100323156e-07	302	1.2222972725254067e-06	root;d__Bacteria;p__Proteobacteria;c__Alphaproteobacteria;o__Pelagibacterales;f__Pelagibacteraceae	root;d__Bacteria;p__Proteobacteria;c__Alphaproteobacteria;o__Pelagibacterales;f__Pelagibacteraceae
29-1-6_NODE_2291_length_7568_cov_4.500868_3	17-2-6_NODE_831973_length_296_cov_0.675799_1	5	1.4505346786868414e-07	296	4.45383417353611e-07	root;d__Bacteria;p__Proteobacteria;c__Alphaproteobacteria;o__Pelagibacterales;f__Pelagibacteraceae	root;d__Bacteria;p__Proteobacteria;c__Alphaproteobacteria;o__Pelagibacterales;f__Pelagibacteraceae
29-1-6_NODE_2291_length_7568_cov_4.500868_3	17-2-6_NODE_948821_length_279_cov_1.430693_1	1	2.901069357373683e-08	279	9.450429500836478e-08	root;d__Bacteria;p__Proteobacteria;c__Alphaproteobacteria;o__Pelagibacterales;f__Pelagibacteraceae	root;d__Bacteria;p__Proteobacteria;c__Alphaproteobacteria;o__Pelagibacterales;f__Pelagibacteraceae
29-1-6_NODE_2291_length_7568_cov_4.500868_3	17-2-6_NODE_1016228_length_273_cov_0.801020_1	6	1.7406416144242097e-07	273	5.794878748864565e-07	root;d__Bacteria;p__Proteobacteria;c__Alphaproteobacteria;o__Pelagibacterales;f__Pelagibacteraceae	root;d__Bacteria;p__Proteobacteria;c__Alphaproteobacteria;o__Pelagibacterales;f__Pelagibacteraceae
29-1-6_NODE_2291_length_7568_cov_4.500868_3	17-2-6_NODE_1462955_length_242_cov_0.806061_1	5	1.4505346786868414e-07	242	5.44766493953177e-07	root;d__Bacteria;p__Proteobacteria;c__Alphaproteobacteria;o__Pelagibacterales;f__Pelagibacteraceae	root;d__Bacteria;p__Proteobacteria;c__Alphaproteobacteria;o__Pelagibacterales;f__Pelagibacteraceae
29-1-6_NODE_2291_length_7568_cov_4.500868_3	18-1-1_NODE_23964_length_1936_cov_3.663798_1	212	6.144234395354588e-06	1936	3.1142616108397034e-06	root;d__Bacteria;p__Proteobacteria;c__Alphaproteobacteria;o__Pelagibacterales;f__Pelagibacteraceae	root;d__Bacteria;p__Proteobacteria;c__Alphaproteobacteria;o__Pelagibacterales;f__Pelagibacteraceae
29-1-6_NODE_2291_length_7568_cov_4.500868_3	18-1-1_NODE_40943_length_1442_cov_2.854945_1	95	2.75331258282399e-06	1442	1.873626107167843e-06	root;d__Bacteria;p__Proteobacteria;c__Alphaproteobacteria;o__Pelagibacterales;f__Pelagibacteraceae	root;d__Bacteria;p__Proteobacteria;c__Alphaproteobacteria;o__Pelagibacterales;f__Pelagibacteraceae
29-1-6_NODE_2291_length_7568_cov_4.500868_3	18-1-1_NODE_55053_length_1224_cov_2.920663_1	107	3.1010994353912306e-06	1224	2.486147803400027e-06	root;d__Bacteria;p__Proteobacteria;c__Alphaproteobacteria;o__Pelagibacterales;f__Pelagibacteraceae	root;d__Bacteria;p__Proteobacteria;c__Alphaproteobacteria;o__Pelagibacterales;f__Pelagibacteraceae
29-1-6_NODE_2291_length_7568_cov_4.500868_3	18-1-1_NODE_204885_length_597_cov_1.613462_1	15	4.34733565709051e-07	597	7.145646248442289e-07	root;d__Bacteria;p__Proteobacteria;c__Alphaproteobacteria;o__Pelagibacterales;f__Pelagibacteraceae	root;d__Bacteria;p__Proteobacteria;c__Alphaproteobacteria;o__Pelagibacterales;f__Pelagibacteraceae
29-1-6_NODE_2291_length_7568_cov_4.500868_3	18-1-1_NODE_229634_length_562_cov_1.657732_1	12	3.477868525672408e-07	562	6.072527843871952e-07	root;d__Bacteria;p__Proteobacteria;c__Alphaproteobacteria;o__Pelagibacterales;f__Pelagibacteraceae	root;d__Bacteria;p__Proteobacteria;c__Alphaproteobacteria;o__Pelagibacterales;f__Pelagibacteraceae
29-1-6_NODE_2291_length_7568_cov_4.500868_3	18-1-1_NODE_238698_length_550_cov_2.634249_1	40	1.1592895085574693e-06	550	2.0683397868218408e-06	root;d__Bacteria;p__Proteobacteria;c__Alphaproteobacteria;o__Pelagibacterales;f__Pelagibacteraceae	root;d__Bacteria;p__Proteobacteria;c__Alphaproteobacteria;o__Pelagibacterales;f__Pelagibacteraceae
29-1-6_NODE_2291_length_7568_cov_4.500868_3	18-1-1_NODE_252066_length_534_cov_2.179431_1	23	6.665914674205449e-07	534	1.2249296958472044e-06	root;d__Bacteria;p__Proteobacteria;c__Alphaproteobacteria;o__Pelagibacterales;f__Pelagibacteraceae	root;d__Bacteria;p__Proteobacteria;c__Alphaproteobacteria;o__Pelagibacterales;f__Pelagibacteraceae
29-1-6_NODE_2291_length_7568_cov_4.500868_3	18-1-1_NODE_350336_length_447_cov_2.194595_1	21	6.086269919926714e-07	447	1.3360919763865917e-06	root;d__Bacteria;p__Proteobacteria;c__Alphaproteobacteria;o__Pelagibacterales;f__Pelagibacteraceae	root;d__Bacteria;p__Proteobacteria;c__Alphaproteobacteria;o__Pelagibacterales;f__Pelagibacteraceae
29-1-6_NODE_2291_length_7568_cov_4.500868_3	18-1-1_NODE_403680_length_414_cov_1.272997_1	7	2.0287566399755715e-07	414	4.808640204869618e-07	root;d__Bacteria;p__Proteobacteria;c__Alphaproteobacteria;o__Pelagibacterales;f__Pelagibacteraceae	root;d__Bacteria;p__Proteobacteria;c__Alphaproteobacteria;o__Pelagibacterales;f__Pelagibacteraceae
29-1-6_NODE_2291_length_7568_cov_4.500868_3	18-1-1_NODE_486964_length_374_cov_3.622896_1	18	5.216802788508613e-07	374	1.3687542706909242e-06	root;d__Bacteria;p__Proteobacteria;c__Alphaproteobacteria;o__Pelagibacterales;f__Pelagibacteraceae	root;d__Bacteria;p__Proteobacteria;c__Alphaproteobacteria;o__Pelagibacterales;f__Pelagibacteraceae
29-1-6_NODE_2291_length_7568_cov_4.500868_3	18-1-1_NODE_541497_length_354_cov_2.451264_1	17	4.926980411369245e-07	354	1.3657469637559472e-06	root;d__Bacteria;p__Proteobacteria;c__Alphaproteobacteria;o__Pelagibacterales;f__Pelagibacteraceae	root;d__Bacteria;p__Proteobacteria;c__Alphaproteobacteria;o__Pelagibacterales;f__Pelagibacteraceae
29-1-6_NODE_2291_length_7568_cov_4.500868_3	18-1-1_NODE_557262_length_349_cov_1.496324_1	9	2.6084013942543064e-07	349	7.334012854418419e-07	root;d__Bacteria;p__Proteobacteria;c__Alphaproteobacteria;o__Pelagibacterales;f__Pelagibacteraceae	root;d__Bacteria;p__Proteobacteria;c__Alphaproteobacteria;o__Pelagibacterales;f__Pelagibacteraceae
29-1-6_NODE_2291_length_7568_cov_4.500868_3	18-1-1_NODE_653159_length_321_cov_2.573770_1	4	1.1592895085574694e-07	321	3.543884369943964e-07	root;d__Bacteria;p__Proteobacteria;c__Alphaproteobacteria;o__Pelagibacterales;f__Pelagibacteraceae	root;d__Bacteria;p__Proteobacteria;c__Alphaproteobacteria;o__Pelagibacterales;f__Pelagibacteraceae
29-1-6_NODE_2291_length_7568_cov_4.500868_3	18-1-1_NODE_704187_length_309_cov_0.905172_1	4	1.1592895085574694e-07	309	3.681510947417516e-07	root;d__Bacteria;p__Proteobacteria;c__Alphaproteobacteria;o__Pelagibacterales;f__Pelagibacteraceae	root;d__Bacteria;p__Proteobacteria;c__Alphaproteobacteria;o__Pelagibacterales;f__Pelagibacteraceae
29-1-6_NODE_2291_length_7568_cov_4.500868_3	18-1-1_NODE_895620_length_277_cov_1.110000_1	7	2.0287566399755715e-07	277	7.186920739408021e-07	root;d__Bacteria;p__Proteobacteria;c__Alphaproteobacteria;o__Pelagibacterales;f__Pelagibacteraceae	root;d__Bacteria;p__Proteobacteria;c__Alphaproteobacteria;o__Pelagibacterales;f__Pelagibacteraceae
29-1-6_NODE_2291_length_7568_cov_4.500868_3	18-1-1_NODE_1020784_length_266_cov_1.248677_1	12	3.477868525672408e-07	266	1.2829927249082846e-06	root;d__Bacteria;p__Proteobacteria;c__Alphaproteobacteria;o__Pelagibacterales;f__Pelagibacteraceae	root;d__Bacteria;p__Proteobacteria;c__Alphaproteobacteria;o__Pelagibacterales;f__Pelagibacteraceae
29-1-6_NODE_2291_length_7568_cov_4.500868_3	18-1-1_NODE_1290011_length_247_cov_1.976471_1	11	3.188046148533041e-07	247	1.2665441002299734e-06	root;d__Bacteria;p__Proteobacteria;c__Alphaproteobacteria;o__Pelagibacterales;f__Pelagibacteraceae	root;d__Bacteria;p__Proteobacteria;c__Alphaproteobacteria;o__Pelagibacterales;f__Pelagibacteraceae
29-1-6_NODE_2291_length_7568_cov_4.500868_3	18-1-1_NODE_1493086_length_234_cov_1.929936_1	7	2.0287566399755715e-07	234	8.507594208615477e-07	root;d__Bacteria;p__Proteobacteria;c__Alphaproteobacteria;o__Pelagibacterales;f__Pelagibacteraceae	root;d__Bacteria;p__Proteobacteria;c__Alphaproteobacteria;o__Pelagibacterales;f__Pelagibacteraceae
29-1-6_NODE_2291_length_7568_cov_4.500868_3	18-1-1_NODE_1513564_length_233_cov_1.019231_1	8	2.3185790171149388e-07	233	9.764694272549464e-07	root;d__Bacteria;p__Proteobacteria;c__Alphaproteobacteria;o__Pelagibacterales;f__Pelagibacteraceae	root;d__Bacteria;p__Proteobacteria;c__Alphaproteobacteria;o__Pelagibacterales;f__Pelagibacteraceae
29-1-6_NODE_2291_length_7568_cov_4.500868_3	18-1-1_NODE_1603800_length_131_cov_1.000000_1	2	5.796447542787347e-08	131	4.341934666992414e-07	root;d__Bacteria;p__Proteobacteria;c__Alphaproteobacteria;o__Pelagibacterales;f__Pelagibacteraceae	root;d__Bacteria;p__Proteobacteria;c__Alphaproteobacteria;o__Pelagibacterales;f__Pelagibacteraceae
29-1-6_NODE_2291_length_7568_cov_4.500868_3	18-1-3_NODE_80279_length_1041_cov_1.545643_1	53	1.5377874117418832e-06	1041	1.572800988032185e-06	root;d__Bacteria;p__Proteobacteria;c__Alphaproteobacteria;o__Pelagibacterales;f__Pelagibacteraceae	root;d__Bacteria;p__Proteobacteria;c__Alphaproteobacteria;o__Pelagibacterales;f__Pelagibacteraceae
29-1-6_NODE_2291_length_7568_cov_4.500868_3	18-1-3_NODE_85785_length_1000_cov_2.774648_1	64	1.8569508368203871e-06	1000	1.977099868427477e-06	root;d__Bacteria;p__Proteobacteria;c__Alphaproteobacteria;o__Pelagibacterales;f__Pelagibacteraceae	root;d__Bacteria;p__Proteobacteria;c__Alphaproteobacteria;o__Pelagibacterales;f__Pelagibacteraceae
29-1-6_NODE_2291_length_7568_cov_4.500868_3	18-1-3_NODE_87028_length_992_cov_2.324590_1	63	1.8279359799950685e-06	992	1.9619029062331627e-06	root;d__Bacteria;p__Proteobacteria;c__Alphaproteobacteria;o__Pelagibacterales;f__Pelagibacteraceae	root;d__Bacteria;p__Proteobacteria;c__Alphaproteobacteria;o__Pelagibacterales;f__Pelagibacteraceae
29-1-6_NODE_2291_length_7568_cov_4.500868_3	18-1-3_NODE_91252_length_965_cov_2.701577_1	45	1.3056685571393348e-06	965	1.4405682331482588e-06	root;d__Bacteria;p__Proteobacteria;c__Alphaproteobacteria;o__Pelagibacterales;f__Pelagibacteraceae	root;d__Bacteria;p__Proteobacteria;c__Alphaproteobacteria;o__Pelagibacterales;f__Pelagibacteraceae
29-1-6_NODE_2291_length_7568_cov_4.500868_3	18-1-3_NODE_134004_length_771_cov_2.448127_2	30	8.704457047595565e-07	771	1.202030562030324e-06	root;d__Bacteria;p__Proteobacteria;c__Alphaproteobacteria;o__Pelagibacterales;f__Pelagibacteraceae	root;d__Bacteria;p__Proteobacteria;c__Alphaproteobacteria;o__Pelagibacterales;f__Pelagibacteraceae
29-1-6_NODE_2291_length_7568_cov_4.500868_3	18-1-3_NODE_312903_length_472_cov_3.306329_1	29	8.414308479342379e-07	472	1.8980368175449163e-06	root;d__Bacteria;p__Proteobacteria;c__Alphaproteobacteria;o__Pelagibacterales;f__Pelagibacteraceae	root;d__Bacteria;p__Proteobacteria;c__Alphaproteobacteria;o__Pelagibacterales;f__Pelagibacteraceae
29-1-6_NODE_2291_length_7568_cov_4.500868_3	18-1-3_NODE_362785_length_433_cov_2.794944_1	30	8.704457047595565e-07	433	2.140336173961616e-06	root;d__Bacteria;p__Proteobacteria;c__Alphaproteobacteria;o__Pelagibacterales;f__Pelagibacteraceae	root;d__Bacteria;p__Proteobacteria;c__Alphaproteobacteria;o__Pelagibacterales;f__Pelagibacteraceae
29-1-6_NODE_2291_length_7568_cov_4.500868_3	18-1-3_NODE_466255_length_374_cov_3.164983_1	19	5.512822796810524e-07	374	1.5693891001053667e-06	root;d__Bacteria;p__Proteobacteria;c__Alphaproteobacteria;o__Pelagibacterales;f__Pelagibacteraceae	root;d__Bacteria;p__Proteobacteria;c__Alphaproteobacteria;o__Pelagibacterales;f__Pelagibacteraceae
29-1-6_NODE_2291_length_7568_cov_4.500868_3	18-1-3_NODE_514213_length_354_cov_1.339350_1	18	5.222674228557339e-07	354	1.5707890903819999e-06	root;d__Bacteria;p__Proteobacteria;c__Alphaproteobacteria;o__Pelagibacterales;f__Pelagibacteraceae	root;d__Bacteria;p__Proteobacteria;c__Alphaproteobacteria;o__Pelagibacterales;f__Pelagibacteraceae
29-1-6_NODE_2291_length_7568_cov_4.500868_3	18-1-3_NODE_618928_length_318_cov_1.576763_1	7	2.0310399777722984e-07	318	6.800166607209286e-07	root;d__Bacteria;p__Proteobacteria;c__Alphaproteobacteria;o__Pelagibacterales;f__Pelagibacteraceae	root;d__Bacteria;p__Proteobacteria;c__Alphaproteobacteria;o__Pelagibacterales;f__Pelagibacteraceae
29-1-6_NODE_2291_length_7568_cov_4.500868_3	18-1-3_NODE_672646_length_303_cov_1.168142_1	4	1.160594273012742e-07	303	4.0781762962612976e-07	root;d__Bacteria;p__Proteobacteria;c__Alphaproteobacteria;o__Pelagibacterales;f__Pelagibacteraceae	root;d__Bacteria;p__Proteobacteria;c__Alphaproteobacteria;o__Pelagibacterales;f__Pelagibacteraceae
29-1-6_NODE_2291_length_7568_cov_4.500868_3	18-1-3_NODE_1271342_length_235_cov_0.898734_1	3	8.704457047595565e-08	235	3.943683248193105e-07	root;d__Bacteria;p__Proteobacteria;c__Alphaproteobacteria;o__Pelagibacterales;f__Pelagibacteraceae	root;d__Bacteria;p__Proteobacteria;c__Alphaproteobacteria;o__Pelagibacterales;f__Pelagibacteraceae
29-1-6_NODE_2291_length_7568_cov_4.500868_3	18-1-3_NODE_1301181_length_232_cov_1.845161_1	8	2.321188546025484e-07	232	1.0652477739372182e-06	root;d__Bacteria;p__Proteobacteria;c__Alphaproteobacteria;o__Pelagibacterales;f__Pelagibacteraceae	root;d__Bacteria;p__Proteobacteria;c__Alphaproteobacteria;o__Pelagibacterales;f__Pelagibacteraceae
29-1-6_NODE_2291_length_7568_cov_4.500868_3	18-1-3_NODE_1356731_length_186_cov_3.899083_1	10	2.901485682531855e-07	186	1.6608701851709317e-06	root;d__Bacteria;p__Proteobacteria;c__Alphaproteobacteria;o__Pelagibacterales;f__Pelagibacteraceae	root;d__Bacteria;p__Proteobacteria;c__Alphaproteobacteria;o__Pelagibacterales;f__Pelagibacteraceae
29-1-6_NODE_2291_length_7568_cov_4.500868_3	18-1-3_NODE_1360832_length_158_cov_3.641975_1	3	8.704457047595565e-08	158	5.86560483117329e-07	root;d__Bacteria;p__Proteobacteria;c__Alphaproteobacteria;o__Pelagibacterales;f__Pelagibacteraceae	root;d__Bacteria;p__Proteobacteria;c__Alphaproteobacteria;o__Pelagibacterales;f__Pelagibacteraceae
29-1-6_NODE_2291_length_7568_cov_4.500868_3	18-1-4_NODE_430473_length_393_cov_1.639241_1	25	8.46106609974365e-07	393	1.972373745345047e-06	root;d__Bacteria;p__Proteobacteria;c__Alphaproteobacteria;o__Pelagibacterales;f__Pelagibacteraceae	root;d__Bacteria;p__Proteobacteria;c__Alphaproteobacteria;o__Pelagibacterales;f__Pelagibacteraceae
29-1-6_NODE_2291_length_7568_cov_4.500868_3	18-1-4_NODE_445798_length_387_cov_1.203226_1	7	2.369098507928222e-07	387	5.608268913120644e-07	root;d__Bacteria;p__Proteobacteria;c__Alphaproteobacteria;o__Pelagibacterales;f__Pelagibacteraceae	root;d__Bacteria;p__Proteobacteria;c__Alphaproteobacteria;o__Pelagibacterales;f__Pelagibacteraceae
29-1-6_NODE_2291_length_7568_cov_4.500868_3	18-1-4_NODE_474408_length_376_cov_1.364548_1	46	1.5568361623528315e-06	376	3.793252400888059e-06	root;d__Bacteria;p__Proteobacteria;c__Alphaproteobacteria;o__Pelagibacterales;f__Pelagibacteraceae	root;d__Bacteria;p__Proteobacteria;c__Alphaproteobacteria;o__Pelagibacterales;f__Pelagibacteraceae
29-1-6_NODE_2291_length_7568_cov_4.500868_3	18-1-4_NODE_486128_length_372_cov_1.186441_1	6	2.030655863938476e-07	372	5.000921818842601e-07	root;d__Bacteria;p__Proteobacteria;c__Alphaproteobacteria;o__Pelagibacterales;f__Pelagibacteraceae	root;d__Bacteria;p__Proteobacteria;c__Alphaproteobacteria;o__Pelagibacterales;f__Pelagibacteraceae
29-1-6_NODE_2291_length_7568_cov_4.500868_3	18-1-4_NODE_706394_length_313_cov_1.817797_1	10	3.38442643989746e-07	313	9.90597932166905e-07	root;d__Bacteria;p__Proteobacteria;c__Alphaproteobacteria;o__Pelagibacterales;f__Pelagibacteraceae	root;d__Bacteria;p__Proteobacteria;c__Alphaproteobacteria;o__Pelagibacterales;f__Pelagibacteraceae
29-1-6_NODE_2291_length_7568_cov_4.500868_3	18-1-4_NODE_720432_length_310_cov_2.060086_1	9	3.045983795907714e-07	310	9.001659273916684e-07	root;d__Bacteria;p__Proteobacteria;c__Alphaproteobacteria;o__Pelagibacterales;f__Pelagibacteraceae	root;d__Bacteria;p__Proteobacteria;c__Alphaproteobacteria;o__Pelagibacterales;f__Pelagibacteraceae
29-1-6_NODE_2291_length_7568_cov_4.500868_3	18-1-4_NODE_926134_length_279_cov_0.856436_1	10	3.38442643989746e-07	279	1.1113159597428005e-06	root;d__Bacteria;p__Proteobacteria;c__Alphaproteobacteria;o__Pelagibacterales;f__Pelagibacteraceae	root;d__Bacteria;p__Proteobacteria;c__Alphaproteobacteria;o__Pelagibacterales;f__Pelagibacteraceae
29-1-6_NODE_2291_length_7568_cov_4.500868_3	18-1-4_NODE_1283077_length_254_cov_2.960452_1	4	1.353770575958984e-07	254	4.88278980737388e-07	root;d__Bacteria;p__Proteobacteria;c__Alphaproteobacteria;o__Pelagibacterales;f__Pelagibacteraceae	root;d__Bacteria;p__Proteobacteria;c__Alphaproteobacteria;o__Pelagibacterales;f__Pelagibacteraceae
29-1-6_NODE_2291_length_7568_cov_4.500868_3	18-1-4_NODE_1708402_length_230_cov_0.895425_1	2	6.76885287979492e-08	230	2.6961491545064464e-07	root;d__Bacteria;p__Proteobacteria;c__Alphaproteobacteria;o__Pelagibacterales;f__Pelagibacteraceae	root;d__Bacteria;p__Proteobacteria;c__Alphaproteobacteria;o__Pelagibacterales;f__Pelagibacteraceae
29-1-6_NODE_2291_length_7568_cov_4.500868_3	18-1-6_NODE_204913_length_559_cov_1.321577_1	14	4.409429931260767e-07	559	7.129865041699697e-07	root;d__Bacteria;p__Proteobacteria;c__Alphaproteobacteria;o__Pelagibacterales;f__Pelagibacteraceae	root;d__Bacteria;p__Proteobacteria;c__Alphaproteobacteria;o__Pelagibacterales;f__Pelagibacteraceae
29-1-6_NODE_2291_length_7568_cov_4.500868_3	18-1-6_NODE_461817_length_368_cov_0.676976_1	6	1.889755684826043e-07	368	4.641608569460556e-07	root;d__Bacteria;p__Proteobacteria;c__Alphaproteobacteria;o__Pelagibacterales;f__Pelagibacteraceae	root;d__Bacteria;p__Proteobacteria;c__Alphaproteobacteria;o__Pelagibacterales;f__Pelagibacteraceae
29-1-6_NODE_2291_length_7568_cov_4.500868_3	18-1-6_NODE_613036_length_319_cov_0.805785_1	14	4.409429931260767e-07	319	1.2494026828558402e-06	root;d__Bacteria;p__Proteobacteria;c__Alphaproteobacteria;o__Pelagibacterales;f__Pelagibacteraceae	root;d__Bacteria;p__Proteobacteria;c__Alphaproteobacteria;o__Pelagibacterales;f__Pelagibacteraceae
29-1-6_NODE_2291_length_7568_cov_4.500868_3	18-1-6_NODE_1167601_length_247_cov_0.888235_1	31	9.763737704934556e-07	247	3.572973722024698e-06	root;d__Bacteria;p__Proteobacteria;c__Alphaproteobacteria;o__Pelagibacterales;f__Pelagibacteraceae	root;d__Bacteria;p__Proteobacteria;c__Alphaproteobacteria;o__Pelagibacterales;f__Pelagibacteraceae
29-1-6_NODE_2291_length_7568_cov_4.500868_3	18-1-6_NODE_1397504_length_230_cov_1.673203_1	6	1.889755684826043e-07	230	7.426573711136889e-07	root;d__Bacteria;p__Proteobacteria;c__Alphaproteobacteria;o__Pelagibacterales;f__Pelagibacteraceae	root;d__Bacteria;p__Proteobacteria;c__Alphaproteobacteria;o__Pelagibacterales;f__Pelagibacteraceae
29-1-6_NODE_2291_length_7568_cov_4.500868_3	19-1-12_NODE_2703_length_6812_cov_4.596882_5	657	1.8932209549648552e-05	6812	2.835256406338127e-06	root;d__Bacteria;p__Proteobacteria;c__Alphaproteobacteria;o__Pelagibacterales;f__Pelagibacteraceae	root;d__Bacteria;p__Proteobacteria;c__Alphaproteobacteria;o__Pelagibacterales;f__Pelagibacteraceae
29-1-6_NODE_2291_length_7568_cov_4.500868_3	19-1-12_NODE_68127_length_1130_cov_2.271605_1	42	1.2102782360505923e-06	1130	1.0926283305437202e-06	root;d__Bacteria;p__Proteobacteria;c__Alphaproteobacteria;o__Pelagibacterales;f__Pelagibacteraceae	root;d__Bacteria;p__Proteobacteria;c__Alphaproteobacteria;o__Pelagibacterales;f__Pelagibacteraceae
29-1-6_NODE_2291_length_7568_cov_4.500868_3	19-1-12_NODE_82481_length_1015_cov_2.945629_1	61	1.7577850571210984e-06	1015	1.7667105518268507e-06	root;d__Bacteria;p__Proteobacteria;c__Alphaproteobacteria;o__Pelagibacterales;f__Pelagibacteraceae	root;d__Bacteria;p__Proteobacteria;c__Alphaproteobacteria;o__Pelagibacterales;f__Pelagibacteraceae
29-1-6_NODE_2291_length_7568_cov_4.500868_3	19-1-12_NODE_123181_length_809_cov_4.670765_1	91	2.6222695114429503e-06	809	3.3066976052095696e-06	root;d__Bacteria;p__Proteobacteria;c__Alphaproteobacteria;o__Pelagibacterales;f__Pelagibacteraceae	root;d__Bacteria;p__Proteobacteria;c__Alphaproteobacteria;o__Pelagibacterales;f__Pelagibacteraceae
29-1-6_NODE_2291_length_7568_cov_4.500868_3	19-1-12_NODE_158487_length_699_cov_1.475884_1	47	1.3543589784375676e-06	699	1.9766159355261592e-06	root;d__Bacteria;p__Proteobacteria;c__Alphaproteobacteria;o__Pelagibacterales;f__Pelagibacteraceae	root;d__Bacteria;p__Proteobacteria;c__Alphaproteobacteria;o__Pelagibacterales;f__Pelagibacteraceae
29-1-6_NODE_2291_length_7568_cov_4.500868_3	19-1-12_NODE_176375_length_657_cov_2.694828_1	27	7.780360088896665e-07	657	1.2080919897401213e-06	root;d__Bacteria;p__Proteobacteria;c__Alphaproteobacteria;o__Pelagibacterales;f__Pelagibacteraceae	root;d__Bacteria;p__Proteobacteria;c__Alphaproteobacteria;o__Pelagibacterales;f__Pelagibacteraceae
29-1-6_NODE_2291_length_7568_cov_4.500868_3	19-1-12_NODE_204837_length_603_cov_2.273764_1	33	9.509328997540369e-07	603	1.6087858503504434e-06	root;d__Bacteria;p__Proteobacteria;c__Alphaproteobacteria;o__Pelagibacterales;f__Pelagibacteraceae	root;d__Bacteria;p__Proteobacteria;c__Alphaproteobacteria;o__Pelagibacterales;f__Pelagibacteraceae
29-1-6_NODE_2291_length_7568_cov_4.500868_3	19-1-12_NODE_259593_length_526_cov_2.111359_1	41	1.1814620875731974e-06	526	2.291393742263741e-06	root;d__Bacteria;p__Proteobacteria;c__Alphaproteobacteria;o__Pelagibacterales;f__Pelagibacteraceae	root;d__Bacteria;p__Proteobacteria;c__Alphaproteobacteria;o__Pelagibacterales;f__Pelagibacteraceae
29-1-6_NODE_2291_length_7568_cov_4.500868_3	19-1-12_NODE_281233_length_502_cov_2.574118_1	39	1.1238297906184073e-06	502	2.2838233033134966e-06	root;d__Bacteria;p__Proteobacteria;c__Alphaproteobacteria;o__Pelagibacterales;f__Pelagibacteraceae	root;d__Bacteria;p__Proteobacteria;c__Alphaproteobacteria;o__Pelagibacterales;f__Pelagibacteraceae
29-1-6_NODE_2291_length_7568_cov_4.500868_3	19-1-12_NODE_315608_length_469_cov_2.448980_1	32	9.221167512766418e-07	469	2.0057589822550984e-06	root;d__Bacteria;p__Proteobacteria;c__Alphaproteobacteria;o__Pelagibacterales;f__Pelagibacteraceae	root;d__Bacteria;p__Proteobacteria;c__Alphaproteobacteria;o__Pelagibacterales;f__Pelagibacteraceae
29-1-6_NODE_2291_length_7568_cov_4.500868_3	19-1-12_NODE_458149_length_373_cov_1.983108_1	12	3.457937817287407e-07	373	9.457449356678698e-07	root;d__Bacteria;p__Proteobacteria;c__Alphaproteobacteria;o__Pelagibacterales;f__Pelagibacteraceae	root;d__Bacteria;p__Proteobacteria;c__Alphaproteobacteria;o__Pelagibacterales;f__Pelagibacteraceae
29-1-6_NODE_2291_length_7568_cov_4.500868_3	19-1-12_NODE_563191_length_329_cov_1.174603_1	10	2.8816148477395056e-07	329	8.935229508716196e-07	root;d__Bacteria;p__Proteobacteria;c__Alphaproteobacteria;o__Pelagibacterales;f__Pelagibacteraceae	root;d__Bacteria;p__Proteobacteria;c__Alphaproteobacteria;o__Pelagibacterales;f__Pelagibacteraceae
29-1-6_NODE_2291_length_7568_cov_4.500868_3	19-1-12_NODE_659095_length_298_cov_2.180995_1	35	1.008565196708827e-06	298	3.45265663734453e-06	root;d__Bacteria;p__Proteobacteria;c__Alphaproteobacteria;o__Pelagibacterales;f__Pelagibacteraceae	root;d__Bacteria;p__Proteobacteria;c__Alphaproteobacteria;o__Pelagibacterales;f__Pelagibacteraceae
29-1-6_NODE_2291_length_7568_cov_4.500868_3	19-1-12_NODE_865109_length_263_cov_1.344086_1	2	5.7632296954790114e-08	263	2.2355060900134056e-07	root;d__Bacteria;p__Proteobacteria;c__Alphaproteobacteria;o__Pelagibacterales;f__Pelagibacteraceae	root;d__Bacteria;p__Proteobacteria;c__Alphaproteobacteria;o__Pelagibacterales;f__Pelagibacteraceae
29-1-6_NODE_2291_length_7568_cov_4.500868_3	19-1-12_NODE_1020306_length_246_cov_1.763314_1	7	2.017130393417654e-07	246	8.364972991289999e-07	root;d__Bacteria;p__Proteobacteria;c__Alphaproteobacteria;o__Pelagibacterales;f__Pelagibacteraceae	root;d__Bacteria;p__Proteobacteria;c__Alphaproteobacteria;o__Pelagibacterales;f__Pelagibacteraceae
29-1-6_NODE_2291_length_7568_cov_4.500868_3	19-1-12_NODE_1030265_length_245_cov_2.083333_1	6	1.7289689086437035e-07	245	7.199242061308479e-07	root;d__Bacteria;p__Proteobacteria;c__Alphaproteobacteria;o__Pelagibacterales;f__Pelagibacteraceae	root;d__Bacteria;p__Proteobacteria;c__Alphaproteobacteria;o__Pelagibacterales;f__Pelagibacteraceae
29-1-6_NODE_2291_length_7568_cov_4.500868_3	19-1-12_NODE_1054301_length_243_cov_0.891566_1	2	5.7632296954790114e-08	243	2.419498360796402e-07	root;d__Bacteria;p__Proteobacteria;c__Alphaproteobacteria;o__Pelagibacterales;f__Pelagibacteraceae	root;d__Bacteria;p__Proteobacteria;c__Alphaproteobacteria;o__Pelagibacterales;f__Pelagibacteraceae
29-1-6_NODE_2291_length_7568_cov_4.500868_3	19-1-12_NODE_1059601_length_242_cov_4.272727_1	17	4.89874524115716e-07	242	2.0650718447210612e-06	root;d__Bacteria;p__Proteobacteria;c__Alphaproteobacteria;o__Pelagibacterales;f__Pelagibacteraceae	root;d__Bacteria;p__Proteobacteria;c__Alphaproteobacteria;o__Pelagibacterales;f__Pelagibacteraceae
29-1-6_NODE_2291_length_7568_cov_4.500868_3	19-1-12_NODE_1214469_length_183_cov_2.830189_1	14	4.034260786835308e-07	183	2.2489435583140324e-06	root;d__Bacteria;p__Proteobacteria;c__Alphaproteobacteria;o__Pelagibacterales;f__Pelagibacteraceae	root;d__Bacteria;p__Proteobacteria;c__Alphaproteobacteria;o__Pelagibacterales;f__Pelagibacteraceae
29-1-6_NODE_2291_length_7568_cov_4.500868_3	19-1-2_NODE_102950_length_790_cov_1.678822_1	34	9.868332069606338e-07	790	1.1549201204217988e-06	root;d__Bacteria;p__Proteobacteria;c__Alphaproteobacteria;o__Pelagibacterales;f__Pelagibacteraceae	root;d__Bacteria;p__Proteobacteria;c__Alphaproteobacteria;o__Pelagibacterales;f__Pelagibacteraceae
29-1-6_NODE_2291_length_7568_cov_4.500868_3	19-1-2_NODE_460678_length_403_cov_0.748466_1	14	4.0634308521908453e-07	403	9.322300782269083e-07	root;d__Bacteria;p__Proteobacteria;c__Alphaproteobacteria;o__Pelagibacterales;f__Pelagibacteraceae	root;d__Bacteria;p__Proteobacteria;c__Alphaproteobacteria;o__Pelagibacterales;f__Pelagibacteraceae
29-1-6_NODE_2291_length_7568_cov_4.500868_3	19-1-2_NODE_687721_length_336_cov_0.857143_1	16	4.6439209739323947e-07	336	1.2778527943042313e-06	root;d__Bacteria;p__Proteobacteria;c__Alphaproteobacteria;o__Pelagibacterales;f__Pelagibacteraceae	root;d__Bacteria;p__Proteobacteria;c__Alphaproteobacteria;o__Pelagibacterales;f__Pelagibacteraceae
29-1-6_NODE_2291_length_7568_cov_4.500868_3	19-1-2_NODE_1140128_length_272_cov_1.087179_1	7	2.0317154260954227e-07	272	6.906042675100073e-07	root;d__Bacteria;p__Proteobacteria;c__Alphaproteobacteria;o__Pelagibacterales;f__Pelagibacteraceae	root;d__Bacteria;p__Proteobacteria;c__Alphaproteobacteria;o__Pelagibacterales;f__Pelagibacteraceae
29-1-6_NODE_2291_length_7568_cov_4.500868_3	19-1-2_NODE_1169242_length_270_cov_0.968912_1	16	4.6439209739323947e-07	270	1.5902168106897102e-06	root;d__Bacteria;p__Proteobacteria;c__Alphaproteobacteria;o__Pelagibacterales;f__Pelagibacteraceae	root;d__Bacteria;p__Proteobacteria;c__Alphaproteobacteria;o__Pelagibacterales;f__Pelagibacteraceae
29-1-6_NODE_2291_length_7568_cov_4.500868_3	19-1-2_NODE_1437217_length_255_cov_0.831461_1	3	8.70735182612324e-08	255	3.157048080045748e-07	root;d__Bacteria;p__Proteobacteria;c__Alphaproteobacteria;o__Pelagibacterales;f__Pelagibacteraceae	root;d__Bacteria;p__Proteobacteria;c__Alphaproteobacteria;o__Pelagibacterales;f__Pelagibacteraceae
29-1-6_NODE_2291_length_7568_cov_4.500868_3	19-1-2_NODE_1554291_length_249_cov_0.790698_1	14	4.0634308521908453e-07	249	1.5087900462869237e-06	root;d__Bacteria;p__Proteobacteria;c__Alphaproteobacteria;o__Pelagibacterales;f__Pelagibacteraceae	root;d__Bacteria;p__Proteobacteria;c__Alphaproteobacteria;o__Pelagibacterales;f__Pelagibacteraceae
29-1-6_NODE_2291_length_7568_cov_4.500868_3	19-1-2_NODE_1721573_length_240_cov_1.000000_1	12	3.482940730449296e-07	240	1.3417454340194429e-06	root;d__Bacteria;p__Proteobacteria;c__Alphaproteobacteria;o__Pelagibacterales;f__Pelagibacteraceae	root;d__Bacteria;p__Proteobacteria;c__Alphaproteobacteria;o__Pelagibacterales;f__Pelagibacteraceae
29-1-6_NODE_2291_length_7568_cov_4.500868_3	19-1-2_NODE_1897891_length_231_cov_0.987013_1	7	2.0317154260954227e-07	231	8.131790509208744e-07	root;d__Bacteria;p__Proteobacteria;c__Alphaproteobacteria;o__Pelagibacterales;f__Pelagibacteraceae	root;d__Bacteria;p__Proteobacteria;c__Alphaproteobacteria;o__Pelagibacterales;f__Pelagibacteraceae
29-1-6_NODE_2291_length_7568_cov_4.500868_3	19-1-4_NODE_433953_length_370_cov_0.931741_1	9	2.978615131947355e-07	370	7.233871303820608e-07	root;d__Bacteria;p__Proteobacteria;c__Alphaproteobacteria;o__Pelagibacterales;f__Pelagibacteraceae	root;d__Bacteria;p__Proteobacteria;c__Alphaproteobacteria;o__Pelagibacterales;f__Pelagibacteraceae
29-1-6_NODE_2291_length_7568_cov_4.500868_3	19-1-4_NODE_591818_length_320_cov_0.962963_1	14	4.633401316362552e-07	320	1.3010921303399564e-06	root;d__Bacteria;p__Proteobacteria;c__Alphaproteobacteria;o__Pelagibacterales;f__Pelagibacteraceae	root;d__Bacteria;p__Proteobacteria;c__Alphaproteobacteria;o__Pelagibacterales;f__Pelagibacteraceae
29-1-6_NODE_2291_length_7568_cov_4.500868_3	19-1-4_NODE_614990_length_314_cov_1.164557_1	8	2.6476578950643155e-07	314	7.576878648021585e-07	root;d__Bacteria;p__Proteobacteria;c__Alphaproteobacteria;o__Pelagibacterales;f__Pelagibacteraceae	root;d__Bacteria;p__Proteobacteria;c__Alphaproteobacteria;o__Pelagibacterales;f__Pelagibacteraceae
29-1-6_NODE_2291_length_7568_cov_4.500868_3	19-1-4_NODE_623875_length_312_cov_0.927660_1	7	2.316700658181276e-07	312	6.6722673350767e-07	root;d__Bacteria;p__Proteobacteria;c__Alphaproteobacteria;o__Pelagibacterales;f__Pelagibacteraceae	root;d__Bacteria;p__Proteobacteria;c__Alphaproteobacteria;o__Pelagibacterales;f__Pelagibacteraceae
29-1-6_NODE_2291_length_7568_cov_4.500868_3	19-1-4_NODE_730123_length_289_cov_2.287736_1	7	2.316700658181276e-07	289	7.203278230255815e-07	root;d__Bacteria;p__Proteobacteria;c__Alphaproteobacteria;o__Pelagibacterales;f__Pelagibacteraceae	root;d__Bacteria;p__Proteobacteria;c__Alphaproteobacteria;o__Pelagibacterales;f__Pelagibacteraceae
29-1-6_NODE_2291_length_7568_cov_4.500868_3	19-1-4_NODE_752475_length_286_cov_1.196172_1	8	2.6476578950643155e-07	286	8.318670963212509e-07	root;d__Bacteria;p__Proteobacteria;c__Alphaproteobacteria;o__Pelagibacterales;f__Pelagibacteraceae	root;d__Bacteria;p__Proteobacteria;c__Alphaproteobacteria;o__Pelagibacterales;f__Pelagibacteraceae
29-1-6_NODE_2291_length_7568_cov_4.500868_3	19-1-4_NODE_1327409_length_240_cov_0.785276_1	11	3.640529605713434e-07	240	1.363048898451383e-06	root;d__Bacteria;p__Proteobacteria;c__Alphaproteobacteria;o__Pelagibacterales;f__Pelagibacteraceae	root;d__Bacteria;p__Proteobacteria;c__Alphaproteobacteria;o__Pelagibacterales;f__Pelagibacteraceae
29-1-6_NODE_2291_length_7568_cov_4.500868_3	19-1-4_NODE_1366424_length_237_cov_0.925000_1	7	2.316700658181276e-07	237	8.783744339847808e-07	root;d__Bacteria;p__Proteobacteria;c__Alphaproteobacteria;o__Pelagibacterales;f__Pelagibacteraceae	root;d__Bacteria;p__Proteobacteria;c__Alphaproteobacteria;o__Pelagibacterales;f__Pelagibacteraceae
29-1-6_NODE_2291_length_7568_cov_4.500868_3	19-1-6_NODE_108152_length_800_cov_0.946058_2	34	1.1511628505392453e-06	800	1.256784306679375e-06	root;d__Bacteria;p__Proteobacteria;c__Alphaproteobacteria;o__Pelagibacterales;f__Pelagibacteraceae	root;d__Bacteria;p__Proteobacteria;c__Alphaproteobacteria;o__Pelagibacterales;f__Pelagibacteraceae
29-1-6_NODE_2291_length_7568_cov_4.500868_3	19-1-6_NODE_177583_length_613_cov_1.388060_1	34	1.1511628505392453e-06	613	1.6401752778849917e-06	root;d__Bacteria;p__Proteobacteria;c__Alphaproteobacteria;o__Pelagibacterales;f__Pelagibacteraceae	root;d__Bacteria;p__Proteobacteria;c__Alphaproteobacteria;o__Pelagibacterales;f__Pelagibacteraceae
29-1-6_NODE_2291_length_7568_cov_4.500868_3	19-1-6_NODE_353762_length_428_cov_2.037037_1	38	1.2865937741320977e-06	428	2.6254977269827515e-06	root;d__Bacteria;p__Proteobacteria;c__Alphaproteobacteria;o__Pelagibacterales;f__Pelagibacteraceae	root;d__Bacteria;p__Proteobacteria;c__Alphaproteobacteria;o__Pelagibacterales;f__Pelagibacteraceae
29-1-6_NODE_2291_length_7568_cov_4.500868_3	19-1-6_NODE_604399_length_326_cov_0.807229_1	8	2.708618471857048e-07	326	7.256784159823169e-07	root;d__Bacteria;p__Proteobacteria;c__Alphaproteobacteria;o__Pelagibacterales;f__Pelagibacteraceae	root;d__Bacteria;p__Proteobacteria;c__Alphaproteobacteria;o__Pelagibacterales;f__Pelagibacteraceae
29-1-6_NODE_2291_length_7568_cov_4.500868_3	19-1-6_NODE_646049_length_315_cov_0.840336_1	6	2.0314638538927859e-07	315	5.63264675262465e-07	root;d__Bacteria;p__Proteobacteria;c__Alphaproteobacteria;o__Pelagibacterales;f__Pelagibacteraceae	root;d__Bacteria;p__Proteobacteria;c__Alphaproteobacteria;o__Pelagibacterales;f__Pelagibacteraceae
29-1-6_NODE_2291_length_7568_cov_4.500868_3	19-1-6_NODE_682732_length_306_cov_0.890830_1	13	4.4015050167677027e-07	306	1.256301113943243e-06	root;d__Bacteria;p__Proteobacteria;c__Alphaproteobacteria;o__Pelagibacterales;f__Pelagibacteraceae	root;d__Bacteria;p__Proteobacteria;c__Alphaproteobacteria;o__Pelagibacterales;f__Pelagibacteraceae
29-1-6_NODE_2291_length_7568_cov_4.500868_3	19-1-6_NODE_783660_length_286_cov_1.033493_1	9	3.047195780839179e-07	286	9.305683883269744e-07	root;d__Bacteria;p__Proteobacteria;c__Alphaproteobacteria;o__Pelagibacterales;f__Pelagibacteraceae	root;d__Bacteria;p__Proteobacteria;c__Alphaproteobacteria;o__Pelagibacterales;f__Pelagibacteraceae
29-1-6_NODE_2291_length_7568_cov_4.500868_3	19-1-6_NODE_799578_length_283_cov_1.728155_1	9	3.047195780839179e-07	283	9.404330708887446e-07	root;d__Bacteria;p__Proteobacteria;c__Alphaproteobacteria;o__Pelagibacterales;f__Pelagibacteraceae	root;d__Bacteria;p__Proteobacteria;c__Alphaproteobacteria;o__Pelagibacterales;f__Pelagibacteraceae
29-1-6_NODE_2291_length_7568_cov_4.500868_3	19-1-6_NODE_1009798_length_263_cov_1.344086_1	13	4.4015050167677027e-07	263	1.4617039576678037e-06	root;d__Bacteria;p__Proteobacteria;c__Alphaproteobacteria;o__Pelagibacterales;f__Pelagibacteraceae	root;d__Bacteria;p__Proteobacteria;c__Alphaproteobacteria;o__Pelagibacterales;f__Pelagibacteraceae
29-1-6_NODE_2291_length_7568_cov_4.500868_3	19-1-6_NODE_1169363_length_251_cov_1.195402_1	4	1.354309235928524e-07	251	4.712572980283572e-07	root;d__Bacteria;p__Proteobacteria;c__Alphaproteobacteria;o__Pelagibacterales;f__Pelagibacteraceae	root;d__Bacteria;p__Proteobacteria;c__Alphaproteobacteria;o__Pelagibacterales;f__Pelagibacteraceae
29-1-6_NODE_2291_length_7568_cov_4.500868_3	19-1-6_NODE_1291188_length_243_cov_0.746988_1	8	2.708618471857048e-07	243	9.735438831696926e-07	root;d__Bacteria;p__Proteobacteria;c__Alphaproteobacteria;o__Pelagibacterales;f__Pelagibacteraceae	root;d__Bacteria;p__Proteobacteria;c__Alphaproteobacteria;o__Pelagibacterales;f__Pelagibacteraceae
29-1-6_NODE_2291_length_7568_cov_4.500868_3	19-1-6_NODE_1484759_length_230_cov_0.745098_1	4	1.354309235928524e-07	230	5.142851382831202e-07	root;d__Bacteria;p__Proteobacteria;c__Alphaproteobacteria;o__Pelagibacterales;f__Pelagibacteraceae	root;d__Bacteria;p__Proteobacteria;c__Alphaproteobacteria;o__Pelagibacterales;f__Pelagibacteraceae
29-1-6_NODE_2291_length_7568_cov_4.500868_3	23-1-10_NODE_95267_length_794_cov_1.838215_2	24	9.575246837894423e-07	794	1.062373037945449e-06	root;d__Bacteria;p__Proteobacteria;c__Alphaproteobacteria;o__Pelagibacterales;f__Pelagibacteraceae	root;d__Bacteria;p__Proteobacteria;c__Alphaproteobacteria;o__Pelagibacterales;f__Pelagibacteraceae
29-1-6_NODE_2291_length_7568_cov_4.500868_3	23-1-10_NODE_157227_length_606_cov_1.132325_1	35	1.3963901638596032e-06	606	2.029933080617713e-06	root;d__Bacteria;p__Proteobacteria;c__Alphaproteobacteria;o__Pelagibacterales;f__Pelagibacteraceae	root;d__Bacteria;p__Proteobacteria;c__Alphaproteobacteria;o__Pelagibacterales;f__Pelagibacteraceae
29-1-6_NODE_2291_length_7568_cov_4.500868_3	23-1-10_NODE_603686_length_302_cov_0.675556_1	13	5.186592037192812e-07	302	1.5129435013345646e-06	root;d__Bacteria;p__Proteobacteria;c__Alphaproteobacteria;o__Pelagibacterales;f__Pelagibacteraceae	root;d__Bacteria;p__Proteobacteria;c__Alphaproteobacteria;o__Pelagibacterales;f__Pelagibacteraceae
29-1-6_NODE_2291_length_7568_cov_4.500868_3	23-1-10_NODE_759136_length_273_cov_1.622449_1	9	3.590717564210408e-07	273	1.1586870770998438e-06	root;d__Bacteria;p__Proteobacteria;c__Alphaproteobacteria;o__Pelagibacterales;f__Pelagibacteraceae	root;d__Bacteria;p__Proteobacteria;c__Alphaproteobacteria;o__Pelagibacterales;f__Pelagibacteraceae
29-1-6_NODE_2291_length_7568_cov_4.500868_3	23-1-10_NODE_1144532_length_237_cov_1.387500_1	5	1.9948430912280048e-07	237	7.414945430104487e-07	root;d__Bacteria;p__Proteobacteria;c__Alphaproteobacteria;o__Pelagibacterales;f__Pelagibacteraceae	root;d__Bacteria;p__Proteobacteria;c__Alphaproteobacteria;o__Pelagibacterales;f__Pelagibacteraceae
29-1-6_NODE_2291_length_7568_cov_4.500868_3	23-1-10_NODE_1259247_length_157_cov_1.425000_1	1	3.989686182456009e-08	157	2.2386523145665771e-07	root;d__Bacteria;p__Proteobacteria;c__Alphaproteobacteria;o__Pelagibacterales;f__Pelagibacteraceae	root;d__Bacteria;p__Proteobacteria;c__Alphaproteobacteria;o__Pelagibacterales;f__Pelagibacteraceae
29-1-6_NODE_2291_length_7568_cov_4.500868_3	23-1-16_NODE_13545_length_2755_cov_5.038835_2	315	9.134278063198997e-06	2755	3.7971841293547185e-06	root;d__Bacteria;p__Proteobacteria;c__Alphaproteobacteria;o__Pelagibacterales;f__Pelagibacteraceae	root;d__Bacteria;p__Proteobacteria;c__Alphaproteobacteria;o__Pelagibacterales;f__Pelagibacteraceae
29-1-6_NODE_2291_length_7568_cov_4.500868_3	23-1-16_NODE_51511_length_1204_cov_3.123336_1	62	1.7978579045026598e-06	1204	1.7101645866558022e-06	root;d__Bacteria;p__Proteobacteria;c__Alphaproteobacteria;o__Pelagibacterales;f__Pelagibacteraceae	root;d__Bacteria;p__Proteobacteria;c__Alphaproteobacteria;o__Pelagibacterales;f__Pelagibacteraceae
29-1-6_NODE_2291_length_7568_cov_4.500868_3	23-1-16_NODE_93513_length_844_cov_2.125163_1	42	1.2179037417598662e-06	844	1.6526449093795023e-06	root;d__Bacteria;p__Proteobacteria;c__Alphaproteobacteria;o__Pelagibacterales;f__Pelagibacteraceae	root;d__Bacteria;p__Proteobacteria;c__Alphaproteobacteria;o__Pelagibacterales;f__Pelagibacteraceae
29-1-6_NODE_2291_length_7568_cov_4.500868_3	23-1-16_NODE_119585_length_729_cov_2.343558_1	41	1.1889060336227267e-06	729	1.8677942531898984e-06	root;d__Bacteria;p__Proteobacteria;c__Alphaproteobacteria;o__Pelagibacterales;f__Pelagibacteraceae	root;d__Bacteria;p__Proteobacteria;c__Alphaproteobacteria;o__Pelagibacterales;f__Pelagibacteraceae
29-1-6_NODE_2291_length_7568_cov_4.500868_3	23-1-16_NODE_165503_length_605_cov_6.128788_1	69	2.0008418614626376e-06	605	3.787620186644027e-06	root;d__Bacteria;p__Proteobacteria;c__Alphaproteobacteria;o__Pelagibacterales;f__Pelagibacteraceae	root;d__Bacteria;p__Proteobacteria;c__Alphaproteobacteria;o__Pelagibacterales;f__Pelagibacteraceae
29-1-6_NODE_2291_length_7568_cov_4.500868_3	23-1-16_NODE_199488_length_544_cov_4.072805_1	32	9.279266603884695e-07	544	1.953546643580252e-06	root;d__Bacteria;p__Proteobacteria;c__Alphaproteobacteria;o__Pelagibacterales;f__Pelagibacteraceae	root;d__Bacteria;p__Proteobacteria;c__Alphaproteobacteria;o__Pelagibacterales;f__Pelagibacteraceae
29-1-6_NODE_2291_length_7568_cov_4.500868_3	23-1-16_NODE_202849_length_539_cov_2.670996_1	26	7.539404115656315e-07	539	1.601980735551895e-06	root;d__Bacteria;p__Proteobacteria;c__Alphaproteobacteria;o__Pelagibacterales;f__Pelagibacteraceae	root;d__Bacteria;p__Proteobacteria;c__Alphaproteobacteria;o__Pelagibacterales;f__Pelagibacteraceae
29-1-6_NODE_2291_length_7568_cov_4.500868_3	23-1-16_NODE_209213_length_530_cov_1.328918_1	13	3.7697020578281575e-07	530	8.145920910023316e-07	root;d__Bacteria;p__Proteobacteria;c__Alphaproteobacteria;o__Pelagibacterales;f__Pelagibacteraceae	root;d__Bacteria;p__Proteobacteria;c__Alphaproteobacteria;o__Pelagibacterales;f__Pelagibacteraceae
29-1-6_NODE_2291_length_7568_cov_4.500868_3	23-1-16_NODE_216136_length_520_cov_3.638826_1	43	1.246901449897006e-06	520	2.746235762417624e-06	root;d__Bacteria;p__Proteobacteria;c__Alphaproteobacteria;o__Pelagibacterales;f__Pelagibacteraceae	root;d__Bacteria;p__Proteobacteria;c__Alphaproteobacteria;o__Pelagibacterales;f__Pelagibacteraceae
29-1-6_NODE_2291_length_7568_cov_4.500868_3	23-1-16_NODE_218363_length_517_cov_2.788636_1	24	6.959449952913522e-07	517	1.5416770417422493e-06	root;d__Bacteria;p__Proteobacteria;c__Alphaproteobacteria;o__Pelagibacterales;f__Pelagibacteraceae	root;d__Bacteria;p__Proteobacteria;c__Alphaproteobacteria;o__Pelagibacterales;f__Pelagibacteraceae
29-1-6_NODE_2291_length_7568_cov_4.500868_3	23-1-16_NODE_230395_length_502_cov_1.232941_1	11	3.189747895085364e-07	502	7.277155823695363e-07	root;d__Bacteria;p__Proteobacteria;c__Alphaproteobacteria;o__Pelagibacterales;f__Pelagibacteraceae	root;d__Bacteria;p__Proteobacteria;c__Alphaproteobacteria;o__Pelagibacterales;f__Pelagibacteraceae
29-1-6_NODE_2291_length_7568_cov_4.500868_3	23-1-16_NODE_342952_length_398_cov_1.828660_1	13	3.7697020578281575e-07	398	1.0847583121387833e-06	root;d__Bacteria;p__Proteobacteria;c__Alphaproteobacteria;o__Pelagibacterales;f__Pelagibacteraceae	root;d__Bacteria;p__Proteobacteria;c__Alphaproteobacteria;o__Pelagibacterales;f__Pelagibacteraceae
29-1-6_NODE_2291_length_7568_cov_4.500868_3	23-1-16_NODE_441144_length_344_cov_6.063670_1	41	1.1889060336227267e-06	344	3.958203519114639e-06	root;d__Bacteria;p__Proteobacteria;c__Alphaproteobacteria;o__Pelagibacterales;f__Pelagibacteraceae	root;d__Bacteria;p__Proteobacteria;c__Alphaproteobacteria;o__Pelagibacterales;f__Pelagibacteraceae
29-1-6_NODE_2291_length_7568_cov_4.500868_3	23-1-16_NODE_471985_length_331_cov_1.405512_1	5	1.4498854068569837e-07	331	5.01666056508524e-07	root;d__Bacteria;p__Proteobacteria;c__Alphaproteobacteria;o__Pelagibacterales;f__Pelagibacteraceae	root;d__Bacteria;p__Proteobacteria;c__Alphaproteobacteria;o__Pelagibacterales;f__Pelagibacteraceae
29-1-6_NODE_2291_length_7568_cov_4.500868_3	23-1-16_NODE_563219_length_298_cov_1.841629_1	13	3.7697020578281575e-07	298	1.4487711685611937e-06	root;d__Bacteria;p__Proteobacteria;c__Alphaproteobacteria;o__Pelagibacterales;f__Pelagibacteraceae	root;d__Bacteria;p__Proteobacteria;c__Alphaproteobacteria;o__Pelagibacterales;f__Pelagibacteraceae
29-1-6_NODE_2291_length_7568_cov_4.500868_3	23-1-16_NODE_602893_length_287_cov_1.847619_1	27	7.829381197027712e-07	287	3.124313273182355e-06	root;d__Bacteria;p__Proteobacteria;c__Alphaproteobacteria;o__Pelagibacterales;f__Pelagibacteraceae	root;d__Bacteria;p__Proteobacteria;c__Alphaproteobacteria;o__Pelagibacterales;f__Pelagibacteraceae
29-1-6_NODE_2291_length_7568_cov_4.500868_3	23-1-16_NODE_623147_length_282_cov_2.790244_1	10	2.8997708137139674e-07	282	1.177669962441996e-06	root;d__Bacteria;p__Proteobacteria;c__Alphaproteobacteria;o__Pelagibacterales;f__Pelagibacteraceae	root;d__Bacteria;p__Proteobacteria;c__Alphaproteobacteria;o__Pelagibacterales;f__Pelagibacteraceae
29-1-6_NODE_2291_length_7568_cov_4.500868_3	23-1-16_NODE_749969_length_263_cov_1.559140_1	5	1.4498854068569837e-07	263	6.313743905107279e-07	root;d__Bacteria;p__Proteobacteria;c__Alphaproteobacteria;o__Pelagibacterales;f__Pelagibacteraceae	root;d__Bacteria;p__Proteobacteria;c__Alphaproteobacteria;o__Pelagibacterales;f__Pelagibacteraceae
29-1-6_NODE_2291_length_7568_cov_4.500868_3	23-1-16_NODE_901202_length_245_cov_2.107143_1	7	2.029839569599777e-07	245	9.488655125961225e-07	root;d__Bacteria;p__Proteobacteria;c__Alphaproteobacteria;o__Pelagibacterales;f__Pelagibacteraceae;g__Pelagibacter_A	root;d__Bacteria;p__Proteobacteria;c__Alphaproteobacteria;o__Pelagibacterales;f__Pelagibacteraceae
29-1-6_NODE_2291_length_7568_cov_4.500868_3	23-1-16_NODE_909838_length_244_cov_2.461078_1	7	2.029839569599777e-07	244	9.527543056805328e-07	root;d__Bacteria;p__Proteobacteria;c__Alphaproteobacteria;o__Pelagibacterales;f__Pelagibacteraceae	root;d__Bacteria;p__Proteobacteria;c__Alphaproteobacteria;o__Pelagibacterales;f__Pelagibacteraceae
29-1-6_NODE_2291_length_7568_cov_4.500868_3	23-1-16_NODE_911067_length_244_cov_1.592814_1	16	4.6396333019423476e-07	244	2.177724127269789e-06	root;d__Bacteria;p__Proteobacteria;c__Alphaproteobacteria;o__Pelagibacterales;f__Pelagibacteraceae	root;d__Bacteria;p__Proteobacteria;c__Alphaproteobacteria;o__Pelagibacterales;f__Pelagibacteraceae
29-1-6_NODE_2291_length_7568_cov_4.500868_3	23-1-16_NODE_1060150_length_224_cov_5.911565_1	49	1.420887698719844e-06	224	7.264751580814063e-06	root;d__Bacteria;p__Proteobacteria;c__Alphaproteobacteria;o__Pelagibacterales;f__Pelagibacteraceae	root;d__Bacteria;p__Proteobacteria;c__Alphaproteobacteria;o__Pelagibacterales;f__Pelagibacteraceae
29-1-6_NODE_2291_length_7568_cov_4.500868_3	23-1-16_NODE_1067442_length_185_cov_4.527778_1	5	1.4498854068569837e-07	185	8.975754848882239e-07	root;d__Bacteria;p__Proteobacteria;c__Alphaproteobacteria;o__Pelagibacterales;f__Pelagibacteraceae	root;d__Bacteria;p__Proteobacteria;c__Alphaproteobacteria;o__Pelagibacterales;f__Pelagibacteraceae
29-1-6_NODE_2291_length_7568_cov_4.500868_3	23-1-16_NODE_1072099_length_161_cov_10.452381_1	10	2.8997708137139674e-07	161	2.0627511143393967e-06	root;d__Bacteria;p__Proteobacteria;c__Alphaproteobacteria;o__Pelagibacterales;f__Pelagibacteraceae	root;d__Bacteria;p__Proteobacteria;c__Alphaproteobacteria;o__Pelagibacterales;f__Pelagibacteraceae
29-1-6_NODE_2291_length_7568_cov_4.500868_3	23-1-16_NODE_1084779_length_125_cov_20.562500_1	1	2.8997708137139672e-08	125	2.6568234352691427e-07	root;d__Bacteria;p__Proteobacteria;c__Alphaproteobacteria;o__Pelagibacterales;f__Pelagibacteraceae	root;d__Bacteria;p__Proteobacteria;c__Alphaproteobacteria;o__Pelagibacterales;f__Pelagibacteraceae
29-1-6_NODE_2291_length_7568_cov_4.500868_3	23-1-16_NODE_1085705_length_123_cov_7.239130_1	1	2.8997708137139672e-08	123	2.70002381633043e-07	root;d__Bacteria;p__Proteobacteria;c__Alphaproteobacteria;o__Pelagibacterales;f__Pelagibacteraceae	root;d__Bacteria;p__Proteobacteria;c__Alphaproteobacteria;o__Pelagibacterales;f__Pelagibacteraceae
29-1-6_NODE_2291_length_7568_cov_4.500868_3	24-1-2_NODE_247684_length_513_cov_1.495413_1	28	9.491643184454425e-07	513	1.6711785800359468e-06	root;d__Bacteria;p__Proteobacteria;c__Alphaproteobacteria;o__Pelagibacterales;f__Pelagibacteraceae	root;d__Bacteria;p__Proteobacteria;c__Alphaproteobacteria;o__Pelagibacterales;f__Pelagibacteraceae
29-1-6_NODE_2291_length_7568_cov_4.500868_3	24-1-2_NODE_354191_length_428_cov_0.880342_1	12	4.067847079051896e-07	428	8.584592238569167e-07	root;d__Bacteria;p__Proteobacteria;c__Alphaproteobacteria;o__Pelagibacterales;f__Pelagibacteraceae	root;d__Bacteria;p__Proteobacteria;c__Alphaproteobacteria;o__Pelagibacterales;f__Pelagibacteraceae
29-1-6_NODE_2291_length_7568_cov_4.500868_3	24-1-2_NODE_466726_length_372_cov_1.166102_1	8	2.711898052701264e-07	372	6.584597631017209e-07	root;d__Bacteria;p__Proteobacteria;c__Alphaproteobacteria;o__Pelagibacterales;f__Pelagibacteraceae	root;d__Bacteria;p__Proteobacteria;c__Alphaproteobacteria;o__Pelagibacterales;f__Pelagibacteraceae
29-1-6_NODE_2291_length_7568_cov_4.500868_3	24-1-2_NODE_520692_length_353_cov_0.731884_1	3	1.016961769762974e-07	353	2.6021285255719563e-07	root;d__Bacteria;p__Proteobacteria;c__Alphaproteobacteria;o__Pelagibacterales;f__Pelagibacteraceae	root;d__Bacteria;p__Proteobacteria;c__Alphaproteobacteria;o__Pelagibacterales;f__Pelagibacteraceae
29-1-6_NODE_2291_length_7568_cov_4.500868_3	24-1-2_NODE_893402_length_275_cov_1.318182_1	4	1.355949026350632e-07	275	4.4535823977061854e-07	root;d__Bacteria;p__Proteobacteria;c__Alphaproteobacteria;o__Pelagibacterales;f__Pelagibacteraceae	root;d__Bacteria;p__Proteobacteria;c__Alphaproteobacteria;o__Pelagibacterales;f__Pelagibacteraceae
29-1-6_NODE_2291_length_7568_cov_4.500868_3	24-1-2_NODE_1215108_length_252_cov_0.788571_1	4	1.355949026350632e-07	252	4.860060156226987e-07	root;d__Bacteria;p__Proteobacteria;c__Alphaproteobacteria;o__Pelagibacterales;f__Pelagibacteraceae	root;d__Bacteria;p__Proteobacteria;c__Alphaproteobacteria;o__Pelagibacterales;f__Pelagibacteraceae
29-1-6_NODE_2291_length_7568_cov_4.500868_3	24-1-2_NODE_1352349_length_243_cov_0.885542_1	4	1.355949026350632e-07	243	5.040062384235395e-07	root;d__Bacteria;p__Proteobacteria;c__Alphaproteobacteria;o__Pelagibacterales;f__Pelagibacteraceae	root;d__Bacteria;p__Proteobacteria;c__Alphaproteobacteria;o__Pelagibacterales;f__Pelagibacteraceae
29-1-6_NODE_2291_length_7568_cov_4.500868_3	24-1-8_NODE_30609_length_1658_cov_5.344086_1	182	5.2995448331592635e-06	1658	3.206094862752251e-06	root;d__Bacteria;p__Proteobacteria;c__Alphaproteobacteria;o__Pelagibacterales;f__Pelagibacteraceae	root;d__Bacteria;p__Proteobacteria;c__Alphaproteobacteria;o__Pelagibacterales;f__Pelagibacteraceae
29-1-6_NODE_2291_length_7568_cov_4.500868_3	24-1-8_NODE_48629_length_1271_cov_3.062814_1	85	2.4750621473546013e-06	1271	1.9532727064770095e-06	root;d__Bacteria;p__Proteobacteria;c__Alphaproteobacteria;o__Pelagibacterales;f__Pelagibacteraceae	root;d__Bacteria;p__Proteobacteria;c__Alphaproteobacteria;o__Pelagibacterales;f__Pelagibacteraceae
29-1-6_NODE_2291_length_7568_cov_4.500868_3	24-1-8_NODE_56920_length_1161_cov_4.254613_1	91	2.6497724165796318e-06	1161	2.289278760742133e-06	root;d__Bacteria;p__Proteobacteria;c__Alphaproteobacteria;o__Pelagibacterales;f__Pelagibacteraceae	root;d__Bacteria;p__Proteobacteria;c__Alphaproteobacteria;o__Pelagibacterales;f__Pelagibacteraceae
29-1-6_NODE_2291_length_7568_cov_4.500868_3	24-1-8_NODE_100135_length_842_cov_1.864052_1	32	9.317881025334969e-07	842	1.1100112829095002e-06	root;d__Bacteria;p__Proteobacteria;c__Alphaproteobacteria;o__Pelagibacterales;f__Pelagibacteraceae	root;d__Bacteria;p__Proteobacteria;c__Alphaproteobacteria;o__Pelagibacterales;f__Pelagibacteraceae
29-1-6_NODE_2291_length_7568_cov_4.500868_3	24-1-8_NODE_129216_length_728_cov_1.339478_1	18	5.24130807675092e-07	728	7.221553487197967e-07	root;d__Bacteria;p__Proteobacteria;c__Alphaproteobacteria;o__Pelagibacterales;f__Pelagibacteraceae;g__Pelagibacter_A	root;d__Bacteria;p__Proteobacteria;c__Alphaproteobacteria;o__Pelagibacterales;f__Pelagibacteraceae
29-1-6_NODE_2291_length_7568_cov_4.500868_3	24-1-8_NODE_157073_length_652_cov_1.434783_1	36	1.048261615350184e-06	652	1.6126659321104661e-06	root;d__Bacteria;p__Proteobacteria;c__Alphaproteobacteria;o__Pelagibacterales;f__Pelagibacteraceae	root;d__Bacteria;p__Proteobacteria;c__Alphaproteobacteria;o__Pelagibacterales;f__Pelagibacteraceae
29-1-6_NODE_2291_length_7568_cov_4.500868_3	24-1-8_NODE_179596_length_605_cov_1.839015_1	31	9.026697243293252e-07	605	1.496565831947509e-06	root;d__Bacteria;p__Proteobacteria;c__Alphaproteobacteria;o__Pelagibacterales;f__Pelagibacteraceae	root;d__Bacteria;p__Proteobacteria;c__Alphaproteobacteria;o__Pelagibacterales;f__Pelagibacteraceae
29-1-6_NODE_2291_length_7568_cov_4.500868_3	24-1-8_NODE_187103_length_592_cov_1.060194_1	39	1.1356167499626994e-06	592	1.9241211205754944e-06	root;d__Bacteria;p__Proteobacteria;c__Alphaproteobacteria;o__Pelagibacterales;f__Pelagibacteraceae	root;d__Bacteria;p__Proteobacteria;c__Alphaproteobacteria;o__Pelagibacterales;f__Pelagibacteraceae
29-1-6_NODE_2291_length_7568_cov_4.500868_3	24-1-8_NODE_253824_length_498_cov_2.429929_1	39	1.1356167499626994e-06	498	2.287308641326692e-06	root;d__Bacteria;p__Proteobacteria;c__Alphaproteobacteria;o__Pelagibacterales;f__Pelagibacteraceae	root;d__Bacteria;p__Proteobacteria;c__Alphaproteobacteria;o__Pelagibacterales;f__Pelagibacteraceae
29-1-6_NODE_2291_length_7568_cov_4.500868_3	24-1-8_NODE_280041_length_471_cov_1.512690_1	12	3.4942053845006133e-07	471	7.44131767682961e-07	root;d__Bacteria;p__Proteobacteria;c__Alphaproteobacteria;o__Pelagibacterales;f__Pelagibacteraceae	root;d__Bacteria;p__Proteobacteria;c__Alphaproteobacteria;o__Pelagibacterales;f__Pelagibacteraceae
29-1-6_NODE_2291_length_7568_cov_4.500868_3	24-1-8_NODE_381075_length_392_cov_6.552381_1	21	6.114859422876073e-07	392	1.5646699222262262e-06	root;d__Bacteria;p__Proteobacteria;c__Alphaproteobacteria;o__Pelagibacterales;f__Pelagibacteraceae	root;d__Bacteria;p__Proteobacteria;c__Alphaproteobacteria;o__Pelagibacterales;f__Pelagibacteraceae
29-1-6_NODE_2291_length_7568_cov_4.500868_3	24-1-8_NODE_383021_length_391_cov_1.757962_1	14	4.076572948584049e-07	391	1.0457810903882024e-06	root;d__Bacteria;p__Proteobacteria;c__Alphaproteobacteria;o__Pelagibacterales;f__Pelagibacteraceae	root;d__Bacteria;p__Proteobacteria;c__Alphaproteobacteria;o__Pelagibacterales;f__Pelagibacteraceae
29-1-6_NODE_2291_length_7568_cov_4.500868_3	24-1-8_NODE_386096_length_389_cov_5.535256_1	26	7.570778333084662e-07	389	1.9521503057081278e-06	root;d__Bacteria;p__Proteobacteria;c__Alphaproteobacteria;o__Pelagibacterales;f__Pelagibacteraceae	root;d__Bacteria;p__Proteobacteria;c__Alphaproteobacteria;o__Pelagibacterales;f__Pelagibacteraceae
29-1-6_NODE_2291_length_7568_cov_4.500868_3	24-1-8_NODE_448210_length_357_cov_2.639286_1	23	6.697226986959509e-07	357	1.8816945469910174e-06	root;d__Bacteria;p__Proteobacteria;c__Alphaproteobacteria;o__Pelagibacterales;f__Pelagibacteraceae	root;d__Bacteria;p__Proteobacteria;c__Alphaproteobacteria;o__Pelagibacterales;f__Pelagibacteraceae
29-1-6_NODE_2291_length_7568_cov_4.500868_3	24-1-8_NODE_500328_length_336_cov_1.042471_1	20	5.823675640834356e-07	336	1.7385221358069182e-06	root;d__Bacteria;p__Proteobacteria;c__Alphaproteobacteria;o__Pelagibacterales;f__Pelagibacteraceae	root;d__Bacteria;p__Proteobacteria;c__Alphaproteobacteria;o__Pelagibacterales;f__Pelagibacteraceae
29-1-6_NODE_2291_length_7568_cov_4.500868_3	24-1-8_NODE_518669_length_329_cov_1.246032_1	7	2.0382864742920246e-07	329	6.214291889692813e-07	root;d__Bacteria;p__Proteobacteria;c__Alphaproteobacteria;o__Pelagibacterales;f__Pelagibacteraceae	root;d__Bacteria;p__Proteobacteria;c__Alphaproteobacteria;o__Pelagibacterales;f__Pelagibacteraceae
29-1-6_NODE_2291_length_7568_cov_4.500868_3	24-1-8_NODE_619655_length_297_cov_1.259091_1	4	1.1647351281668711e-07	297	3.933625842633835e-07	root;d__Bacteria;p__Proteobacteria;c__Alphaproteobacteria;o__Pelagibacterales;f__Pelagibacteraceae	root;d__Bacteria;p__Proteobacteria;c__Alphaproteobacteria;o__Pelagibacterales;f__Pelagibacteraceae
29-1-6_NODE_2291_length_7568_cov_4.500868_3	24-1-8_NODE_673575_length_285_cov_1.004808_1	7	2.0382864742920246e-07	285	7.173691339329598e-07	root;d__Bacteria;p__Proteobacteria;c__Alphaproteobacteria;o__Pelagibacterales;f__Pelagibacteraceae	root;d__Bacteria;p__Proteobacteria;c__Alphaproteobacteria;o__Pelagibacterales;f__Pelagibacteraceae
29-1-6_NODE_2291_length_7568_cov_4.500868_3	24-1-8_NODE_752383_length_273_cov_2.255102_1	14	4.076572948584049e-07	273	1.4978036862336525e-06	root;d__Bacteria;p__Proteobacteria;c__Alphaproteobacteria;o__Pelagibacterales;f__Pelagibacteraceae	root;d__Bacteria;p__Proteobacteria;c__Alphaproteobacteria;o__Pelagibacterales;f__Pelagibacteraceae
29-1-6_NODE_2291_length_7568_cov_4.500868_3	24-1-8_NODE_837208_length_264_cov_1.481283_1	12	3.4942053845006133e-07	264	1.3275987218889193e-06	root;d__Bacteria;p__Proteobacteria	root;d__Bacteria;p__Proteobacteria;c__Alphaproteobacteria;o__Pelagibacterales;f__Pelagibacteraceae
29-1-6_NODE_2291_length_7568_cov_4.500868_3	24-1-8_NODE_1245535_length_229_cov_1.335526_1	7	2.0382864742920246e-07	229	8.927956470344697e-07	root;d__Bacteria;p__Proteobacteria;c__Alphaproteobacteria;o__Pelagibacterales;f__Pelagibacteraceae	root;d__Bacteria;p__Proteobacteria;c__Alphaproteobacteria;o__Pelagibacterales;f__Pelagibacteraceae
29-1-6_NODE_2291_length_7568_cov_4.500868_3	24-1-8_NODE_1256326_length_223_cov_3.054795_1	6	1.7471026922503066e-07	223	7.85843189638284e-07	root;d__Bacteria;p__Proteobacteria;c__Alphaproteobacteria;o__Pelagibacterales;f__Pelagibacteraceae	root;d__Bacteria;p__Proteobacteria;c__Alphaproteobacteria;o__Pelagibacterales;f__Pelagibacteraceae
29-1-6_NODE_2291_length_7568_cov_4.500868_3	24-1-8_NODE_1260932_length_191_cov_2.350877_1	11	3.2030216024588956e-07	191	1.6820884329692068e-06	root;d__Bacteria;p__Proteobacteria;c__Alphaproteobacteria;o__Pelagibacterales;f__Pelagibacteraceae	root;d__Bacteria;p__Proteobacteria;c__Alphaproteobacteria;o__Pelagibacterales;f__Pelagibacteraceae
29-1-6_NODE_2291_length_7568_cov_4.500868_3	27-1-2_NODE_561577_length_356_cov_1.774194_1	26	7.530270529023516e-07	356	2.073364414801339e-06	root;d__Bacteria;p__Proteobacteria;c__Alphaproteobacteria;o__Pelagibacterales;f__Pelagibacteraceae	root;d__Bacteria;p__Proteobacteria;c__Alphaproteobacteria;o__Pelagibacterales;f__Pelagibacteraceae
29-1-6_NODE_2291_length_7568_cov_4.500868_3	27-1-2_NODE_677424_length_326_cov_0.947791_1	11	3.185883685356103e-07	326	9.579158858379003e-07	root;d__Bacteria;p__Proteobacteria;c__Alphaproteobacteria;o__Pelagibacterales;f__Pelagibacteraceae	root;d__Bacteria;p__Proteobacteria;c__Alphaproteobacteria;o__Pelagibacterales;f__Pelagibacteraceae
29-1-6_NODE_2291_length_7568_cov_4.500868_3	27-1-2_NODE_922843_length_282_cov_1.390244_1	5	1.4481289478891378e-07	282	5.033536086124365e-07	root;d__Bacteria;p__Proteobacteria;c__Alphaproteobacteria;o__Pelagibacterales;f__Pelagibacteraceae	root;d__Bacteria;p__Proteobacteria;c__Alphaproteobacteria;o__Pelagibacterales;f__Pelagibacteraceae
29-1-6_NODE_2291_length_7568_cov_4.500868_3	27-1-2_NODE_1053153_length_271_cov_1.144330_1	9	2.606632106200448e-07	271	9.428128846187185e-07	root;d__Bacteria;p__Proteobacteria;c__Alphaproteobacteria;o__Pelagibacterales;f__Pelagibacteraceae	root;d__Bacteria;p__Proteobacteria;c__Alphaproteobacteria;o__Pelagibacterales;f__Pelagibacteraceae
29-1-6_NODE_2291_length_7568_cov_4.500868_3	27-1-2_NODE_1563108_length_241_cov_0.652439_1	9	2.606632106200448e-07	241	1.0601754843637871e-06	root;d__Bacteria;p__Proteobacteria;c__Alphaproteobacteria;o__Pelagibacterales;f__Pelagibacteraceae	root;d__Bacteria;p__Proteobacteria;c__Alphaproteobacteria;o__Pelagibacterales;f__Pelagibacteraceae
29-1-6_NODE_2291_length_7568_cov_4.500868_3	27-1-2_NODE_1762606_length_230_cov_0.712418_1	10	2.8962578957782756e-07	230	1.2343105880757136e-06	root;d__Bacteria;p__Proteobacteria;c__Alphaproteobacteria;o__Pelagibacterales;f__Pelagibacteraceae	root;d__Bacteria;p__Proteobacteria;c__Alphaproteobacteria;o__Pelagibacterales;f__Pelagibacteraceae
29-1-6_NODE_2291_length_7568_cov_4.500868_3	27-1-4_NODE_81868_length_803_cov_1.870523_1	47	1.4971638301782995e-06	803	1.75287314892705e-06	root;d__Bacteria;p__Proteobacteria;c__Alphaproteobacteria;o__Pelagibacterales;f__Pelagibacteraceae	root;d__Bacteria;p__Proteobacteria;c__Alphaproteobacteria;o__Pelagibacterales;f__Pelagibacteraceae
29-1-6_NODE_2291_length_7568_cov_4.500868_3	27-1-4_NODE_164248_length_580_cov_1.803181_1	32	1.0193455865043741e-06	580	1.6523047848433414e-06	root;d__Bacteria;p__Proteobacteria;c__Alphaproteobacteria;o__Pelagibacterales;f__Pelagibacteraceae	root;d__Bacteria;p__Proteobacteria;c__Alphaproteobacteria;o__Pelagibacterales;f__Pelagibacteraceae
29-1-6_NODE_2291_length_7568_cov_4.500868_3	27-1-4_NODE_208202_length_521_cov_1.583333_1	21	6.689455411434955e-07	521	1.2071180589846387e-06	root;d__Bacteria;p__Proteobacteria;c__Alphaproteobacteria;o__Pelagibacterales;f__Pelagibacteraceae	root;d__Bacteria;p__Proteobacteria;c__Alphaproteobacteria;o__Pelagibacterales;f__Pelagibacteraceae
29-1-6_NODE_2291_length_7568_cov_4.500868_3	27-1-4_NODE_328051_length_423_cov_0.826590_1	27	8.600728386130657e-07	423	1.9115760143799295e-06	root;d__Bacteria;p__Proteobacteria;c__Alphaproteobacteria;o__Pelagibacterales;f__Pelagibacteraceae	root;d__Bacteria;p__Proteobacteria;c__Alphaproteobacteria;o__Pelagibacterales;f__Pelagibacteraceae
29-1-6_NODE_2291_length_7568_cov_4.500868_3	27-1-4_NODE_746909_length_291_cov_0.738318_1	8	2.5483639662609354e-07	291	8.233133807638642e-07	root;d__Bacteria;p__Proteobacteria;c__Alphaproteobacteria;o__Pelagibacterales;f__Pelagibacteraceae	root;d__Bacteria;p__Proteobacteria;c__Alphaproteobacteria;o__Pelagibacterales;f__Pelagibacteraceae
29-1-6_NODE_2291_length_7568_cov_4.500868_3	27-1-4_NODE_1084123_length_261_cov_0.559783_1	17	5.415273428304488e-07	261	1.9506375932178335e-06	root;d__Bacteria;p__Proteobacteria;c__Alphaproteobacteria;o__Pelagibacterales;f__Pelagibacteraceae	root;d__Bacteria;p__Proteobacteria;c__Alphaproteobacteria;o__Pelagibacterales;f__Pelagibacteraceae
29-1-6_NODE_2291_length_7568_cov_4.500868_3	27-1-4_NODE_1593843_length_229_cov_1.960526_1	12	3.822545949391403e-07	229	1.5693287803643088e-06	root;d__Bacteria;p__Proteobacteria	root;d__Bacteria;p__Proteobacteria;c__Alphaproteobacteria;o__Pelagibacterales;f__Pelagibacteraceae
29-1-6_NODE_2291_length_7568_cov_4.500868_3	27-1-8_NODE_4169_length_4961_cov_3.590500_4	492	1.275931293693191e-05	4961	2.5538741508978683e-06	root;d__Bacteria;p__Proteobacteria;c__Alphaproteobacteria;o__Pelagibacterales;f__Pelagibacteraceae	root;d__Bacteria;p__Proteobacteria;c__Alphaproteobacteria;o__Pelagibacterales;f__Pelagibacteraceae
29-1-6_NODE_2291_length_7568_cov_4.500868_3	27-1-8_NODE_22243_length_1964_cov_2.848967_3	119	3.0860939827132055e-06	1964	1.5603035428877463e-06	root;d__Bacteria;p__Proteobacteria;c__Alphaproteobacteria;o__Pelagibacterales;f__Pelagibacteraceae	root;d__Bacteria;p__Proteobacteria;c__Alphaproteobacteria;o__Pelagibacterales;f__Pelagibacteraceae
29-1-6_NODE_2291_length_7568_cov_4.500868_3	27-1-8_NODE_46133_length_1328_cov_4.487610_1	137	3.552898114552178e-06	1328	2.656599636008657e-06	root;d__Bacteria;p__Proteobacteria;c__Alphaproteobacteria;o__Pelagibacterales;f__Pelagibacteraceae	root;d__Bacteria;p__Proteobacteria;c__Alphaproteobacteria;o__Pelagibacterales;f__Pelagibacteraceae
29-1-6_NODE_2291_length_7568_cov_4.500868_3	27-1-8_NODE_118662_length_792_cov_2.205594_1	38	9.854753894378304e-07	792	1.2355548554112374e-06	root;d__Bacteria;p__Proteobacteria;c__Alphaproteobacteria;o__Pelagibacterales;f__Pelagibacteraceae	root;d__Bacteria;p__Proteobacteria;c__Alphaproteobacteria;o__Pelagibacterales;f__Pelagibacteraceae
29-1-6_NODE_2291_length_7568_cov_4.500868_3	27-1-8_NODE_205971_length_584_cov_2.416174_1	19	4.927376947189152e-07	584	8.378077444226883e-07	root;d__Bacteria;p__Proteobacteria;c__Alphaproteobacteria;o__Pelagibacterales;f__Pelagibacteraceae	root;d__Bacteria;p__Proteobacteria;c__Alphaproteobacteria;o__Pelagibacterales;f__Pelagibacteraceae
29-1-6_NODE_2291_length_7568_cov_4.500868_3	27-1-8_NODE_251507_length_523_cov_1.558296_1	15	3.890034431991436e-07	523	7.385725914403491e-07	root;d__Bacteria;p__Proteobacteria;c__Alphaproteobacteria;o__Pelagibacterales;f__Pelagibacteraceae	root;d__Bacteria;p__Proteobacteria;c__Alphaproteobacteria;o__Pelagibacterales;f__Pelagibacteraceae
29-1-6_NODE_2291_length_7568_cov_4.500868_3	27-1-8_NODE_251928_length_523_cov_0.926009_1	10	2.59335628799429e-07	523	4.923817276268993e-07	root;d__Bacteria;p__Proteobacteria;c__Alphaproteobacteria;o__Pelagibacterales;f__Pelagibacteraceae	root;d__Bacteria;p__Proteobacteria;c__Alphaproteobacteria;o__Pelagibacterales;f__Pelagibacteraceae
29-1-6_NODE_2291_length_7568_cov_4.500868_3	27-1-8_NODE_439057_length_382_cov_3.754098_1	23	5.964719462386868e-07	382	1.5504868590638672e-06	root;d__Bacteria;p__Proteobacteria;c__Alphaproteobacteria;o__Pelagibacterales;f__Pelagibacteraceae	root;d__Bacteria;p__Proteobacteria;c__Alphaproteobacteria;o__Pelagibacterales;f__Pelagibacteraceae
29-1-6_NODE_2291_length_7568_cov_4.500868_3	27-1-8_NODE_538594_length_342_cov_1.286792_1	6	1.5560137727965744e-07	342	4.517818307874884e-07	root;d__Bacteria;p__Proteobacteria;c__Alphaproteobacteria;o__Pelagibacterales;f__Pelagibacteraceae	root;d__Bacteria;p__Proteobacteria;c__Alphaproteobacteria;o__Pelagibacterales;f__Pelagibacteraceae
29-1-6_NODE_2291_length_7568_cov_4.500868_3	27-1-8_NODE_561578_length_334_cov_2.108949_1	26	6.742726348785156e-07	334	2.0046127940929876e-06	root;d__Bacteria;p__Proteobacteria;c__Alphaproteobacteria;o__Pelagibacterales;f__Pelagibacteraceae	root;d__Bacteria;p__Proteobacteria;c__Alphaproteobacteria;o__Pelagibacterales;f__Pelagibacteraceae
29-1-6_NODE_2291_length_7568_cov_4.500868_3	27-1-8_NODE_593767_length_324_cov_2.008097_1	16	4.149370060790865e-07	324	1.2716821903647822e-06	root;d__Bacteria;p__Proteobacteria;c__Alphaproteobacteria;o__Pelagibacterales;f__Pelagibacteraceae	root;d__Bacteria;p__Proteobacteria;c__Alphaproteobacteria;o__Pelagibacterales;f__Pelagibacteraceae
29-1-6_NODE_2291_length_7568_cov_4.500868_3	27-1-8_NODE_611333_length_319_cov_1.743802_1	29	7.520733235183442e-07	319	2.3410513049897126e-06	root;d__Bacteria;p__Proteobacteria;c__Alphaproteobacteria;o__Pelagibacterales;f__Pelagibacteraceae	root;d__Bacteria;p__Proteobacteria;c__Alphaproteobacteria;o__Pelagibacterales;f__Pelagibacteraceae
29-1-6_NODE_2291_length_7568_cov_4.500868_3	27-1-8_NODE_714898_length_293_cov_1.217593_1	11	2.85269191679372e-07	293	9.667822795350008e-07	root;d__Bacteria;p__Proteobacteria;c__Alphaproteobacteria;o__Pelagibacterales;f__Pelagibacteraceae	root;d__Bacteria;p__Proteobacteria;c__Alphaproteobacteria;o__Pelagibacterales;f__Pelagibacteraceae
29-1-6_NODE_2291_length_7568_cov_4.500868_3	27-1-8_NODE_854053_length_275_cov_1.409091_1	16	4.149370060790865e-07	275	1.498272835193416e-06	root;d__Bacteria;p__Proteobacteria;c__Alphaproteobacteria;o__Pelagibacterales;f__Pelagibacteraceae	root;d__Bacteria;p__Proteobacteria;c__Alphaproteobacteria;o__Pelagibacterales;f__Pelagibacteraceae
29-1-6_NODE_2291_length_7568_cov_4.500868_3	27-1-8_NODE_969063_length_266_cov_0.788360_1	7	1.8153494015960034e-07	266	6.776727461812327e-07	root;d__Bacteria;p__Proteobacteria;c__Alphaproteobacteria;o__Pelagibacterales;f__Pelagibacteraceae	root;d__Bacteria;p__Proteobacteria;c__Alphaproteobacteria;o__Pelagibacterales;f__Pelagibacteraceae
29-1-6_NODE_2291_length_7568_cov_4.500868_3	27-1-8_NODE_1319122_length_243_cov_1.560241_1	7	1.8153494015960034e-07	243	7.41814611046123e-07	root;d__Bacteria;p__Proteobacteria;c__Alphaproteobacteria;o__Pelagibacterales;f__Pelagibacteraceae	root;d__Bacteria;p__Proteobacteria;c__Alphaproteobacteria;o__Pelagibacterales;f__Pelagibacteraceae
29-1-6_NODE_2291_length_7568_cov_4.500868_3	27-1-8_NODE_1434127_length_236_cov_1.364780_1	18	4.668041318389723e-07	236	1.964102366050691e-06	root;d__Bacteria;p__Proteobacteria;c__Alphaproteobacteria;o__Pelagibacterales;f__Pelagibacteraceae	root;d__Bacteria;p__Proteobacteria;c__Alphaproteobacteria;o__Pelagibacterales;f__Pelagibacteraceae
29-1-6_NODE_2291_length_7568_cov_4.500868_3	27-1-8_NODE_1501146_length_232_cov_1.077419_1	3	7.780068863982872e-08	232	3.329943666580195e-07	root;d__Bacteria;p__Proteobacteria;c__Alphaproteobacteria;o__Pelagibacterales;f__Pelagibacteraceae	root;d__Bacteria;p__Proteobacteria;c__Alphaproteobacteria;o__Pelagibacterales;f__Pelagibacteraceae
29-1-6_NODE_2291_length_7568_cov_4.500868_3	27-1-8_NODE_1561766_length_227_cov_2.913333_1	11	2.85269191679372e-07	227	1.2478731625716092e-06	root;d__Bacteria;p__Proteobacteria;c__Alphaproteobacteria;o__Pelagibacterales;f__Pelagibacteraceae	root;d__Bacteria;p__Proteobacteria;c__Alphaproteobacteria;o__Pelagibacterales;f__Pelagibacteraceae
29-1-6_NODE_2291_length_7568_cov_4.500868_3	27-1-8_NODE_1564092_length_215_cov_1.978261_1	12	3.112027545593149e-07	215	1.4372966151564748e-06	root;d__Bacteria;p__Proteobacteria;c__Alphaproteobacteria;o__Pelagibacterales;f__Pelagibacteraceae	root;d__Bacteria;p__Proteobacteria;c__Alphaproteobacteria;o__Pelagibacterales;f__Pelagibacteraceae
29-1-6_NODE_2291_length_7568_cov_4.500868_3	27-1-8_NODE_1566328_length_201_cov_8.314516_1	14	3.630698803192007e-07	201	1.7936412983503273e-06	root;d__Bacteria;p__Proteobacteria;c__Alphaproteobacteria;o__Pelagibacterales;f__Pelagibacteraceae	root;d__Bacteria;p__Proteobacteria;c__Alphaproteobacteria;o__Pelagibacterales;f__Pelagibacteraceae
29-1-6_NODE_2291_length_7568_cov_4.500868_3	27-1-8_NODE_1571876_length_172_cov_2.663158_1	7	1.8153494015960034e-07	172	1.0480287818849295e-06	root;d__Bacteria;p__Proteobacteria;c__Alphaproteobacteria;o__Pelagibacterales;f__Pelagibacteraceae	root;d__Bacteria;p__Proteobacteria;c__Alphaproteobacteria;o__Pelagibacterales;f__Pelagibacteraceae
29-1-6_NODE_2291_length_7568_cov_4.500868_3	28-1-2_NODE_158651_length_593_cov_1.755814_1	30	1.015068969537848e-06	593	1.59146966245932e-06	root;d__Bacteria;p__Proteobacteria;c__Alphaproteobacteria;o__Pelagibacterales;f__Pelagibacteraceae	root;d__Bacteria;p__Proteobacteria;c__Alphaproteobacteria;o__Pelagibacterales;f__Pelagibacteraceae
29-1-6_NODE_2291_length_7568_cov_4.500868_3	28-1-2_NODE_303969_length_449_cov_0.865591_1	22	7.443839109944218e-07	449	1.5413744035964577e-06	root;d__Bacteria;p__Proteobacteria;c__Alphaproteobacteria;o__Pelagibacterales;f__Pelagibacteraceae	root;d__Bacteria;p__Proteobacteria;c__Alphaproteobacteria;o__Pelagibacterales;f__Pelagibacteraceae
29-1-6_NODE_2291_length_7568_cov_4.500868_3	28-1-2_NODE_347912_length_423_cov_0.843931_1	24	8.120551756302783e-07	423	1.7848539193160787e-06	root;d__Bacteria;p__Proteobacteria;c__Alphaproteobacteria;o__Pelagibacterales;f__Pelagibacteraceae	root;d__Bacteria;p__Proteobacteria;c__Alphaproteobacteria;o__Pelagibacterales;f__Pelagibacteraceae
29-1-6_NODE_2291_length_7568_cov_4.500868_3	28-1-2_NODE_406373_length_395_cov_0.858491_1	10	3.3835632317928265e-07	395	7.964063374163517e-07	root;d__Bacteria;p__Proteobacteria;c__Alphaproteobacteria;o__Pelagibacterales;f__Pelagibacteraceae	root;d__Bacteria;p__Proteobacteria;c__Alphaproteobacteria;o__Pelagibacterales;f__Pelagibacteraceae
29-1-6_NODE_2291_length_7568_cov_4.500868_3	28-1-2_NODE_713947_length_309_cov_0.698276_1	11	3.721919554972109e-07	309	1.119865869279627e-06	root;d__Bacteria;p__Proteobacteria;c__Alphaproteobacteria;o__Pelagibacterales;f__Pelagibacteraceae	root;d__Bacteria;p__Proteobacteria;c__Alphaproteobacteria;o__Pelagibacterales;f__Pelagibacteraceae
29-1-6_NODE_2291_length_7568_cov_4.500868_3	28-1-2_NODE_812404_length_291_cov_1.140187_1	15	5.07534484768924e-07	291	1.6215489859765923e-06	root;d__Bacteria;p__Proteobacteria;c__Alphaproteobacteria;o__Pelagibacterales;f__Pelagibacteraceae	root;d__Bacteria;p__Proteobacteria;c__Alphaproteobacteria;o__Pelagibacterales;f__Pelagibacteraceae
29-1-6_NODE_2291_length_7568_cov_4.500868_3	28-1-2_NODE_894908_length_281_cov_0.676471_1	7	2.3684942622549784e-07	281	7.836524992726733e-07	root;d__Bacteria;p__Proteobacteria;c__Alphaproteobacteria;o__Pelagibacterales;f__Pelagibacteraceae	root;d__Bacteria;p__Proteobacteria;c__Alphaproteobacteria;o__Pelagibacterales;f__Pelagibacteraceae
29-1-6_NODE_2291_length_7568_cov_4.500868_3	28-1-2_NODE_897735_length_280_cov_1.458128_1	21	7.105482786764936e-07	280	2.359353774595942e-06	root;d__Bacteria;p__Proteobacteria;c__Alphaproteobacteria;o__Pelagibacterales;f__Pelagibacteraceae	root;d__Bacteria;p__Proteobacteria;c__Alphaproteobacteria;o__Pelagibacterales;f__Pelagibacteraceae
29-1-6_NODE_2291_length_7568_cov_4.500868_3	28-1-2_NODE_1316856_length_251_cov_2.183908_1	7	2.3684942622549784e-07	251	8.773161446040686e-07	root;d__Bacteria;p__Proteobacteria;c__Alphaproteobacteria;o__Pelagibacterales;f__Pelagibacteraceae	root;d__Bacteria;p__Proteobacteria;c__Alphaproteobacteria;o__Pelagibacterales;f__Pelagibacteraceae
29-1-6_NODE_2291_length_7568_cov_4.500868_3	28-1-2_NODE_1676726_length_231_cov_0.948052_1	6	2.0301379390756958e-07	231	8.170922163102829e-07	root;d__Bacteria;p__Proteobacteria;c__Alphaproteobacteria;o__Pelagibacterales;f__Pelagibacteraceae	root;d__Bacteria;p__Proteobacteria;c__Alphaproteobacteria;o__Pelagibacterales;f__Pelagibacteraceae
29-1-6_NODE_2291_length_7568_cov_4.500868_3	28-1-4_NODE_48272_length_1094_cov_1.419862_1	56	1.7950600460407259e-06	1094	1.5557642386470756e-06	root;d__Bacteria;p__Proteobacteria;c__Alphaproteobacteria;o__Pelagibacterales;f__Pelagibacteraceae	root;d__Bacteria;p__Proteobacteria;c__Alphaproteobacteria;o__Pelagibacterales;f__Pelagibacteraceae
29-1-6_NODE_2291_length_7568_cov_4.500868_3	28-1-4_NODE_486695_length_354_cov_1.216606_1	11	3.526010804722854e-07	354	9.44414187241672e-07	root;d__Bacteria;p__Proteobacteria;c__Alphaproteobacteria;o__Pelagibacterales;f__Pelagibacteraceae	root;d__Bacteria;p__Proteobacteria;c__Alphaproteobacteria;o__Pelagibacterales;f__Pelagibacteraceae
29-1-6_NODE_2291_length_7568_cov_4.500868_3	28-1-4_NODE_683035_length_301_cov_0.857143_1	14	4.4876501151018147e-07	301	1.413626309867027e-06	root;d__Bacteria;p__Proteobacteria;c__Alphaproteobacteria;o__Pelagibacterales;f__Pelagibacteraceae	root;d__Bacteria;p__Proteobacteria;c__Alphaproteobacteria;o__Pelagibacterales;f__Pelagibacteraceae
29-1-6_NODE_2291_length_7568_cov_4.500868_3	28-1-4_NODE_813998_length_279_cov_1.613861_1	6	1.9232786207579206e-07	279	6.536121647772276e-07	root;d__Bacteria;p__Proteobacteria;c__Alphaproteobacteria;o__Pelagibacterales;f__Pelagibacteraceae	root;d__Bacteria;p__Proteobacteria;c__Alphaproteobacteria;o__Pelagibacterales;f__Pelagibacteraceae
29-1-6_NODE_2291_length_7568_cov_4.500868_3	28-1-4_NODE_976331_length_265_cov_0.867021_1	8	2.564371494343894e-07	265	9.175234916872779e-07	root;d__Bacteria;p__Proteobacteria;c__Alphaproteobacteria;o__Pelagibacterales;f__Pelagibacteraceae	root;d__Bacteria;p__Proteobacteria;c__Alphaproteobacteria;o__Pelagibacterales;f__Pelagibacteraceae
29-1-6_NODE_2291_length_7568_cov_4.500868_3	28-1-4_NODE_1272590_length_244_cov_1.179641_1	8	2.564371494343894e-07	244	9.964906774472485e-07	root;d__Bacteria;p__Proteobacteria;c__Alphaproteobacteria;o__Pelagibacterales;f__Pelagibacteraceae	root;d__Bacteria;p__Proteobacteria;c__Alphaproteobacteria;o__Pelagibacterales;f__Pelagibacteraceae
29-1-6_NODE_2291_length_7568_cov_4.500868_3	28-1-6_NODE_65213_length_1070_cov_2.853978_1	52	1.7586892948650264e-06	1070	1.6907750249080795e-06	root;d__Bacteria;p__Proteobacteria;c__Alphaproteobacteria;o__Pelagibacterales;f__Pelagibacteraceae	root;d__Bacteria;p__Proteobacteria;c__Alphaproteobacteria;o__Pelagibacterales;f__Pelagibacteraceae
29-1-6_NODE_2291_length_7568_cov_4.500868_3	28-1-6_NODE_90556_length_890_cov_2.152522_1	43	1.454300763061464e-06	890	1.6809109528094367e-06	root;d__Bacteria;p__Proteobacteria;c__Alphaproteobacteria;o__Pelagibacterales;f__Pelagibacteraceae	root;d__Bacteria;p__Proteobacteria;c__Alphaproteobacteria;o__Pelagibacterales;f__Pelagibacteraceae
29-1-6_NODE_2291_length_7568_cov_4.500868_3	28-1-6_NODE_163897_length_638_cov_2.167558_1	25	8.455236994543396e-07	638	1.3632816468619221e-06	root;d__Bacteria;p__Proteobacteria;c__Alphaproteobacteria;o__Pelagibacterales;f__Pelagibacteraceae	root;d__Bacteria;p__Proteobacteria;c__Alphaproteobacteria;o__Pelagibacterales;f__Pelagibacteraceae
29-1-6_NODE_2291_length_7568_cov_4.500868_3	28-1-6_NODE_169114_length_627_cov_3.205455_1	55	1.860152138799547e-06	627	3.0518375112207236e-06	root;d__Bacteria;p__Proteobacteria;c__Alphaproteobacteria;o__Pelagibacterales;f__Pelagibacteraceae	root;d__Bacteria;p__Proteobacteria;c__Alphaproteobacteria;o__Pelagibacterales;f__Pelagibacteraceae
29-1-6_NODE_2291_length_7568_cov_4.500868_3	28-1-6_NODE_209286_length_557_cov_3.681250_1	32	1.0822703353015546e-06	557	1.998761802681005e-06	root;d__Bacteria;p__Proteobacteria;c__Alphaproteobacteria;o__Pelagibacterales;f__Pelagibacteraceae	root;d__Bacteria;p__Proteobacteria;c__Alphaproteobacteria;o__Pelagibacterales;f__Pelagibacteraceae
29-1-6_NODE_2291_length_7568_cov_4.500868_3	28-1-6_NODE_321756_length_436_cov_1.568245_1	15	5.073142196726038e-07	436	1.1969362716026234e-06	root;d__Bacteria;p__Proteobacteria;c__Alphaproteobacteria;o__Pelagibacterales;f__Pelagibacteraceae	root;d__Bacteria;p__Proteobacteria;c__Alphaproteobacteria;o__Pelagibacterales;f__Pelagibacteraceae
29-1-6_NODE_2291_length_7568_cov_4.500868_3	28-1-6_NODE_419021_length_374_cov_2.094276_1	26	8.793446474325132e-07	374	2.4186220276091513e-06	root;d__Bacteria;p__Proteobacteria;c__Alphaproteobacteria;o__Pelagibacterales;f__Pelagibacteraceae	root;d__Bacteria;p__Proteobacteria;c__Alphaproteobacteria;o__Pelagibacterales;f__Pelagibacteraceae
29-1-6_NODE_2291_length_7568_cov_4.500868_3	28-1-6_NODE_433200_length_367_cov_2.379310_1	13	4.396723237162566e-07	367	1.2323768914520744e-06	root;d__Bacteria;p__Proteobacteria;c__Alphaproteobacteria;o__Pelagibacterales;f__Pelagibacteraceae	root;d__Bacteria;p__Proteobacteria;c__Alphaproteobacteria;o__Pelagibacterales;f__Pelagibacteraceae
29-1-6_NODE_2291_length_7568_cov_4.500868_3	28-1-6_NODE_571727_length_314_cov_1.101266_1	15	5.073142196726038e-07	314	1.6619879440087382e-06	root;d__Bacteria;p__Proteobacteria;c__Alphaproteobacteria;o__Pelagibacterales;f__Pelagibacteraceae	root;d__Bacteria;p__Proteobacteria;c__Alphaproteobacteria;o__Pelagibacterales;f__Pelagibacteraceae
29-1-6_NODE_2291_length_7568_cov_4.500868_3	28-1-6_NODE_586081_length_309_cov_3.896552_1	22	7.440608555198188e-07	309	2.4770253974568204e-06	root;d__Bacteria;p__Proteobacteria;c__Alphaproteobacteria;o__Pelagibacterales;f__Pelagibacteraceae	root;d__Bacteria;p__Proteobacteria;c__Alphaproteobacteria;o__Pelagibacterales;f__Pelagibacteraceae
29-1-6_NODE_2291_length_7568_cov_4.500868_3	28-1-6_NODE_596078_length_306_cov_2.593886_1	13	4.396723237162566e-07	306	1.4780467946500368e-06	root;d__Bacteria;p__Proteobacteria;c__Alphaproteobacteria;o__Pelagibacterales;f__Pelagibacteraceae	root;d__Bacteria;p__Proteobacteria;c__Alphaproteobacteria;o__Pelagibacterales;f__Pelagibacteraceae
29-1-6_NODE_2291_length_7568_cov_4.500868_3	28-1-6_NODE_609689_length_302_cov_3.204444_1	34	1.1499122312579018e-06	302	3.916861653474015e-06	root;d__Bacteria;p__Proteobacteria;c__Alphaproteobacteria;o__Pelagibacterales;f__Pelagibacteraceae	root;d__Bacteria;p__Proteobacteria;c__Alphaproteobacteria;o__Pelagibacterales;f__Pelagibacteraceae
29-1-6_NODE_2291_length_7568_cov_4.500868_3	28-1-6_NODE_711358_length_280_cov_1.354680_1	11	3.720304277599094e-07	280	1.366787228239567e-06	root;d__Bacteria;p__Proteobacteria;c__Alphaproteobacteria;o__Pelagibacterales;f__Pelagibacteraceae	root;d__Bacteria;p__Proteobacteria;c__Alphaproteobacteria;o__Pelagibacterales;f__Pelagibacteraceae
29-1-6_NODE_2291_length_7568_cov_4.500868_3	28-1-6_NODE_938403_length_257_cov_3.255556_1	13	4.396723237162566e-07	257	1.7598533819568532e-06	root;d__Bacteria;p__Proteobacteria;c__Alphaproteobacteria;o__Pelagibacterales;f__Pelagibacteraceae	root;d__Bacteria;p__Proteobacteria;c__Alphaproteobacteria;o__Pelagibacterales;f__Pelagibacteraceae
29-1-6_NODE_2291_length_7568_cov_4.500868_3	28-1-6_NODE_940052_length_257_cov_1.555556_1	5	1.6910473989086792e-07	257	6.768666853680205e-07	root;d__Bacteria;p__Proteobacteria;c__Alphaproteobacteria;o__Pelagibacterales;f__Pelagibacteraceae	root;d__Bacteria;p__Proteobacteria;c__Alphaproteobacteria;o__Pelagibacterales;f__Pelagibacteraceae
29-1-6_NODE_2291_length_7568_cov_4.500868_3	28-1-6_NODE_1059603_length_247_cov_1.029412_1	7	2.3674663584721508e-07	247	9.85978272855926e-07	root;d__Bacteria;p__Proteobacteria;c__Alphaproteobacteria;o__Pelagibacterales;f__Pelagibacteraceae	root;d__Bacteria;p__Proteobacteria;c__Alphaproteobacteria;o__Pelagibacterales;f__Pelagibacteraceae
29-1-6_NODE_2291_length_7568_cov_4.500868_3	28-1-6_NODE_1104895_length_243_cov_3.234940_1	10	3.3820947978173584e-07	243	1.4317262398319445e-06	root;d__Bacteria;p__Proteobacteria;c__Alphaproteobacteria;o__Pelagibacterales;f__Pelagibacteraceae	root;d__Bacteria;p__Proteobacteria;c__Alphaproteobacteria;o__Pelagibacterales;f__Pelagibacteraceae
29-1-6_NODE_2291_length_7568_cov_4.500868_3	28-1-6_NODE_1245088_length_232_cov_1.316129_1	4	1.3528379191269432e-07	232	5.998439246192456e-07	root;d__Bacteria;p__Proteobacteria;c__Alphaproteobacteria;o__Pelagibacterales;f__Pelagibacteraceae	root;d__Bacteria;p__Proteobacteria;c__Alphaproteobacteria;o__Pelagibacterales;f__Pelagibacteraceae
29-1-6_NODE_2291_length_7568_cov_4.500868_3	28-1-6_NODE_1283277_length_229_cov_1.243421_1	2	6.764189595634716e-08	229	3.0385107098616814e-07	root;d__Bacteria;p__Proteobacteria;c__Alphaproteobacteria;o__Pelagibacterales;f__Pelagibacteraceae	root;d__Bacteria;p__Proteobacteria;c__Alphaproteobacteria;o__Pelagibacterales;f__Pelagibacteraceae
29-1-6_NODE_2291_length_7568_cov_4.500868_3	29-1-2_NODE_279509_length_484_cov_1.002457_1	14	4.7396647716358417e-07	484	9.55029036010025e-07	root;d__Bacteria;p__Proteobacteria;c__Alphaproteobacteria;o__Pelagibacterales;f__Pelagibacteraceae	root;d__Bacteria;p__Proteobacteria;c__Alphaproteobacteria;o__Pelagibacterales;f__Pelagibacteraceae
29-1-6_NODE_2291_length_7568_cov_4.500868_3	29-1-2_NODE_591675_length_337_cov_1.080769_1	13	4.4011172879475673e-07	337	1.2736419445898853e-06	root;d__Bacteria;p__Proteobacteria;c__Alphaproteobacteria;o__Pelagibacterales;f__Pelagibacteraceae	root;d__Bacteria;p__Proteobacteria;c__Alphaproteobacteria;o__Pelagibacterales;f__Pelagibacteraceae
29-1-6_NODE_2291_length_7568_cov_4.500868_3	29-1-2_NODE_825796_length_287_cov_1.000000_1	8	2.7083798695061953e-07	287	9.203266369912438e-07	root;d__Bacteria;p__Proteobacteria;c__Alphaproteobacteria;o__Pelagibacterales;f__Pelagibacteraceae	root;d__Bacteria;p__Proteobacteria;c__Alphaproteobacteria;o__Pelagibacterales;f__Pelagibacteraceae
29-1-6_NODE_2291_length_7568_cov_4.500868_3	29-1-2_NODE_1350083_length_244_cov_1.449102_1	30	1.0156424510648232e-06	244	4.059432553532074e-06	root;d__Bacteria;p__Proteobacteria;c__Alphaproteobacteria;o__Pelagibacterales;f__Pelagibacteraceae	root;d__Bacteria;p__Proteobacteria;c__Alphaproteobacteria;o__Pelagibacterales;f__Pelagibacteraceae
29-1-6_NODE_2291_length_7568_cov_4.500868_3	29-1-2_NODE_1494221_length_235_cov_1.253165_1	13	4.4011172879475673e-07	235	1.8264567460714523e-06	root;d__Bacteria;p__Proteobacteria;c__Alphaproteobacteria;o__Pelagibacterales;f__Pelagibacteraceae	root;d__Bacteria;p__Proteobacteria;c__Alphaproteobacteria;o__Pelagibacterales;f__Pelagibacteraceae
29-1-6_NODE_2291_length_7568_cov_4.500868_3	29-1-4_NODE_92095_length_805_cov_3.373626_1	53	1.7952237699008175e-06	805	2.0810840002771922e-06	root;d__Bacteria;p__Proteobacteria;c__Alphaproteobacteria;o__Pelagibacterales;f__Pelagibacteraceae	root;d__Bacteria;p__Proteobacteria;c__Alphaproteobacteria;o__Pelagibacterales;f__Pelagibacteraceae
29-1-6_NODE_2291_length_7568_cov_4.500868_3	29-1-4_NODE_210831_length_545_cov_1.023504_1	11	3.725936126209244e-07	545	6.379781486049693e-07	root;d__Bacteria;p__Proteobacteria;c__Alphaproteobacteria;o__Pelagibacterales;f__Pelagibacteraceae	root;d__Bacteria;p__Proteobacteria;c__Alphaproteobacteria;o__Pelagibacterales;f__Pelagibacteraceae
29-1-6_NODE_2291_length_7568_cov_4.500868_3	29-1-4_NODE_240000_length_513_cov_1.314220_1	23	7.79059371843751e-07	513	1.41716393633941e-06	root;d__Bacteria;p__Proteobacteria;c__Alphaproteobacteria;o__Pelagibacterales;f__Pelagibacteraceae	root;d__Bacteria;p__Proteobacteria;c__Alphaproteobacteria;o__Pelagibacterales;f__Pelagibacteraceae
29-1-6_NODE_2291_length_7568_cov_4.500868_3	29-1-4_NODE_820499_length_289_cov_1.009434_1	11	3.725936126209244e-07	289	1.2031075812792672e-06	root;d__Bacteria;p__Proteobacteria;c__Alphaproteobacteria;o__Pelagibacterales;f__Pelagibacteraceae	root;d__Bacteria;p__Proteobacteria;c__Alphaproteobacteria;o__Pelagibacterales;f__Pelagibacteraceae
29-1-6_NODE_2291_length_7568_cov_4.500868_3	29-1-4_NODE_969355_length_273_cov_1.469388_1	4	1.354885864076089e-07	273	4.631343203326118e-07	root;d__Bacteria;p__Proteobacteria;c__Alphaproteobacteria;o__Pelagibacterales;f__Pelagibacteraceae	root;d__Bacteria;p__Proteobacteria;c__Alphaproteobacteria;o__Pelagibacterales;f__Pelagibacteraceae
29-1-6_NODE_2291_length_7568_cov_4.500868_3	29-1-4_NODE_1348706_length_248_cov_1.134503_1	22	7.451872252418488e-07	248	2.804016862820228e-06	root;d__Bacteria;p__Proteobacteria;c__Alphaproteobacteria;o__Pelagibacterales;f__Pelagibacteraceae	root;d__Bacteria;p__Proteobacteria;c__Alphaproteobacteria;o__Pelagibacterales;f__Pelagibacteraceae
29-1-6_NODE_2291_length_7568_cov_4.500868_3	29-1-4_NODE_1421659_length_244_cov_0.886228_1	5	1.6936073300951108e-07	244	6.477237164487858e-07	root;d__Bacteria;p__Proteobacteria;c__Alphaproteobacteria;o__Pelagibacterales;f__Pelagibacteraceae	root;d__Bacteria;p__Proteobacteria;c__Alphaproteobacteria;o__Pelagibacterales;f__Pelagibacteraceae
29-1-6_NODE_2291_length_7568_cov_4.500868_3	29-1-6_NODE_29124_length_1791_cov_3.735123_1	104	3.7646053111775693e-06	1791	2.268107969381895e-06	root;d__Bacteria;p__Proteobacteria;c__Alphaproteobacteria;o__Pelagibacterales;f__Pelagibacteraceae	root;d__Bacteria;p__Proteobacteria;c__Alphaproteobacteria;o__Pelagibacterales;f__Pelagibacteraceae
29-1-6_NODE_2291_length_7568_cov_4.500868_3	29-1-6_NODE_78946_length_991_cov_1.855580_1	27	9.773494557864844e-07	991	1.0641824213634277e-06	root;d__Bacteria;p__Proteobacteria;c__Alphaproteobacteria;o__Pelagibacterales;f__Pelagibacteraceae	root;d__Bacteria;p__Proteobacteria;c__Alphaproteobacteria;o__Pelagibacterales;f__Pelagibacteraceae
29-1-6_NODE_2291_length_7568_cov_4.500868_3	29-1-6_NODE_101175_length_854_cov_2.141570_1	38	1.3755288636994965e-06	854	1.7380077033439136e-06	root;d__Bacteria;p__Proteobacteria;c__Alphaproteobacteria;o__Pelagibacterales;f__Pelagibacteraceae	root;d__Bacteria;p__Proteobacteria;c__Alphaproteobacteria;o__Pelagibacterales;f__Pelagibacteraceae
29-1-6_NODE_2291_length_7568_cov_4.500868_3	29-1-6_NODE_112884_length_800_cov_3.131397_1	83	3.004444623343637e-06	800	4.052416514092871e-06	root;d__Bacteria;p__Proteobacteria;c__Alphaproteobacteria;o__Pelagibacterales;f__Pelagibacteraceae	root;d__Bacteria;p__Proteobacteria;c__Alphaproteobacteria;o__Pelagibacterales;f__Pelagibacteraceae
29-1-6_NODE_2291_length_7568_cov_4.500868_3	29-1-6_NODE_118527_length_777_cov_3.521429_1	63	2.2804820635017966e-06	777	3.1669813200335035e-06	root;d__Bacteria;p__Proteobacteria;c__Alphaproteobacteria;o__Pelagibacterales;f__Pelagibacteraceae	root;d__Bacteria;p__Proteobacteria;c__Alphaproteobacteria;o__Pelagibacterales;f__Pelagibacteraceae
29-1-6_NODE_2291_length_7568_cov_4.500868_3	29-1-6_NODE_121149_length_767_cov_1.917391_1	24	8.687550718102083e-07	767	1.222198788435355e-06	root;d__Bacteria;p__Proteobacteria;c__Alphaproteobacteria;o__Pelagibacterales;f__Pelagibacteraceae	root;d__Bacteria;p__Proteobacteria;c__Alphaproteobacteria;o__Pelagibacterales;f__Pelagibacteraceae
29-1-6_NODE_2291_length_7568_cov_4.500868_3	29-1-6_NODE_138721_length_708_cov_2.946117_1	27	9.773494557864844e-07	708	1.4895547734055886e-06	root;d__Bacteria;p__Proteobacteria;c__Alphaproteobacteria;o__Pelagibacterales;f__Pelagibacteraceae	root;d__Bacteria;p__Proteobacteria;c__Alphaproteobacteria;o__Pelagibacterales;f__Pelagibacteraceae
29-1-6_NODE_2291_length_7568_cov_4.500868_3	29-1-6_NODE_148317_length_681_cov_2.092715_1	28	1.0135475837785764e-06	681	1.6059680115294715e-06	root;d__Bacteria;p__Proteobacteria;c__Alphaproteobacteria;o__Pelagibacterales;f__Pelagibacteraceae	root;d__Bacteria;p__Proteobacteria;c__Alphaproteobacteria;o__Pelagibacterales;f__Pelagibacteraceae
29-1-6_NODE_2291_length_7568_cov_4.500868_3	29-1-6_NODE_158423_length_655_cov_2.449827_1	20	7.239625598418402e-07	655	1.1926545429133805e-06	root;d__Bacteria;p__Proteobacteria;c__Alphaproteobacteria;o__Pelagibacterales;f__Pelagibacteraceae	root;d__Bacteria;p__Proteobacteria;c__Alphaproteobacteria;o__Pelagibacterales;f__Pelagibacteraceae
29-1-6_NODE_2291_length_7568_cov_4.500868_3	29-1-6_NODE_253830_length_498_cov_1.681710_1	21	7.601606878339323e-07	498	1.6470846624270631e-06	root;d__Bacteria;p__Proteobacteria;c__Alphaproteobacteria;o__Pelagibacterales;f__Pelagibacteraceae	root;d__Bacteria;p__Proteobacteria;c__Alphaproteobacteria;o__Pelagibacterales;f__Pelagibacteraceae
29-1-6_NODE_2291_length_7568_cov_4.500868_3	29-1-6_NODE_296635_length_453_cov_5.284574_1	54	1.9546989115729687e-06	453	4.6560917420360125e-06	root;d__Bacteria;p__Proteobacteria;c__Alphaproteobacteria;o__Pelagibacterales;f__Pelagibacteraceae	root;d__Bacteria;p__Proteobacteria;c__Alphaproteobacteria;o__Pelagibacterales;f__Pelagibacteraceae
29-1-6_NODE_2291_length_7568_cov_4.500868_3	29-1-6_NODE_418970_length_365_cov_2.402778_1	19	6.877644318497483e-07	365	2.0332309296653454e-06	root;d__Bacteria;p__Proteobacteria;c__Alphaproteobacteria;o__Pelagibacterales;f__Pelagibacteraceae	root;d__Bacteria;p__Proteobacteria;c__Alphaproteobacteria;o__Pelagibacterales;f__Pelagibacteraceae
29-1-6_NODE_2291_length_7568_cov_4.500868_3	29-1-6_NODE_443400_length_353_cov_1.057971_1	19	6.877644318497483e-07	353	2.102349261551986e-06	root;d__Bacteria;p__Proteobacteria;c__Alphaproteobacteria;o__Pelagibacterales;f__Pelagibacteraceae	root;d__Bacteria;p__Proteobacteria;c__Alphaproteobacteria;o__Pelagibacterales;f__Pelagibacteraceae
29-1-6_NODE_2291_length_7568_cov_4.500868_3	29-1-6_NODE_483671_length_335_cov_0.829457_1	9	3.257831519288281e-07	335	1.0493579896230415e-06	root;d__Bacteria;p__Proteobacteria;c__Alphaproteobacteria;o__Pelagibacterales;f__Pelagibacteraceae	root;d__Bacteria;p__Proteobacteria;c__Alphaproteobacteria;o__Pelagibacterales;f__Pelagibacteraceae
29-1-6_NODE_2291_length_7568_cov_4.500868_3	29-1-6_NODE_620797_length_287_cov_4.147619_1	18	6.515663038576562e-07	287	2.4497207423255674e-06	root;d__Bacteria;p__Proteobacteria;c__Alphaproteobacteria;o__Pelagibacterales;f__Pelagibacteraceae	root;d__Bacteria;p__Proteobacteria;c__Alphaproteobacteria;o__Pelagibacterales;f__Pelagibacteraceae
29-1-6_NODE_2291_length_7568_cov_4.500868_3	29-1-6_NODE_737378_length_266_cov_1.343915_1	11	3.9817940791301216e-07	266	1.6152398461825014e-06	root;d__Bacteria;p__Proteobacteria;c__Alphaproteobacteria;o__Pelagibacterales;f__Pelagibacteraceae	root;d__Bacteria;p__Proteobacteria;c__Alphaproteobacteria;o__Pelagibacterales;f__Pelagibacteraceae
29-1-6_NODE_2291_length_7568_cov_4.500868_3	29-1-6_NODE_773988_length_261_cov_1.315217_1	5	1.8099063996046005e-07	261	7.48265062843165e-07	root;d__Bacteria;p__Proteobacteria;c__Alphaproteobacteria;o__Pelagibacterales;f__Pelagibacteraceae	root;d__Bacteria;p__Proteobacteria;c__Alphaproteobacteria;o__Pelagibacterales;f__Pelagibacteraceae
29-1-6_NODE_2291_length_7568_cov_4.500868_3	29-1-6_NODE_787971_length_259_cov_1.879121_1	9	3.257831519288281e-07	259	1.3572777085857872e-06	root;d__Bacteria;p__Proteobacteria;c__Alphaproteobacteria;o__Pelagibacterales;f__Pelagibacteraceae	root;d__Bacteria;p__Proteobacteria;c__Alphaproteobacteria;o__Pelagibacterales;f__Pelagibacteraceae
29-1-6_NODE_2291_length_7568_cov_4.500868_3	29-1-6_NODE_827452_length_254_cov_1.576271_1	3	1.0859438397627604e-07	254	4.613319245718096e-07	root;d__Bacteria;p__Proteobacteria;c__Alphaproteobacteria;o__Pelagibacterales;f__Pelagibacteraceae	root;d__Bacteria;p__Proteobacteria;c__Alphaproteobacteria;o__Pelagibacterales;f__Pelagibacteraceae
29-1-6_NODE_2291_length_7568_cov_4.500868_3	29-1-6_NODE_1043393_length_229_cov_4.526316_1	6	2.1718876795255208e-07	229	1.0233913435916128e-06	root;d__Bacteria;p__Proteobacteria;c__Alphaproteobacteria;o__Pelagibacterales;f__Pelagibacteraceae	root;d__Bacteria;p__Proteobacteria;c__Alphaproteobacteria;o__Pelagibacterales;f__Pelagibacteraceae
29-1-6_NODE_2291_length_7568_cov_4.500868_3	29-1-6_NODE_1053207_length_227_cov_3.606667_1	16	5.791700478734722e-07	227	2.753088019764808e-06	root;d__Bacteria;p__Proteobacteria;c__Alphaproteobacteria;o__Pelagibacterales;f__Pelagibacteraceae	root;d__Bacteria;p__Proteobacteria;c__Alphaproteobacteria;o__Pelagibacterales;f__Pelagibacteraceae
29-1-6_NODE_2291_length_7568_cov_4.500868_3	29-1-6_NODE_1055395_length_215_cov_2.173913_1	11	3.9817940791301216e-07	215	1.998389763183932e-06	root;d__Bacteria;p__Proteobacteria;c__Alphaproteobacteria;o__Pelagibacterales;f__Pelagibacteraceae	root;d__Bacteria;p__Proteobacteria;c__Alphaproteobacteria;o__Pelagibacterales;f__Pelagibacteraceae
29-1-6_NODE_2291_length_7568_cov_4.500868_3	29-1-6_NODE_1057475_length_200_cov_1.439024_1	6	2.1718876795255208e-07	200	1.1717830884123964e-06	root;d__Bacteria;p__Proteobacteria;c__Alphaproteobacteria;o__Pelagibacterales;f__Pelagibacteraceae	root;d__Bacteria;p__Proteobacteria;c__Alphaproteobacteria;o__Pelagibacterales;f__Pelagibacteraceae
29-1-6_NODE_2291_length_7568_cov_4.500868_3	29-1-6_NODE_1057769_length_197_cov_5.625000_1	13	4.7057566389719616e-07	197	2.5775262520069633e-06	root;d__Bacteria;p__Proteobacteria;c__Alphaproteobacteria;o__Pelagibacterales;f__Pelagibacteraceae	root;d__Bacteria;p__Proteobacteria;c__Alphaproteobacteria;o__Pelagibacterales;f__Pelagibacteraceae
29-1-6_NODE_2291_length_7568_cov_4.500868_3	30-1-2_NODE_94349_length_745_cov_2.232036_2	60	2.029491625201334e-06	745	2.561953256855267e-06	root;d__Bacteria;p__Proteobacteria;c__Alphaproteobacteria;o__Pelagibacterales;f__Pelagibacteraceae	root;d__Bacteria;p__Proteobacteria;c__Alphaproteobacteria;o__Pelagibacterales;f__Pelagibacteraceae
29-1-6_NODE_2291_length_7568_cov_4.500868_3	30-1-2_NODE_192511_length_543_cov_1.051502_1	30	1.014745812600667e-06	543	1.7575093704946355e-06	root;d__Bacteria;p__Proteobacteria;c__Alphaproteobacteria;o__Pelagibacterales;f__Pelagibacteraceae	root;d__Bacteria;p__Proteobacteria;c__Alphaproteobacteria;o__Pelagibacterales;f__Pelagibacteraceae
29-1-6_NODE_2291_length_7568_cov_4.500868_3	30-1-2_NODE_241071_length_491_cov_1.809179_1	16	5.411977667203557e-07	491	1.0366083781980578e-06	root;d__Bacteria;p__Proteobacteria;c__Alphaproteobacteria;o__Pelagibacterales;f__Pelagibacteraceae	root;d__Bacteria;p__Proteobacteria;c__Alphaproteobacteria;o__Pelagibacterales;f__Pelagibacteraceae
29-1-6_NODE_2291_length_7568_cov_4.500868_3	30-1-2_NODE_647536_length_316_cov_1.372385_1	11	3.720734646202446e-07	316	1.1073421381819047e-06	root;d__Bacteria;p__Proteobacteria;c__Alphaproteobacteria;o__Pelagibacterales;f__Pelagibacteraceae	root;d__Bacteria;p__Proteobacteria;c__Alphaproteobacteria;o__Pelagibacterales;f__Pelagibacteraceae
29-1-6_NODE_2291_length_7568_cov_4.500868_3	30-1-2_NODE_657173_length_314_cov_1.172996_1	23	7.779717896605114e-07	314	2.330099206805467e-06	root;d__Bacteria;p__Proteobacteria;c__Alphaproteobacteria;o__Pelagibacterales;f__Pelagibacteraceae	root;d__Bacteria;p__Proteobacteria;c__Alphaproteobacteria;o__Pelagibacterales;f__Pelagibacteraceae
29-1-6_NODE_2291_length_7568_cov_4.500868_3	30-1-2_NODE_929000_length_275_cov_0.717172_1	1	3.382486042002223e-08	275	1.1567607129437418e-07	root;d__Bacteria;p__Proteobacteria;c__Alphaproteobacteria;o__Pelagibacterales;f__Pelagibacteraceae	root;d__Bacteria;p__Proteobacteria;c__Alphaproteobacteria;o__Pelagibacterales;f__Pelagibacteraceae
29-1-6_NODE_2291_length_7568_cov_4.500868_3	30-1-2_NODE_1347343_length_248_cov_0.730994_1	3	1.014745812600667e-07	248	3.8480951136233347e-07	root;d__Bacteria;p__Proteobacteria;c__Alphaproteobacteria;o__Pelagibacterales;f__Pelagibacteraceae	root;d__Bacteria;p__Proteobacteria;c__Alphaproteobacteria;o__Pelagibacterales;f__Pelagibacteraceae
29-1-6_NODE_2291_length_7568_cov_4.500868_3	30-1-2_NODE_1673891_length_229_cov_1.407895_1	8	2.7059888336017786e-07	229	1.1112985015180053e-06	root;d__Bacteria;p__Proteobacteria;c__Alphaproteobacteria;o__Pelagibacterales;f__Pelagibacteraceae	root;d__Bacteria;p__Proteobacteria;c__Alphaproteobacteria;o__Pelagibacterales;f__Pelagibacteraceae
29-1-6_NODE_2291_length_7568_cov_4.500868_3	30-1-4_NODE_236778_length_550_cov_0.966173_1	38	1.1564624276921867e-06	550	1.961580763285266e-06	root;d__Bacteria;p__Proteobacteria;c__Alphaproteobacteria;o__Pelagibacterales;f__Pelagibacteraceae	root;d__Bacteria;p__Proteobacteria;c__Alphaproteobacteria;o__Pelagibacterales;f__Pelagibacteraceae
29-1-6_NODE_2291_length_7568_cov_4.500868_3	30-1-4_NODE_486947_length_386_cov_1.546926_1	25	7.608305445343334e-07	386	1.8388148005980647e-06	root;d__Bacteria;p__Proteobacteria;c__Alphaproteobacteria;o__Pelagibacterales;f__Pelagibacteraceae	root;d__Bacteria;p__Proteobacteria;c__Alphaproteobacteria;o__Pelagibacterales;f__Pelagibacteraceae
29-1-6_NODE_2291_length_7568_cov_4.500868_3	30-1-4_NODE_575668_length_356_cov_2.125448_1	41	1.2477620930363068e-06	356	3.26978461059157e-06	root;d__Bacteria;p__Proteobacteria;c__Alphaproteobacteria;o__Pelagibacterales;f__Pelagibacteraceae	root;d__Bacteria;p__Proteobacteria;c__Alphaproteobacteria;o__Pelagibacterales;f__Pelagibacteraceae
29-1-6_NODE_2291_length_7568_cov_4.500868_3	30-1-4_NODE_718249_length_320_cov_1.045267_1	10	3.0433221781373335e-07	320	8.872281412885662e-07	root;d__Bacteria;p__Proteobacteria;c__Alphaproteobacteria;o__Pelagibacterales;f__Pelagibacteraceae	root;d__Bacteria;p__Proteobacteria;c__Alphaproteobacteria;o__Pelagibacterales;f__Pelagibacteraceae
29-1-6_NODE_2291_length_7568_cov_4.500868_3	30-1-4_NODE_823027_length_299_cov_0.941441_1	18	5.4779799206472e-07	299	1.7091752822147629e-06	root;d__Bacteria;p__Proteobacteria;c__Alphaproteobacteria;o__Pelagibacterales;f__Pelagibacteraceae	root;d__Bacteria;p__Proteobacteria;c__Alphaproteobacteria;o__Pelagibacterales;f__Pelagibacteraceae
29-1-6_NODE_2291_length_7568_cov_4.500868_3	30-1-4_NODE_1134019_length_266_cov_0.783069_1	6	1.8259933068824e-07	266	6.404052749150553e-07	root;d__Bacteria;p__Proteobacteria;c__Alphaproteobacteria;o__Pelagibacterales;f__Pelagibacteraceae	root;d__Bacteria;p__Proteobacteria;c__Alphaproteobacteria;o__Pelagibacterales;f__Pelagibacteraceae
29-1-6_NODE_2291_length_7568_cov_4.500868_3	30-1-6_NODE_14151_length_2740_cov_3.492302_1	202	7.711485387078773e-06	2740	2.983306412159819e-06	root;d__Bacteria;p__Proteobacteria;c__Alphaproteobacteria;o__Pelagibacterales;f__Pelagibacteraceae	root;d__Bacteria;p__Proteobacteria;c__Alphaproteobacteria;o__Pelagibacterales;f__Pelagibacteraceae
29-1-6_NODE_2291_length_7568_cov_4.500868_3	30-1-6_NODE_132872_length_743_cov_3.560060_1	41	1.5652024795555925e-06	743	2.233017352331557e-06	root;d__Bacteria;p__Proteobacteria;c__Alphaproteobacteria;o__Pelagibacterales;f__Pelagibacteraceae	root;d__Bacteria;p__Proteobacteria;c__Alphaproteobacteria;o__Pelagibacterales;f__Pelagibacteraceae
29-1-6_NODE_2291_length_7568_cov_4.500868_3	30-1-6_NODE_153608_length_683_cov_1.955446_1	26	9.92567426059644e-07	683	1.54045742285973e-06	root;d__Bacteria;p__Proteobacteria;c__Alphaproteobacteria;o__Pelagibacterales;f__Pelagibacteraceae	root;d__Bacteria;p__Proteobacteria;c__Alphaproteobacteria;o__Pelagibacterales;f__Pelagibacteraceae
29-1-6_NODE_2291_length_7568_cov_4.500868_3	30-1-6_NODE_173900_length_636_cov_1.506261_1	18	6.871620641951382e-07	636	1.1452820244700968e-06	root;d__Bacteria;p__Proteobacteria;c__Alphaproteobacteria;o__Pelagibacterales;f__Pelagibacteraceae	root;d__Bacteria;p__Proteobacteria;c__Alphaproteobacteria;o__Pelagibacterales;f__Pelagibacteraceae
29-1-6_NODE_2291_length_7568_cov_4.500868_3	30-1-6_NODE_242986_length_524_cov_2.317673_1	13	4.96283713029822e-07	524	1.0039431486767135e-06	root;d__Bacteria;p__Proteobacteria;c__Alphaproteobacteria;o__Pelagibacterales;f__Pelagibacteraceae	root;d__Bacteria;p__Proteobacteria;c__Alphaproteobacteria;o__Pelagibacterales;f__Pelagibacteraceae
29-1-6_NODE_2291_length_7568_cov_4.500868_3	30-1-6_NODE_266806_length_496_cov_1.813842_1	16	6.108107237290117e-07	496	1.305375210686347e-06	root;d__Bacteria;p__Proteobacteria;c__Alphaproteobacteria;o__Pelagibacterales;f__Pelagibacteraceae	root;d__Bacteria;p__Proteobacteria;c__Alphaproteobacteria;o__Pelagibacterales;f__Pelagibacteraceae
29-1-6_NODE_2291_length_7568_cov_4.500868_3	30-1-6_NODE_342062_length_427_cov_1.722857_1	8	3.0540536186450585e-07	427	7.581570310309461e-07	root;d__Bacteria;p__Proteobacteria;c__Alphaproteobacteria;o__Pelagibacterales;f__Pelagibacteraceae	root;d__Bacteria;p__Proteobacteria;c__Alphaproteobacteria;o__Pelagibacterales;f__Pelagibacteraceae
29-1-6_NODE_2291_length_7568_cov_4.500868_3	30-1-6_NODE_505913_length_335_cov_1.852713_1	14	5.344593832628852e-07	335	1.6911428102623122e-06	root;d__Bacteria;p__Proteobacteria;c__Alphaproteobacteria;o__Pelagibacterales;f__Pelagibacteraceae	root;d__Bacteria;p__Proteobacteria;c__Alphaproteobacteria;o__Pelagibacterales;f__Pelagibacteraceae
29-1-6_NODE_2291_length_7568_cov_4.500868_3	30-1-6_NODE_659069_length_285_cov_1.394231_1	5	1.9087835116531616e-07	285	7.09940904057487e-07	root;d__Bacteria;p__Proteobacteria;c__Alphaproteobacteria;o__Pelagibacterales;f__Pelagibacteraceae	root;d__Bacteria;p__Proteobacteria;c__Alphaproteobacteria;o__Pelagibacterales;f__Pelagibacteraceae
29-1-6_NODE_2291_length_7568_cov_4.500868_3	30-1-6_NODE_725687_length_273_cov_1.091837_1	6	2.2905402139837937e-07	273	8.893765171709175e-07	root;d__Bacteria;p__Proteobacteria;c__Alphaproteobacteria;o__Pelagibacterales;f__Pelagibacteraceae	root;d__Bacteria;p__Proteobacteria;c__Alphaproteobacteria;o__Pelagibacterales;f__Pelagibacteraceae
29-1-6_NODE_2291_length_7568_cov_4.500868_3	30-1-6_NODE_725987_length_273_cov_1.015306_1	1	3.817567023306323e-08	273	1.4822941952848628e-07	root;d__Bacteria;p__Proteobacteria;c__Alphaproteobacteria;o__Pelagibacterales;f__Pelagibacteraceae;g__Pelagibacter_A	root;d__Bacteria;p__Proteobacteria;c__Alphaproteobacteria;o__Pelagibacterales;f__Pelagibacteraceae
29-1-6_NODE_2291_length_7568_cov_4.500868_3	30-1-6_NODE_729397_length_272_cov_4.030769_1	24	9.162160855935175e-07	272	3.5705851351126547e-06	root;d__Bacteria;p__Proteobacteria;c__Alphaproteobacteria;o__Pelagibacterales;f__Pelagibacteraceae	root;d__Bacteria;p__Proteobacteria;c__Alphaproteobacteria;o__Pelagibacterales;f__Pelagibacteraceae
