ko	17-2-10	17-2-2	17-2-4	17-2-6	18-1-1	18-1-3	18-1-4	18-1-6	19-1-12	19-1-2	19-1-4	19-1-6	23-1-10	23-1-16	23-1-2	24-1-2	24-1-8	27-1-2	27-1-4	27-1-8	28-1-2	28-1-4	28-1-6	29-1-2	29-1-4	29-1-6	30-1-2	30-1-4	30-1-6	31-1-16	31-1-2	31-1-8	32-1-2	32-1-4	32-1-8	33-1-10	33-1-2	33-1-6	34-1-16	34-1-2	34-1-24	38-1-10	38-1-14	38-1-2	39-1-8	52-1-2	53-1-2	54-1-10	54-1-3	56-1-2	57-1-2	58-1-10	58-1-2	59-1-15	59-1-20	59-1-24	59-1-3	59-1-6	59-1-9	65-1-2	66-1-2	67-1-15	67-1-2	68-1-2	69-1-2	70-1-10	70-1-2
-	0.2606867101700403	0.14514390687599985	0.16638886273617354	0.2071774584109893	0.22248755051369554	0.2517716297610747	0.16893853087405605	0.20933279462794885	0.26514273962601204	0.153453443239521	0.1810086848033123	0.21411444574453714	0.21680456773450668	0.275601329007765	0.06090069619431327	0.2029635490350375	0.24258937403277123	0.16425327108536528	0.15921187805904058	0.22281957963287494	0.1507246056092712	0.18083867878259882	0.24919747047302437	0.17356586939182775	0.17453430351894478	0.2875252913575469	0.15497216593518143	0.18785922954853007	0.28487782803582384	0.25132597118297706	0.15073238906326933	0.15435866988214558	0.6773192365554557	0.15059294745375573	0.2133027991155493	0.2384742733117405	0.10914830951453554	0.21279373667676746	0.15213428981549879	0.611795551905663	0.24045319129355727	0.21997684538137835	0.24118826419322523	0.07636131191791928	0.1905177193565456	0.17805295157276788	0.1643265737805367	0.24176714164305957	0.17530948913789482	0.17534125935097614	0.1649698350916983	0.25530054130633334	0.21672590551456727	0.5706828023704242	0.16040522471152605	0.26990909811443187	0.65506909892349	0.6539843787188118	0.6725739418085753	0.1895165514193625	0.1646710811696427	0.25197798780587594	0.22176251846778125	0.17188680969870568	0.16411069619210403	0.19074240955469846	0.19574858256011246
ko:K00001	0.0009087466077414575	0.0005025377686160318	0.0005083315121134282	0.0007222583977322375	0.0007760696700488076	0.0007832230919126764	0.0005275646813361739	0.0007010212430004851	0.000833013199776195	0.00045485835408323776	0.0006246086146551327	0.0007611482584011605	0.00078761156028077	0.001028994271600285	0.00019366288706026787	0.0006799904620707927	0.000854679787504188	0.0004900081374521422	0.0005194577080117658	0.0007595773352564342	0.0005084470889120653	0.0005692176737293454	0.0007834603799520522	0.0005352856412079547	0.0005885654902139415	0.0010022469058148613	0.00048497486525948786	0.0006571387326369991	0.0009993649493770381	0.0007780964838430765	0.0004409894711150699	0.0004648303043087497	0.0013833015732463722	0.00048144960406702573	0.0007216765276448938	0.0007769370714236878	0.0003442604428687644	0.000728756994676784	0.00044487232536349935	0.001231499178886487	0.0008053290410251106	0.0006933111684689465	0.0008095882727916328	0.00023293731943624274	0.0007008439118413208	0.0006172255272542237	0.000575528745107148	0.0008204614599035919	0.0005870435951013188	0.0006084276130803734	0.0005622801654345701	0.0008974281856549624	0.0007083195080688627	0.0012744199986305293	0.0005055357036770483	0.0009284679794318854	0.001298729926835565	0.0013215212824808605	0.0013771168122648702	0.0005956986022554893	0.0005501257696993351	0.0007985875287736154	0.0006989929842672961	0.000638202738878156	0.0005704624257631143	0.0006126631228834972	0.0006636754631439535
ko:K00002	2.708742228880126e-05	7.327684549510672e-06	1.4724987852367381e-05	9.882995929341256e-06	2.02141183521271e-05	2.182519247789837e-05	8.745114326005306e-06	1.5783411743610603e-05	2.3202355258208694e-05	1.2947432366792251e-05	1.2701695101613419e-05	1.0639514453068261e-05	1.4641082007697383e-05	2.125789404636267e-05	3.374825546828102e-07	1.626800183602463e-05	2.0810724890976975e-05	1.0546491768596724e-05	1.3726957029980731e-05	1.7059559380205805e-05	1.1578993545994627e-05	1.7751545750622665e-05	1.4409652772647165e-05	1.0334004815548244e-05	1.3449515635193138e-05	2.6026147548645134e-05	9.051948629768902e-06	1.104077148948859e-05	2.277946447479317e-05	2.726893757783877e-05	4.070783626299139e-06	3.95825417722252e-06	6.420882739334273e-06	6.478954177972413e-06	1.2761826393983596e-05	1.757733303639566e-05	0.0	1.5309460547509758e-05	5.542671365556954e-06	4.584579739515211e-06	1.7784929725943542e-05	1.8919728315804018e-05	1.8830759716223176e-05	0.0	1.4895647748691557e-05	2.016368672411299e-05	1.17350145293038e-05	1.923748210655776e-05	1.5381369365191645e-05	1.0240700038614089e-05	1.0115644061867599e-05	2.694641930791054e-05	1.6619566960844444e-05	3.6736393312996916e-06	2.8629065151151865e-06	2.1454523906334807e-05	7.027255079794403e-06	4.695365369163996e-06	5.560959974460185e-06	1.8576801701420083e-05	1.0330238999069324e-05	1.82638108938389e-05	1.3723726470134677e-05	1.0502663083406715e-05	8.044180434113378e-06	1.601392662186784e-05	2.160893768307045e-05
ko:K00003	0.0007190050551383331	0.00040975952176716473	0.000442368711552684	0.0005248755665659998	0.0006702085769887346	0.0005842748555434247	0.0004551626610116887	0.000538675437438183	0.0006311101936694838	0.00035857432690950274	0.0004710251842615433	0.0005295174609960992	0.0005409251860414215	0.0009221861877579436	0.00014599316847524813	0.0004775858214202547	0.0006496954922015757	0.0003968810546732413	0.0003967581701564141	0.00048643043115389697	0.0003910467771464986	0.00045481868177946216	0.0005606981085256132	0.0004061260729033169	0.00045224384698979174	0.0007680926288863441	0.00039407531170625675	0.000485957299312133	0.0006583004123764055	0.0006290198731063126	0.0003347628498575451	0.00032911514221373823	0.0008981878085799417	0.0003300318516040179	0.0005636633239663479	0.000613736169230447	0.00029620413967765995	0.0005287647615984362	0.00032700664845205363	0.0007938523305199693	0.0006870006136037228	0.0005235415762006317	0.0005673784843827632	0.00016836157501482388	0.0005036932706701841	0.0004437651324954947	0.0004486692122440451	0.000579816279615005	0.0004315137979664564	0.0005051291984906947	0.0004317845327300272	0.0005727011054639904	0.0005287574237322966	0.0007501777827080639	0.0003251003700993306	0.0007614887892666131	0.0008383692707762785	0.0008664998821423525	0.0008210496171360769	0.0004655190072507735	0.0003998713475401404	0.0005846616164978675	0.000584394200323538	0.0004534599467151636	0.0004276616684689896	0.00043006009023559814	0.000476281978387006
ko:K00004	3.7602471333984866e-05	4.949506029434076e-05	4.67257840642048e-05	4.225734990157577e-05	4.079425028759817e-05	4.091060481519635e-05	4.500014723656722e-05	3.521390288243717e-05	4.071464726642892e-05	4.835748240781874e-05	3.4415781075450854e-05	3.7334870560477695e-05	4.3535600041419075e-05	3.82837282839198e-05	3.638395030050372e-05	3.8990835336689025e-05	4.340071251038981e-05	5.359797038051966e-05	4.1772668847448535e-05	3.4550982040614816e-05	3.629793962720008e-05	4.8010445292807716e-05	3.887571129488319e-05	6.261255946423185e-05	4.881544151460879e-05	4.541181241113636e-05	4.3500356457235426e-05	4.621174858297762e-05	4.465098939261088e-05	4.5782326502427034e-05	6.729333223360855e-05	7.114313382131519e-05	8.480615473006254e-05	6.464531842297287e-05	3.569437910761796e-05	3.91647723496305e-05	5.869523717156884e-05	3.43108238949192e-05	6.288619018687971e-05	8.138837940195393e-05	4.866255469896257e-05	3.661848743108137e-05	4.626996630351713e-05	4.010577849962419e-05	4.15080308404138e-05	3.6901024794468614e-05	4.9166914766386e-05	3.036805671115118e-05	3.719879725921503e-05	4.164549063506544e-05	4.554060885762164e-05	4.558145224625866e-05	4.740761609045671e-05	7.689883183839634e-05	7.337547783539588e-05	4.183892693386342e-05	8.188375950550653e-05	8.943582670734891e-05	9.497718319814934e-05	4.619560726114958e-05	4.430549693566052e-05	4.3796530578622716e-05	3.830712670972104e-05	4.146823604153158e-05	5.011410225014998e-05	3.1257088127373796e-05	4.014470677458976e-05
ko:K00005	9.807051786008193e-05	2.239540019756029e-05	4.543444670608301e-05	8.098806135139385e-05	6.210276113495652e-05	8.510688818384332e-05	4.203770126680297e-05	9.573248450056183e-05	9.941035115803788e-05	2.3421143081584068e-05	7.126224043893818e-05	0.00013204132072479666	0.00012333424675086443	4.791985731833118e-05	0.0	8.329626831457626e-05	0.00010042455199123833	2.5002068928354407e-05	5.037869108967088e-05	0.00013634612295132764	3.192333851969782e-05	4.805884761521935e-05	9.544587761073465e-05	2.492886671256731e-05	3.7385321213144484e-05	9.650501284248643e-05	2.3073064413450957e-05	4.2792456429592716e-05	0.00013710826758366547	7.751349565741184e-05	1.1608490007303201e-05	1.3157078571250163e-05	9.735786434171194e-06	1.0279783874533152e-05	6.671962549595504e-05	0.00012209532191881072	6.028120354069056e-06	7.877724424842472e-05	1.0162085648482125e-05	8.521687433296705e-06	8.72803131135305e-05	8.276605194069855e-05	9.751884402178628e-05	1.4505235769305732e-06	6.768610530874918e-05	6.790977974154369e-05	3.0173548636047533e-05	0.0001236306224178549	7.414328682255179e-05	3.214965437753958e-05	3.451828235140212e-05	7.36883410757874e-05	5.624211867461093e-05	1.0526807451793169e-05	9.296850427635895e-06	7.160311847648632e-05	6.26607248510528e-06	7.556487583724157e-06	1.1544853773812441e-05	5.0332487824671695e-05	2.450215011012222e-05	7.695502029954599e-05	5.9870119306779247e-05	3.386944777922948e-05	2.9876549564194635e-05	9.044616310922085e-05	5.701611850279875e-05
ko:K00006	2.703394147401177e-06	2.2852945524390443e-05	2.4821129860826196e-05	2.2136954474274123e-05	9.434269875416172e-06	6.608534831073462e-06	2.439670286955478e-05	2.7294219962175457e-05	2.2197854616524276e-06	2.4302210507458235e-05	3.095635432610845e-05	2.2967226657732604e-05	2.158052605196318e-05	2.4852666330864657e-06	2.5501684329714706e-05	2.747003520280298e-05	3.0119672970613493e-06	2.869813316688609e-05	2.264558002709564e-05	1.677972330466946e-06	2.7989808819611946e-05	2.2364358990222536e-05	1.828712600755446e-06	2.8331306284360132e-05	2.6181314781629645e-05	1.8775103407113025e-06	1.9980168887146173e-05	2.7294948746996445e-05	2.350876343509997e-06	3.003789082928808e-06	1.4403345900082649e-05	2.0566947232190714e-05	0.0	2.1710982064924083e-05	2.1603318835731576e-05	1.808280944446761e-06	2.4061528269157716e-05	2.141126054085277e-05	1.8015882623600254e-05	1.7517993722339888e-06	2.1362979148995533e-06	1.9341171267383603e-05	1.274603178377255e-06	1.9094521993198564e-05	2.3206733510853515e-05	2.5251017427507902e-05	2.6453369520707458e-05	2.9901981953331564e-06	2.259718189293548e-05	1.9467043004436975e-05	2.479472440424768e-05	7.2110509872776155e-06	2.0702246433372036e-05	0.0	1.681412069230516e-05	5.9153360265536774e-06	0.0	0.0	0.0	2.305712798698633e-05	2.0459642073235134e-05	3.6818940163745844e-06	1.1211251004632025e-05	2.137264161438603e-05	2.182296446070423e-05	4.004007780012473e-06	1.772988081660431e-05
ko:K00007	6.98470896589167e-05	7.15377533482383e-06	2.2522436984606438e-06	6.312105678093815e-06	4.170481022648799e-05	5.901688753261675e-05	8.088447463519338e-07	1.7117911276558798e-06	6.262509287643311e-05	3.92131085055456e-07	3.4451771437664075e-06	9.97700347804655e-06	9.815725831400102e-06	0.0001740666517203885	5.271448205605751e-06	7.0646822309125675e-06	7.342730246702319e-05	9.599344039921097e-07	4.3783661148078304e-07	5.079035019502455e-05	1.015322517686176e-06	2.9427193954902986e-06	4.906101104336602e-05	7.369270525103966e-07	1.4948745767257814e-06	9.213332156531964e-05	3.8912439884957674e-07	1.249826164366213e-06	6.446200553735003e-05	5.034950331553967e-05	4.850329534283577e-07	1.2293272368597574e-06	1.0376201479698373e-05	3.3536836910278367e-07	1.0184333207096747e-05	5.0507424360988226e-05	0.0	6.587155558989572e-06	7.899610107237023e-07	8.014647594147676e-06	3.821667711064275e-05	6.5351585354259345e-06	2.5640247540640718e-05	1.1959860736674776e-05	4.201946066547023e-06	4.016231630610423e-06	1.4470878260809507e-06	6.0690512449336346e-05	4.319931078131343e-06	3.885478666803357e-06	8.276861791113364e-07	0.00012468472545342993	1.2720338907795059e-05	5.446819421226474e-06	1.0434876949511834e-06	9.65051021623359e-05	8.296026424204455e-06	8.14343068942735e-06	6.353470859413889e-06	4.199484248614353e-06	1.8913417144961793e-06	0.00010417361570732408	4.256697811283615e-05	2.168141326188873e-06	1.7033869913683338e-06	3.827843535139544e-05	4.984761290384012e-06
ko:K00008	0.00018400003166400795	0.00011669740770041406	0.00013434030226015478	0.00013614973654661579	0.0001492801160223791	0.00018449332942148272	0.00012204919171053366	0.00012744488493742647	0.0001737835467663987	0.00011293716596335388	0.00011454032446824585	0.00013006183751662905	0.00014331144702288512	0.00019931748344752647	7.192632314981058e-05	0.00012366391676990385	0.00021513520981021324	0.0001250964930265664	0.00011422181567772876	0.0001281536568378934	0.00010547011044021737	0.00010685887882216399	0.00012110140148588031	0.00012906388903135584	0.00012204830673010323	0.00017142730389946417	0.00010726056780432422	0.0001379331738483839	0.00016032816117523307	0.00014596818315636484	0.0001784120263919667	0.00014832970249430467	0.000783340611791293	0.00014681026454860658	0.00014832313641637717	0.00015027000476681063	0.0001296635162357784	0.00014933953492007472	0.00014841641037336215	0.0007171201770873323	0.00015279278773576077	0.00014193110017526208	0.00013736583032644613	7.638233698191506e-05	0.00012709566250516043	0.00011970486564981336	0.00013336753629621088	0.00016754587869260225	0.00011896342504260641	0.00011900440075375561	0.00013831191105168056	0.00018739485002459115	0.00015902772512920596	0.0005317990645640683	0.00017035510681769224	0.00018877912007852268	0.0007439781079937775	0.0007515627570292978	0.000785213433365808	0.0001331425358484933	0.00013286677810992733	0.00016478161012959102	0.0001506409452674916	0.00013545674160675875	0.00012466316799747038	0.00013354335204189143	0.00013605822889397841
ko:K00009	6.122380698249781e-05	2.0860584672738355e-05	2.3408297053416153e-05	4.9217947334095304e-05	5.652124170734363e-05	4.767981093914215e-05	2.4410974986958202e-05	2.529182953903367e-05	6.292065646130251e-05	1.7339062333570456e-05	2.379572520222984e-05	3.341855204637077e-05	3.142694615414204e-05	0.00012908790858646963	0.0	2.221400266097465e-05	5.493769193168069e-05	2.2589345461792846e-05	2.240175492173661e-05	3.713387813130457e-05	2.7375199332088092e-05	2.7790759966999416e-05	4.304235072432133e-05	2.9580234293604833e-05	2.9081483950530103e-05	7.263786133512263e-05	1.8276165673057334e-05	2.1144410817555785e-05	7.085109103470216e-05	8.241790246604782e-05	1.1356380602796142e-05	1.4408702953460432e-05	9.880902826284134e-06	2.1588212162140884e-05	3.918951030178677e-05	6.722542913130363e-05	7.481251060476533e-06	3.812127221769975e-05	1.5684108120204353e-05	1.0363167364788814e-05	5.7840448567893125e-05	3.752482409468777e-05	3.2587082326712564e-05	0.0	2.7679466614190223e-05	1.7742091523819018e-05	1.967231774137236e-05	4.968989998851921e-05	2.1090807950366322e-05	2.981546208125123e-05	2.253842190137271e-05	6.0749218463824936e-05	3.604952893217046e-05	1.2241872809435844e-05	1.0545606962176616e-05	7.009729405584401e-05	7.82963581002139e-06	8.174163678708274e-06	9.154910053388346e-06	2.3110507028254404e-05	2.6004897629866684e-05	6.229358722670122e-05	4.838404750335238e-05	2.270855474394899e-05	2.1961489662205848e-05	4.010784231371641e-05	2.8763029378411832e-05
ko:K00010	0.000270915648292428	0.00016001927962093823	0.0001281883452631586	0.00020256626856818519	0.00029947142708076945	0.00020738922746041846	0.00017745048203027277	0.00019781890764224172	0.0002912750377302985	0.00014601758738112943	0.00016621269085484366	0.00019368935314462553	0.00022712021237493899	0.00023015695117177952	3.5745551653104555e-05	0.00017683663045778668	0.00023839916062820847	0.00014123256899657575	0.00016231078453965027	0.0002208104584120112	0.00014686364826811088	0.0001595787368441049	0.0002067203446570884	0.00017129760002766403	0.00017035753253296428	0.000368551605035064	0.00014633581888963466	0.0001951362807693824	0.00031439148096717344	0.0002745041696923259	0.0001565627509793257	0.00014530890781298795	0.00021935162523582701	0.00015545584257927025	0.0002056626885866758	0.00023663903064180978	0.00011191363325919879	0.00019853858405506676	0.00013060589518282243	0.00019379424654312203	0.0002577555963773098	0.00018956118289244035	0.0002210758322717321	3.547891230453982e-05	0.00019680339947077566	0.00018799192443755923	0.00017882082223163008	0.00020977213332493743	0.00017143917161622753	0.00018814608725555254	0.00016313899299654692	0.00023569808433096935	0.00021172471459337565	0.00020034995241636862	0.00017653848718061403	0.00026311346273103577	0.00022440385846358453	0.0002451196456591946	0.00020718432314600395	0.00018385047890694998	0.0001860003895830538	0.00022711583488197568	0.0002281511914325176	0.0001875726718680834	0.0001871028679395789	0.00017364903181292426	0.00017989057597769714
ko:K00011	1.2644455649430156e-06	3.950852996460081e-06	7.0609406642241755e-06	1.6727583174297127e-06	1.340952550856495e-06	2.64607504546744e-06	3.0326032641506384e-06	2.8912223868091393e-06	4.5608738493714967e-07	8.7895252949318e-06	4.839267348475491e-06	1.5881195377430102e-06	1.3927337061043268e-06	0.0	0.0	1.7046874755589883e-06	1.4518294977308912e-06	5.237193101917597e-06	4.919578861428911e-06	0.0	1.024223696608815e-05	6.1683596327741375e-06	1.3079303619517388e-07	6.26661857634675e-06	6.97712749741952e-06	1.2173300922503112e-06	5.6703786808194134e-06	3.177547862845169e-06	0.0	9.45150938277902e-07	2.1843232391455843e-06	3.223657501870235e-06	1.0542348914347894e-05	5.404870891380581e-06	2.623776783335627e-06	1.073790981781829e-06	0.0	2.361836178993583e-06	2.161841283909607e-06	8.366043458922063e-06	9.543941959093226e-07	2.8831594008288174e-06	3.9333666735015763e-07	0.0	4.612971091650883e-06	7.380888262529093e-06	7.270884607243537e-06	1.141301808510536e-06	3.049192688120971e-06	5.566301428429992e-06	7.144204234142346e-06	7.609517397982019e-07	3.305767879542222e-06	8.842229277022214e-06	1.2458410280906814e-06	1.4214476552042216e-06	1.1220087318043617e-05	1.1001256147455048e-05	8.907013961868179e-06	6.332453827015637e-06	6.045130182840826e-06	1.2814163095999923e-06	6.920037474505843e-07	3.339287955837592e-06	3.943438052905192e-06	0.0	7.967908565894539e-06
ko:K00012	0.0007157650220914378	0.0003686220873204638	0.00034252717810629406	0.0005607053946239158	0.0006736462408778146	0.0007183318779223421	0.00042940145109709473	0.0004726538071040447	0.0007843522968685846	0.00029207763120529524	0.00043348661670010685	0.0005366978222392761	0.0005636584702246388	0.0008124184355771606	8.243129552465099e-05	0.00046325474664216375	0.0007248366045526742	0.00035102051208798547	0.00034673340949007016	0.0005813046438453603	0.00034775088489153	0.0004538303801506594	0.0006474799722135131	0.0003831161677666496	0.00041242614637364484	0.000789666909340955	0.00033183716520236446	0.0005255936050692818	0.0007902813596078577	0.0007135431196972209	0.00028550646594922575	0.0002468781716015146	0.0011210781305892165	0.0003047039146495683	0.000547392959877915	0.0006946979995609866	0.00020781864362174829	0.0005447043813056988	0.00028608934752515487	0.0009757876646170033	0.0007024425487864307	0.0004994827667827467	0.0006815561190085443	7.718668569888448e-05	0.00048413786138143785	0.00042123314308814894	0.0004192206662070044	0.0006523187590070548	0.00039174479324007207	0.0004370444629464357	0.0003667335363116648	0.0007368672104314457	0.0004851902328716098	0.0009281517743784962	0.000321597842089665	0.000796197069220349	0.0011328732291918397	0.0011113525136379292	0.0012553499080103243	0.0004622884852374578	0.00040238350055789616	0.0006716850316128111	0.0005990610826749692	0.00040242410256353803	0.0003756402071406249	0.0005016240788149458	0.0004795701961618488
ko:K00013	0.0005775325340777748	0.000312562921097321	0.0003262181075904	0.0004672529111735914	0.0005362020375127795	0.0005376924905587876	0.0003847807536295009	0.0004364859489212356	0.0006907302495988157	0.00027005206975913066	0.0004135392026542785	0.0004215355114671085	0.0005205308895659698	0.0006088501648241396	8.908533522473704e-05	0.00043091925502644716	0.0006411543774509142	0.00028569633638237627	0.0003267398908994957	0.0005037586458315459	0.00032320381572153073	0.00036181604922328955	0.0005315109595369705	0.0003262366066620445	0.00036093083478295845	0.0006784250752965904	0.0002807013538188882	0.0004047921587636328	0.0006444431061125339	0.0006078550000693312	0.00023865331491725722	0.000235386568598764	0.0004144472259968708	0.00028955923751774185	0.0004806546362381219	0.0006133522983625366	0.00018226977416475174	0.0004855469132764317	0.00023837866407383683	0.0003826368923327302	0.0005761901036406888	0.000508316412708714	0.0006407732414150563	0.00012171659993987633	0.0004098433412107031	0.0003382786840813372	0.00033832237648890977	0.0005835561873781471	0.0003700723464202134	0.00034133803326119567	0.0003227137130113646	0.0006235359874230005	0.0004124317503096476	0.0004068767117513095	0.00027570797296147043	0.0006154795018936287	0.00043240152905352664	0.0004216740644299634	0.0004262811509427458	0.00040891241981885074	0.00034964316407461377	0.000559598716332465	0.0004950263783880589	0.0003739948326900302	0.00033684158806099806	0.0003892233783816437	0.0004060326891588865
ko:K00014	0.0007032123451333432	0.0002540615210141297	0.000267194838911848	0.00045321737501743226	0.0005937914659451905	0.0005937355089481513	0.00029816627630942596	0.00044436587277251887	0.0007319529406920712	0.0002427594222891143	0.0003636600221820876	0.00046637039603018556	0.0004983241676731398	0.00076825929212674	9.902733187729611e-05	0.00040290208225152467	0.0006220935739196799	0.00027961211789910367	0.00025959726466538203	0.0006030055204702022	0.0002486392864941764	0.00032249179949004627	0.0006156395983334184	0.0002900980281181699	0.0003213232954137944	0.0007566371018652223	0.00023407249722933045	0.00037751588786793996	0.0007653824015363301	0.000665018683098556	0.00024289256092770677	0.00022669616239460595	0.0007986826509258465	0.00024490934465011045	0.0004820954634890954	0.0006565766278205016	0.00016439974585013404	0.00048088212066586925	0.00022894552183081772	0.0007240226924465223	0.0006125380990659585	0.0005194771346853682	0.0006496538255145118	0.00014501275657535125	0.0004024318006965078	0.00034251573635739015	0.00029971708624275547	0.0006147229359020157	0.0003464260344043469	0.00035128124243973143	0.00029085934193679217	0.0005767064835744616	0.00048597121220974763	0.0006542497754735694	0.00026273331490722564	0.0006826169522746253	0.0007667954529445588	0.0007647865999730583	0.0006447576053212469	0.00035172277780777886	0.000297751787685895	0.0005825482520530861	0.0005080202262316693	0.0003425026643171618	0.00028460990588473264	0.00048020840757579384	0.0004402217511372689
ko:K00015	0.0007127948433153377	0.0004080061667414599	0.0003684251036564616	0.0005446640183376406	0.0006469993884631932	0.0004971055046195431	0.0004427306272832806	0.0004938272441942706	0.0006991565013809652	0.00033344948765769747	0.0005045766377243373	0.0005175756502790213	0.0005824506148678468	0.0007347040545970166	0.0001099347512349963	0.0005117375106839712	0.0006422831570879458	0.00035383087224603643	0.0003712243675162261	0.0005054199905480302	0.0003961722944350112	0.00044674175673563635	0.0005081123042176354	0.0004332315585086603	0.0004735160282896425	0.0007051898268994975	0.0003341633152633829	0.000541041578109586	0.0005941613264099953	0.0006136600029128929	0.0003378589401700356	0.00034265029161521343	0.0008013090855851915	0.0003527211125873717	0.0005217018436425164	0.0006005714413664415	0.00021615093739794553	0.0005644714414089672	0.0003100015507843508	0.0007474942284198654	0.0006217879434178981	0.0005301693111975488	0.0006768201926067862	0.00019226166287590312	0.0005132947471414907	0.0004642013165611785	0.00044777957306353677	0.0005291462462096175	0.0004158053115566057	0.0004394814384606652	0.00041951406489603994	0.0006690839418577808	0.0005133685134732035	0.000571690013883344	0.000351559460419461	0.0006119239412627892	0.0007875284310370272	0.0007792962236370021	0.0008211808622248405	0.0004480320898851574	0.00046436879008149453	0.0005159743598606618	0.0005114392736565596	0.00046827535287704555	0.00040337638372232886	0.0003923515975500459	0.0004978559105916964
ko:K00016	5.37126336227756e-05	4.610766347020195e-05	3.9391934417742404e-05	6.208932803325102e-05	5.169990226902061e-05	5.304901246839658e-05	3.964894898934883e-05	4.371302104185295e-05	6.868522998680966e-05	3.686057472674291e-05	5.214469370757565e-05	4.709437329866359e-05	6.987620361102426e-05	8.391068746685326e-05	1.2365960300322852e-05	4.676987764435675e-05	4.896065045966255e-05	4.213538233050271e-05	4.091108730956366e-05	3.803119834679671e-05	4.039184133222136e-05	4.764855816307325e-05	4.7394811259735266e-05	4.3574229537060576e-05	4.12488939782211e-05	6.654828691317251e-05	3.758573260027992e-05	4.864276373012421e-05	7.176201610213659e-05	4.9584401327648934e-05	3.479792723301966e-05	3.74849383510763e-05	2.4168261263934162e-05	3.7551823869814533e-05	5.425478166236006e-05	5.736107789850087e-05	3.125403142058312e-05	5.8482347274369024e-05	3.796025878878545e-05	1.8316921893528654e-05	5.410622323625733e-05	5.141170205286022e-05	4.3359356970086265e-05	1.3013947478320145e-05	4.87108010880364e-05	3.592280890849372e-05	3.845775505191328e-05	5.02196567590608e-05	4.537077575033153e-05	4.362276174350148e-05	4.245615189660327e-05	6.932790237347207e-05	5.562414731048378e-05	2.3775471639515435e-05	4.5138561890096646e-05	8.131344087223761e-05	1.8383201544115564e-05	1.6032372922020624e-05	2.3752897331582573e-05	5.521389495615811e-05	4.2473740232725916e-05	6.342666407207989e-05	5.385584530093951e-05	4.727485945252463e-05	4.7780645942855844e-05	4.0751785027382363e-05	4.690972412552303e-05
ko:K00018	0.0004775293522208456	0.00028771228515943087	0.00023789624603046068	0.00035345573392818295	0.00041172542440776766	0.00034222660148289675	0.00028410015068145887	0.00033912308379597215	0.0004679181872042365	0.00022554376748482708	0.00028510844836167316	0.0003722470745468743	0.000376883779432736	0.00043016337476822937	0.00010439660781881769	0.0003349750067143646	0.00043539311770384397	0.00024085166875943375	0.00026876674308528366	0.0003282944336263576	0.0002914581257956713	0.00028373949330052486	0.00037055586312439634	0.0003180242661805522	0.00032127656614992436	0.0004079767540140411	0.00024040944592022847	0.0003659024901838493	0.00040451145117649875	0.0004435322948598746	0.0002320325770182127	0.00023167770975161968	0.0002295636695696443	0.00024413882261931758	0.0003958146689637624	0.0003993585654079532	0.00019733678584600843	0.0003688904266917027	0.00020567853956878716	0.00017752194380903	0.0004177137455739058	0.0003476084087053893	0.000419425286298166	0.00017224016751742402	0.0003771718539422487	0.00031419665375880066	0.0002885860410031908	0.0003397878560844168	0.00028915991482765876	0.0003113092619809874	0.00027062424991934815	0.0003657592921743094	0.0003286673466322884	0.00020438101488922265	0.0002462183764458446	0.0003966740147046101	0.0001934962817656273	0.0001738711627221888	0.00019303177180152387	0.0003056564457556462	0.0003195214812691014	0.00035003659172106827	0.0003224237441021363	0.00032903673949960977	0.0002736383732449265	0.00024392360287367319	0.00030472859152334494
ko:K00019	0.00011483637019224323	4.9677794780067814e-05	5.803695789923481e-05	7.54941522320958e-05	0.00011486408156156913	0.00010621127880087169	4.959360857203193e-05	7.799386976700817e-05	0.0001698929864170354	5.237657743598008e-05	5.4179107141063705e-05	7.61862890355693e-05	9.093640767845127e-05	0.00012401285109183793	2.061629835777211e-05	7.09725258502742e-05	9.724606066027572e-05	6.384677095328134e-05	5.23871150200974e-05	7.626380238703377e-05	5.211668007166021e-05	5.7135289589329026e-05	9.956179129874912e-05	5.633168481089569e-05	5.643238253516679e-05	0.00015966488980989206	4.1948516609885207e-05	6.782885494348973e-05	0.00012557498880977838	0.00011190573349503806	5.327292234165141e-05	5.411686834621106e-05	0.00021412344152845018	5.826747854534225e-05	8.238122455833335e-05	9.780115234427616e-05	3.328972826622672e-05	8.115705950575508e-05	5.1185013668700034e-05	0.00017172512615782273	0.00012466915171322097	8.082004362760157e-05	0.00011644016672209036	2.0459042661643297e-05	6.198738718797434e-05	5.70380426363127e-05	5.687276739821254e-05	9.140436584156353e-05	6.910367797706872e-05	5.5151288036646076e-05	5.51182938729852e-05	0.0001139650340130656	7.408816723209024e-05	0.00015828356973538938	6.856502945536734e-05	0.00013142704591958268	0.00018216818108962812	0.00017459472396909556	0.00019363952572491912	6.171000792989326e-05	5.02330665313772e-05	0.00010639278928107184	0.00010047634247528139	5.112759794283499e-05	6.149503492041303e-05	6.971125263880267e-05	7.224274329988786e-05
ko:K00020	0.0012082914915391046	0.0005886999302217501	0.0005936136360115002	0.0008516292669495793	0.0010452718861724709	0.0009368095458036804	0.000648580460600549	0.000746757463387005	0.0012650627306053605	0.0005636250668107322	0.0007138619491153642	0.0008945742399197842	0.0008622204010134898	0.0014048628236281132	0.0002282235623979455	0.0007855878549025938	0.0010763380213461575	0.0006247971340860043	0.000563829427577803	0.0008675650961511553	0.0006229699476116453	0.0007066087386462615	0.0009983223425530882	0.000672622659111468	0.0007350704665356218	0.001303640727132505	0.0005468159244265123	0.0008002291631213297	0.0012081797530751827	0.001104070766554109	0.0005855846188067462	0.0005690976825058933	0.0013640824056237186	0.0006383551450472086	0.0008207504224851679	0.0009784100085597665	0.0004986566660090834	0.0008283363212077275	0.0005810216051780172	0.0012629486531854509	0.0010596941638107832	0.0007574146676203011	0.000976278326153345	0.00033166205225806835	0.0008142895298671913	0.0006607832119986575	0.0006513550699538365	0.0010816152104529202	0.0006526121642814723	0.0006867152551421021	0.000712618873391931	0.0011683478573936495	0.0008227376126771951	0.001163805956134871	0.0006162083104697846	0.001348098902795072	0.0012454378423814613	0.0011995686198544178	0.0013747271383527928	0.0007218447142249932	0.0006856909829922752	0.0010480869840182952	0.0009172200332018578	0.0007023506055146242	0.0007038382954032275	0.0007982324667210621	0.0007069264180886305
ko:K00021	4.2701600372379e-05	3.753067730494203e-05	4.799585009230514e-05	4.679168135999545e-05	5.621641523451141e-05	4.48777469159769e-05	5.013766790476577e-05	5.35863740964933e-05	4.520470129724204e-05	4.446355171578674e-05	5.734205348578755e-05	5.089446542577511e-05	5.997341075740965e-05	5.265298282192014e-05	2.802807286001845e-05	5.123469153745574e-05	4.347988894463909e-05	4.6566788800422726e-05	3.431715551343881e-05	3.3503447981067966e-05	3.6904503189159974e-05	4.649057385235632e-05	5.507924634803065e-05	5.439511481906035e-05	4.922040390259264e-05	6.18427479490182e-05	4.222188977876295e-05	5.446684560822525e-05	5.278859962129207e-05	4.68384702086013e-05	3.691133058881101e-05	5.466564949680893e-05	0.00013290186664579633	3.837367047815493e-05	5.116139661226205e-05	4.5044811272478596e-05	3.1710849243109476e-05	5.101131219504227e-05	4.674207006066487e-05	0.00013180832138378747	3.8147361763023386e-05	5.4494311828741706e-05	3.465761643492629e-05	3.5734751818445167e-05	4.495603340907235e-05	4.3455460077778666e-05	4.470335346149947e-05	3.341095926304648e-05	4.532669717928819e-05	4.3086225241600545e-05	4.054110857438977e-05	4.647182373269596e-05	5.756934868023793e-05	0.00017230484033234426	4.621320279682367e-05	4.3415980533104266e-05	0.00014275945120349113	0.00015421749511994513	0.00015272513117590096	5.977194960353859e-05	4.1686640099700675e-05	4.3113995073990856e-05	5.087486968107467e-05	4.924760333236444e-05	4.413212163698708e-05	3.037431038187402e-05	4.8781527264932066e-05
ko:K00022	1.620528380978811e-06	5.693779370667528e-06	4.822378532575275e-06	4.588389576553128e-06	1.949952928271881e-06	1.844447361865596e-06	4.262065217991767e-06	2.356323464596964e-06	3.855096589627267e-06	4.097550408257034e-06	3.1838681099522725e-06	1.7391217448330494e-06	2.546161632187603e-06	1.0170369702870163e-06	5.565497858993863e-07	3.7473789325989007e-06	1.964796554754218e-06	3.7688665582860317e-06	3.995207833016396e-06	2.4775334649875107e-06	5.759011178479986e-06	4.7379245498261875e-06	2.0786737620841756e-06	5.81992865593048e-06	5.712254652975251e-06	2.796852298786614e-06	7.158551295867601e-06	4.281802003316133e-06	3.598360082178243e-06	3.103295878956768e-06	4.3599863235458986e-06	4.163349978643999e-06	8.715034410011387e-06	2.969368897226725e-06	4.9352307249403165e-06	1.6423283443888826e-06	1.917184021388071e-06	1.8456145601387335e-06	4.3176137470627134e-06	3.8840716863717846e-06	4.171645510507283e-06	5.571034215599059e-06	3.1302663671078904e-06	4.031304946008094e-07	5.01521909809117e-06	7.574203507474093e-06	8.162198720522494e-06	1.0612486496033749e-06	4.2465888271164166e-06	3.703424972819071e-06	3.702247298368724e-06	1.7615039331132862e-06	3.3492570174231998e-06	1.2261315126798596e-05	5.764427815972709e-06	4.532003283608652e-07	8.36571393673572e-06	8.56286966213575e-06	5.87396102428527e-06	7.478218895985246e-06	7.053014859936925e-06	3.4324297452244897e-06	3.871795483230565e-06	3.4250791901840917e-06	2.656626128443044e-06	2.184810922838899e-06	4.623581857812979e-06
ko:K00023	4.3395251925255614e-05	3.1310970416156696e-05	3.3778161288253214e-05	3.713818837872668e-05	3.979126957173665e-05	4.339368094548369e-05	3.386043389210223e-05	2.987593688482788e-05	4.9544843677670056e-05	3.4417382243845415e-05	2.90070017212087e-05	3.260374546028416e-05	3.3765522563211804e-05	5.249494163720976e-05	9.494661786767277e-06	2.977943680167112e-05	4.419588621337079e-05	2.9727039934547204e-05	2.499554388696885e-05	4.089815519184525e-05	2.200881177771954e-05	2.981658274551506e-05	4.2558057325458e-05	3.4235386137094006e-05	3.403885830134783e-05	5.358018313397706e-05	2.9933159591260915e-05	3.698408844530758e-05	4.820380612978599e-05	4.3015974648918485e-05	3.729579837134236e-05	3.982560598368451e-05	0.00018160759835593804	4.057926534318166e-05	3.147319569503638e-05	4.0125990338552836e-05	3.0133935479150867e-05	3.5492793584890976e-05	3.405585674645592e-05	0.00016812691799448617	3.5349433664624715e-05	3.0018819561645128e-05	6.020120490571741e-05	7.455003627598721e-06	3.172040462512647e-05	3.157959168700925e-05	3.2467797522801264e-05	3.7407279853436035e-05	2.9756684929846964e-05	2.9932110488517096e-05	2.7266003035755037e-05	3.67750558034148e-05	3.229430015474453e-05	0.00014440683965034562	4.083981722969191e-05	4.0564612409488965e-05	0.0001768459667707811	0.00017568652705635902	0.00018729839392558195	3.586642868908683e-05	3.4837905586353144e-05	4.7890569162765235e-05	3.388899987254462e-05	3.238437519326864e-05	3.059634966368564e-05	3.0722580435551194e-05	3.211878141117013e-05
ko:K00024	0.000606045303102655	0.00038895385160326283	0.0003978043168375083	0.0005097609536365477	0.0005323776743579477	0.0005306069760539918	0.00043282913604843594	0.00048540091454916387	0.0006432897324954106	0.0003793736250442222	0.00044546054037156136	0.00046780594857922614	0.0005074824155039883	0.000598333554774374	0.0002146119329746885	0.0004866776685665715	0.0005630442513914048	0.00038826789333398835	0.000379871276434241	0.00044798784878382074	0.0003938479064639126	0.0004326425817675015	0.0005096501950470583	0.00045339646927178035	0.0004669796637975033	0.0006359648689159631	0.0003402976178185975	0.0004893352596528562	0.0006019815213970005	0.0005257313273706398	0.0003930877461128311	0.00034668233372786935	0.0011311739069999106	0.00037421645592549134	0.00047782869676888236	0.0005024795525905275	0.00033140788915075496	0.00048306510851968095	0.00040420897389828865	0.000991549032165437	0.000521657776947261	0.000453404210113045	0.0005755383554495577	0.0002932073513885031	0.00046238511779045187	0.0004114044695895412	0.00044458077252638073	0.0004758722915712195	0.0004003498124308305	0.0004337691522291697	0.0004231654881755162	0.0005041879427193164	0.0005066813695070512	0.0009408089291234253	0.0004078917863009056	0.0005522356318439189	0.0010838391144000752	0.001058353514508645	0.0011054525681298355	0.00045661144259015495	0.0004646791351524578	0.0005283233838738877	0.0004644778831526529	0.00042218949408625764	0.0004373026384432479	0.000385506205465133	0.00042420820082955196
ko:K00025	8.966101382721715e-06	5.762793256363718e-06	9.58352661714345e-06	6.254055889667739e-06	3.954028958268489e-06	6.981020999425193e-06	1.2146176534426192e-05	7.165760873410861e-06	1.3630225577186365e-05	9.597398903980634e-06	1.0577192947051039e-05	9.072404023452315e-06	3.578574167867155e-06	2.8658628426126543e-06	0.0	6.969345547609939e-06	1.6718548058475056e-05	1.3170082077105711e-05	9.280948963771036e-06	4.925946333043102e-06	9.26029101307436e-06	1.0203411448320449e-05	3.645841810455691e-06	1.2606957308525323e-05	1.0219225572513628e-05	8.368326781734729e-06	7.0090422949662796e-06	8.120877600731691e-06	2.9530057236256207e-06	5.009436377663504e-06	4.044886400951634e-06	5.361733111810902e-06	0.0	5.14718699428091e-06	1.0434795373774521e-05	3.7946595596203303e-06	2.5868783170189937e-07	9.550698025858965e-06	3.623485830427561e-06	0.0	4.730781131851833e-06	1.3428626456970218e-05	1.4084892003303721e-05	0.0	8.591541215447305e-06	1.2532995468695027e-05	8.80227276748252e-06	6.486719079802691e-06	1.057135301363644e-05	1.1175394748590156e-05	7.865469631686938e-06	4.996730922797659e-06	9.490732675596958e-06	0.0	2.8342157037971e-06	1.3194773470339995e-05	0.0	6.341242397147269e-07	0.0	8.904235051155468e-06	9.794127427479899e-06	3.2668939145641525e-06	4.964864315117145e-06	6.920484157918952e-06	1.0626337491924814e-05	3.5002802142852737e-06	8.562853852952988e-06
ko:K00026	0.0	3.7718252113623226e-07	6.343098274071598e-06	1.9547395413435526e-06	0.0	0.0	2.2033855342018973e-06	2.02316307987637e-06	0.0	3.0329559747385155e-06	3.3014376416894826e-06	1.939376371819049e-06	4.467818814240924e-07	0.0	8.054833126787927e-06	2.6461628074091504e-06	0.0	4.0889712897158414e-07	4.602081597184539e-06	0.0	3.806042246190463e-06	7.2847412199184645e-06	2.6762267406089423e-07	1.954262915145503e-06	3.477811178803357e-06	0.0	2.3102490766210065e-06	3.8130636238051466e-06	0.0	0.0	1.0681970872220174e-06	6.541294017147074e-07	9.37907756258949e-06	9.7358406088484e-07	2.084671029473159e-06	0.0	2.5868783170189937e-07	2.9191907018362904e-06	1.5268291921728154e-06	1.2439675348072208e-05	2.707663807948575e-07	2.797589578824165e-07	0.0	9.269257673216311e-06	2.113820084713483e-06	4.264286803195585e-06	2.299651223305803e-06	0.0	5.233828940082382e-06	3.2700696565968574e-06	3.474390248680858e-06	0.0	1.5153909844212526e-06	5.762791872304679e-06	0.0	0.0	1.5094824851027772e-05	6.536099528139956e-06	1.2829887432852367e-05	3.2853710696761694e-06	3.987251544252702e-06	0.0	3.5999289859534633e-07	3.815593317043717e-06	2.6305612724135693e-06	0.0	8.03422962551629e-07
ko:K00027	0.00012431141842810656	5.8800761628963076e-05	7.777992257363789e-05	7.536137937424103e-05	0.0001051674037963415	0.00013241707155297873	6.473070234535588e-05	6.440585265849198e-05	0.0001314844553031965	7.134754782473938e-05	6.436673198381009e-05	6.225405036383135e-05	7.757105183060179e-05	9.754597360773071e-05	3.859006837396607e-05	6.07931194806584e-05	0.00011709020232231333	7.68973592346933e-05	5.555220338197634e-05	9.156295704259009e-05	7.054989706413275e-05	5.786650446275499e-05	0.00012236941101442396	7.2515916926709e-05	7.651746035139966e-05	0.00013843118124878476	5.958379284499425e-05	7.333019767900295e-05	0.00013373518158678912	0.00010304365277497791	7.045554562470074e-05	7.204459957783789e-05	0.0003335870347150092	6.664381124328481e-05	7.457051706386747e-05	0.0001110706388114629	5.753886465247299e-05	9.739559275989402e-05	8.681005517168625e-05	0.0003240412551628762	0.00010267881861468713	8.346247521956294e-05	0.00010591651933124684	5.0667639402904275e-05	6.435282320063477e-05	5.7824843175163025e-05	6.545370680014803e-05	9.835330133458059e-05	6.333843850450157e-05	7.121995406912592e-05	5.7962421950824946e-05	0.0001231123040643953	9.588437107751357e-05	0.00024792068485594436	6.911800098214102e-05	0.00011944988606113842	0.0002994851775871253	0.00032997958091964853	0.00034368419145886295	7.579343854505448e-05	5.449880523268096e-05	9.11711452926728e-05	8.804588341703397e-05	6.34903402810447e-05	6.941704783797848e-05	8.623176902721677e-05	7.550571512713218e-05
ko:K00028	0.0	2.5680727249737925e-06	3.442162097352305e-06	8.537282311429535e-07	0.0	0.0	9.223133186641026e-07	2.933977791783711e-06	0.0	2.8363855522101723e-06	5.216868535596151e-06	1.0505030365730169e-06	4.881505741485454e-07	2.8384865761422466e-07	0.0	1.2905774590125738e-06	2.528759470264608e-07	1.0780687414838512e-06	3.2757190501604857e-06	0.0	2.6878946940006274e-06	4.725239994390129e-06	2.899245635659687e-07	7.525869567381522e-07	6.056131935028755e-07	0.0	2.6095305160911377e-06	1.727182267094201e-06	0.0	0.0	0.0	8.991318061042153e-07	0.0	1.2100084332547033e-06	1.8936568940745536e-06	0.0	3.501038323785104e-07	1.9772641666956796e-07	0.0	0.0	0.0	1.4643162794843779e-06	0.0	0.0	2.391461937468393e-06	4.024745670415208e-06	1.1774110153365776e-06	1.0508408189416952e-06	3.505308612238088e-06	1.40160367933396e-06	1.3205497127979222e-06	0.0	0.0	2.4989686391726346e-06	2.843653927054534e-07	0.0	0.0	0.0	1.9914274265570634e-06	3.7469722167323903e-06	2.75700189158074e-07	0.0	7.478980666036879e-07	1.2480263640757545e-06	1.117091887093819e-06	0.0	0.0
ko:K00029	0.000891805813202715	0.0004900710406009489	0.00048744212537160105	0.0006377182579776208	0.0007651980773302468	0.0007355651182805856	0.0005292553036400165	0.0006751768380546853	0.0008949706213186073	0.000435063176046983	0.0005873837301893	0.000676881999161228	0.000723949855795621	0.0009773030030215484	0.00013623781957639518	0.0006184755350528941	0.0008705294747335725	0.00042451758183826357	0.0004458381124030035	0.000646403222889599	0.0005081619449027561	0.0005238021822587284	0.000675974779732621	0.0004939962477423648	0.0005855688517293184	0.0009608706826567471	0.0004142843153697584	0.0006072154126078206	0.0008183172517599246	0.0007461470388861131	0.00035287710157120216	0.00037806805313678736	0.00028781600837226944	0.000416716552866812	0.0006516869328693609	0.00070879009048511	0.00040557185613345403	0.0007134191363638091	0.0003468485372887219	0.0002703480418391265	0.0007955795217745109	0.0006364851275688074	0.0007737422261217299	0.00021093407119404526	0.0006562151025618372	0.0005268356446280866	0.0004808043251729263	0.0006938797135430697	0.0005694104482492421	0.0006088849360046202	0.0005351908709235528	0.000810128784031235	0.0006963742460004802	0.00024026136596758883	0.000363427505227613	0.0008316086970169094	0.0003044954184479147	0.00026809865175911703	0.00028723887872873094	0.0005914832370204419	0.0005145655670493007	0.0007132506477077985	0.0006752491448236717	0.0005276328422484609	0.0005098131763787243	0.0005270313638609799	0.0005922058492024946
ko:K00030	3.7206396232693204e-05	2.3556280293557003e-05	2.778972238536304e-05	2.007002732390302e-05	2.6871878191711294e-05	4.148623671665041e-05	1.9608603078525804e-05	1.7678208930611014e-05	2.5707758594807508e-05	2.6584444327240106e-05	2.233572641828687e-05	2.0456982518141612e-05	2.3153924899348424e-05	2.656368667325634e-05	1.4368354959057985e-05	2.329851596149109e-05	3.576576135180592e-05	2.7538980940922667e-05	2.023478594487567e-05	2.954753344542622e-05	2.8649995778981163e-05	2.0054079871519312e-05	2.4979098049105408e-05	2.2012449061449432e-05	2.52388697494013e-05	3.111429443276178e-05	2.6527786527466246e-05	2.6866980103997046e-05	4.362965442941803e-05	3.534715996549714e-05	4.21120519282266e-05	3.286322373063743e-05	7.225907672294789e-05	4.324607213790772e-05	2.6356554321826663e-05	3.132902336238901e-05	2.811811975436446e-05	2.738217219730066e-05	3.7213934228303974e-05	6.126236943936029e-05	3.847563455278576e-05	2.4209444904348932e-05	3.974712385059501e-05	1.6871973271060406e-05	2.2367454081457857e-05	2.1574619105807582e-05	2.4435248055810233e-05	1.7433993699654477e-05	1.9609659525089152e-05	1.758509760852851e-05	2.0842399740798495e-05	2.0424295488035532e-05	2.2398984463157405e-05	6.025504327436421e-05	3.725981576099476e-05	2.816467686882465e-05	5.591719146479942e-05	6.038234189149821e-05	6.169754096472316e-05	2.2072202264105416e-05	2.793659728471112e-05	3.0413307916354596e-05	2.6896848492616088e-05	2.6889205212094177e-05	1.9887407576995406e-05	2.9990573666663393e-05	2.6856647160201965e-05
ko:K00031	0.0008845294540561523	0.0005271418218143564	0.00048016494670727507	0.000706539908539729	0.0007535306230346843	0.0007839304331596906	0.0005606071743392319	0.0007543493676483852	0.0008252941133075001	0.0004742995896451138	0.0006898517984464599	0.0008420439472862127	0.0008793024451630058	0.000851721849688128	0.00018046647642870587	0.0006353799150226463	0.0007172763863016744	0.0004969618653452853	0.0005449643360279582	0.0006178257338684311	0.0004899528167357549	0.0005830262036525496	0.0008659642567925608	0.0005301406039513381	0.0005686847809221724	0.0008824672290329187	0.00044887516536431393	0.0006339593665640463	0.0009568857642878824	0.0008276720067733424	0.00043414658150268926	0.0004216042808731019	0.0010609555448712119	0.00044862791449329093	0.0006690495958872866	0.0007484244843089809	0.00033700104799445246	0.0007352033014557392	0.00043528225736944856	0.0009555962068656803	0.0007607092076038749	0.000667954363778568	0.0007933199000612718	0.0001971007976500947	0.0006345606988630454	0.0005718469097833487	0.0005246372539960638	0.0007744979114062745	0.000598575104461168	0.000533297697165608	0.000518094820240695	0.000826897845969186	0.0006767637306563196	0.000860377716729526	0.000430699183473537	0.0008378010563063464	0.0009966364471967648	0.000985459310661992	0.0010608235924141785	0.0006028907008803907	0.0005383757183108082	0.0007541181661207569	0.0006793655095705913	0.0005843230766550731	0.0005350026602140523	0.0006100308458453059	0.0006566569028718376
ko:K00032	3.3597028181516376e-06	0.0	1.2889214972802157e-06	2.1439389767287446e-06	4.05895187000133e-06	2.297891476456633e-06	1.3118904673058517e-06	5.2329769877447725e-06	7.736228384330938e-06	9.819091273819513e-07	2.907410810874819e-06	4.700469871691238e-06	5.857422178832173e-06	7.229422998776404e-06	3.445134412387021e-07	4.447323550719032e-06	7.63292120737907e-06	2.1948136839261127e-06	1.5992168418750247e-06	6.227096920663994e-06	1.1269332493919564e-06	2.270511053789403e-06	4.44937018158072e-06	1.4815415991910419e-06	2.4516977096013623e-06	4.047092171647834e-06	1.8852547107089177e-06	2.517941027307833e-06	8.618637224003979e-06	7.77009868231476e-06	3.6209584109686273e-06	3.3930698254319333e-06	3.797195352526108e-06	2.4958340402792e-06	4.704941763649471e-06	6.438809137235461e-06	1.4154673648049507e-06	4.3005387826079105e-06	4.4943216191911144e-06	1.7721691323762446e-06	3.855457348196376e-06	2.3841939355545975e-06	6.331835810703343e-06	0.0	2.0604055409044533e-06	1.9536084497833884e-06	1.019796459691759e-06	3.1605470417774428e-06	2.028534301062132e-06	3.41231543672842e-06	1.9897408606470114e-06	1.0197866765973148e-05	4.188745426849266e-06	2.045413624204296e-06	3.2105703309341003e-06	4.943849309712736e-06	2.0550262731111084e-06	1.9737879561013005e-06	3.62472133039903e-06	2.0816916220271574e-06	1.8676462724827972e-06	1.0316046705833614e-05	5.91646644585595e-06	2.2110584306827683e-06	1.0305789213624077e-06	6.1260445038590765e-06	1.8506316619708189e-06
ko:K00033	0.0001421987125641583	9.677912512945387e-05	0.00010372935150377664	0.00020281257299252796	0.00015049762407141947	0.00017598630397906988	0.0001231195400360698	0.0002675525543774259	0.00014278896851610602	9.796280162185977e-05	0.00020672397275439789	0.00019111343933327573	0.00016914234866054157	0.0001395044853943508	2.088383114011615e-05	0.0001616877143776335	0.00012243403140683906	0.00010519425281846779	0.00012586547170472532	0.00014635404278030972	9.532060901949543e-05	0.0001739165768163825	0.00017249358167170352	9.709012063332403e-05	0.00013580931681995626	0.000135558715436375	9.843134207939132e-05	0.00014235292728850758	0.00022507297057945282	0.0001599455059483729	6.816860750927867e-05	9.422179645171422e-05	0.00016754694467656475	7.248365003037461e-05	0.0001787004066042472	0.00015648843579144184	3.504481756874951e-05	0.0001326888089089102	6.679700115673671e-05	0.00014204334541650568	0.00017363326387506107	0.0002589431165583351	0.00022984243962769404	2.4121077380063198e-05	0.00016043671462363663	0.00013872837132951674	0.00011726481443767687	0.00016467991458308804	0.00018256291690035698	0.00011876248220054818	9.792400138712187e-05	0.00014955007181571288	0.0001508441352254916	0.00019079647101188693	7.167967193155716e-05	0.00014678019981676903	0.0001479019957534074	0.00015373576920869197	0.00015708124283735309	0.000118414144523817	0.00010454664922515245	0.00017832300752068287	0.00017763242855506635	0.00012750927846037467	0.00010527047928241027	0.00010913660486993354	0.00015152109086884446
ko:K00034	4.4746833844114004e-05	4.633974761998379e-05	5.9553637607150994e-05	5.8869752354997795e-05	4.8498453192791104e-05	4.242141488313378e-05	6.204643077663483e-05	5.2324105739884326e-05	3.4818485839298714e-05	6.348424900190516e-05	6.109559834966385e-05	5.1739263981968196e-05	5.5306362012212046e-05	2.8262928844377438e-05	2.636475482129303e-06	6.608037010840801e-05	3.1832449051931405e-05	7.181333176066162e-05	5.553134273761392e-05	2.645045036878665e-05	5.1753153026660155e-05	5.1953276137877445e-05	3.209243769841761e-05	7.433746749630479e-05	5.980597205932914e-05	4.060159597720619e-05	5.9415648898807096e-05	6.147460608793706e-05	4.295889669026146e-05	4.155333162740467e-05	6.830018957290001e-05	6.838155013060877e-05	8.19790258465515e-05	6.648211361416372e-05	6.577954236727323e-05	4.055056768475588e-05	4.394910481607307e-05	5.714967094713606e-05	6.571033345460538e-05	8.306081688967893e-05	3.743947589631593e-05	4.846463783044932e-05	3.596481506791786e-05	2.773376686702368e-06	5.594145748792099e-05	5.2291603827190334e-05	6.0118975717538296e-05	3.5360526643674e-05	4.843864029610101e-05	5.203192801700453e-05	6.529624311128632e-05	4.031130550714265e-05	6.506542752236368e-05	6.871023278229254e-05	7.527014962350476e-05	3.674857325518837e-05	7.178872233543564e-05	7.275602050573846e-05	9.245061013055422e-05	6.442720337980468e-05	4.862405383923517e-05	3.0182375910729157e-05	3.918093404965687e-05	5.6194441344826236e-05	6.0066859269605316e-05	3.092517164090767e-05	5.5251105979705795e-05
ko:K00035	0.0	1.1852085818796247e-06	1.2737232977702112e-06	5.203953613289559e-07	6.546135971783331e-07	0.0	9.241360056493866e-07	5.550967351406867e-07	0.0	1.1118470920684835e-06	8.231730976981836e-07	0.0	0.0	0.0	0.0	3.509269797619487e-07	0.0	3.110039871396812e-06	7.19256060649308e-07	0.0	1.4108924441034748e-06	7.645472131404953e-07	0.0	1.7348511264491026e-06	1.4951580780608935e-06	0.0	6.907513971578345e-07	1.7169336885792268e-06	0.0	0.0	1.1525368020285137e-06	2.1668850151467695e-06	4.186356067141302e-06	1.3964270114533252e-06	0.0	0.0	5.883513861812152e-07	0.0	1.175307283909045e-06	4.030129715154176e-06	0.0	0.0	0.0	0.0	3.3361891350365973e-07	0.0	1.0930509527936008e-06	0.0	0.0	5.976123562080936e-07	1.3204262135538429e-06	0.0	0.0	2.247480879698906e-06	1.3806471698670675e-06	0.0	3.3253106298489274e-06	3.3365954329296203e-06	3.920465380862878e-06	5.131122201202592e-07	8.648890430929108e-07	0.0	0.0	6.996525057534426e-07	8.187333927837555e-07	0.0	0.0
ko:K00036	0.00014886036330933794	9.836233972441904e-05	0.00013716707675734464	0.00023923585095772567	0.00013060869468337625	0.00015216048076687011	0.00010135776082734783	0.00018303332650731815	0.00015595452174106206	0.00010196458039667626	0.00013546999269123535	0.0001410434882193345	0.0002780129739012801	0.00017120175512966255	9.623434591363355e-06	0.00023565743117277572	0.0001667756635691847	9.450722355782596e-05	0.000110345348313583	0.00015724244594312518	7.135584923177224e-05	0.00015096794225209762	0.00023007167924366927	0.00010021119566764541	0.00011198877261561087	0.00020098467087930445	0.00011721686063802039	0.00011682407641407874	0.0002036662335549772	0.00016258153439105037	4.2016323069705495e-05	5.0617224837172724e-05	0.00023128189678637477	6.328985717500382e-05	0.00021185204509378147	0.00016211047137570415	1.8909384199052785e-05	0.0001001398795936449	4.6916928884625084e-05	0.00018321450451180246	0.00017904352736443412	0.00013617129484978414	0.00018513530248517575	1.795346885525468e-05	0.00013171155840086067	0.00014469968954451153	0.00010103545416309691	0.00015982149873230468	0.00011598065595451726	9.498280767764943e-05	0.00010298118886624274	0.0001859179799856039	0.00012393452147714312	0.00022743905022094612	5.2332035702839265e-05	0.0001615959876681955	0.00019778582619902688	0.00019807817087930048	0.0001995046148618681	0.00013590117715838273	0.00010377505600895325	0.00017060204325610053	0.00015056743070338992	9.996773604419921e-05	7.805791290732691e-05	0.00013237924508583912	0.00013973034743154677
ko:K00037	0.0	0.0	0.0	0.0	0.0	3.0943758374804e-07	0.0	0.0	0.0	0.0	5.141487025366139e-07	0.0	0.0	0.0	0.0	5.550900082339568e-07	0.0	0.0	0.0	0.0	0.0	0.0	0.0	0.0	0.0	0.0	0.0	0.0	0.0	0.0	0.0	0.0	0.0	0.0	0.0	0.0	0.0	0.0	0.0	0.0	0.0	1.1793186195252495e-06	0.0	0.0	0.0	2.484057374955718e-07	0.0	0.0	6.558284904694707e-07	6.663813631623475e-07	0.0	0.0	4.612801050294386e-07	0.0	0.0	5.53257543713264e-07	0.0	0.0	0.0	6.407283656816445e-07	0.0	0.0	5.761989293326024e-07	0.0	0.0	8.090361408266205e-07	7.218130024400777e-07
ko:K00038	3.630088229957058e-05	4.139270202724312e-05	6.456548749102932e-05	4.8530711739862926e-05	3.9506514296052425e-05	2.731005451781821e-05	4.5759065682534756e-05	4.5213335629899506e-05	2.6857372559652854e-05	6.742333276306101e-05	4.997142983639635e-05	4.724747018953054e-05	4.678006700631135e-05	3.3500108009346876e-05	4.672097530078243e-05	4.784338465110064e-05	3.7355353921045585e-05	5.4275214716255644e-05	4.598177230809878e-05	2.537813824148028e-05	5.206096870040156e-05	4.550724736824058e-05	3.0412098855170594e-05	6.094124897221914e-05	5.604921887064277e-05	3.139292664901167e-05	5.597250539255289e-05	5.3473543482774234e-05	3.434763602889224e-05	3.319618687086895e-05	9.79299786353292e-05	0.0001030612922599954	0.00027579777202241165	7.99699316204747e-05	4.384065149769989e-05	2.496495710864067e-05	8.806424810405948e-05	5.9022146126862704e-05	9.012980295729273e-05	0.00025716608447133273	2.7847986187484512e-05	4.40546757701929e-05	2.609113558761554e-05	5.9231257044360415e-05	4.706383124215345e-05	4.305687100100213e-05	5.761795719155592e-05	3.4557300117026494e-05	3.905135508435219e-05	4.542017570606848e-05	5.74508308877246e-05	3.200348368884152e-05	4.587451300057484e-05	0.0001987856127285947	9.651099373547905e-05	3.131996025176407e-05	0.0002552177526523643	0.0002565634488324956	0.0002754509551153249	4.7743222844320355e-05	5.998111989774169e-05	3.02677589531053e-05	3.596769200944756e-05	6.0207207708117404e-05	5.112204053361624e-05	2.0532955674381905e-05	4.555352271257017e-05
ko:K00039	0.0	0.0	0.0	0.0	0.0	0.0	0.0	0.0	0.0	0.0	0.0	0.0	0.0	0.0	0.0	0.0	0.0	0.0	0.0	0.0	0.0	0.0	0.0	0.0	0.0	0.0	0.0	0.0	0.0	0.0	0.0	0.0	4.247639858325754e-06	0.0	0.0	0.0	0.0	0.0	0.0	4.047598971212105e-06	0.0	0.0	0.0	0.0	0.0	0.0	0.0	0.0	0.0	0.0	0.0	0.0	0.0	1.7209805623675783e-06	0.0	0.0	3.5661622202543653e-06	3.733715520069244e-06	4.044620408794765e-06	0.0	0.0	0.0	0.0	0.0	0.0	0.0	0.0
ko:K00040	0.00012480260934843532	2.0497411545251803e-05	2.4372622884971026e-05	3.698903651132667e-05	8.946438235958117e-05	0.00012485950711477073	2.3044237324706946e-05	3.9584951801714856e-05	0.0001139317483837815	2.318137430467612e-05	2.6031879373161022e-05	4.727044066544976e-05	4.551614427771605e-05	0.00021918353076638364	2.7824839961361428e-06	3.513132085894125e-05	0.0001173075735766095	2.1008055238008503e-05	2.55025594651739e-05	9.144624509185762e-05	2.1570233875049845e-05	3.2775148180574646e-05	9.774700625962572e-05	2.0480144846350324e-05	2.377991322075289e-05	0.00014136571217344574	1.9535064705913115e-05	2.9447127903645314e-05	0.00011784948534438332	0.00010281553855391557	1.2990331398694712e-05	1.1252246600624794e-05	2.8816891393822596e-05	1.679171061470837e-05	5.000042240256101e-05	0.00010441266226855886	6.577965690382271e-06	3.839134751230832e-05	1.2458130492660472e-05	2.010402361394063e-05	9.257152554775979e-05	3.97434741908588e-05	7.64026877945781e-05	3.0056129352816373e-06	2.919809643823004e-05	4.218024825545476e-05	1.9349201333665757e-05	0.00010389999847091683	2.4662652703375365e-05	3.245436561511723e-05	2.976896911673559e-05	0.00017833207040342814	4.7068180086296e-05	1.4274453598135553e-05	1.642722929309353e-05	0.000150195428896333	1.8906856689010325e-05	2.1147242855896095e-05	2.6764324735098248e-05	3.093767750245511e-05	2.9246133953279025e-05	0.00015360214102048386	8.351773987071375e-05	2.2473009122986946e-05	2.7265095114682417e-05	7.758003289959143e-05	3.7526233584023935e-05
ko:K00041	3.3097759594292193e-06	6.739484225064064e-07	1.8943588051424362e-06	1.300857872757857e-06	3.127543794328592e-06	3.8440303211092886e-06	7.979789350457054e-07	6.158584445793025e-07	3.7611287139137255e-06	1.607152651456699e-06	1.2468995666352e-06	2.288386541748434e-06	2.865550527604665e-06	3.4835827813647287e-06	0.0	2.8348323351809606e-06	5.156468679671169e-06	2.0254091762921285e-06	7.640518916101361e-07	2.551798180472224e-06	1.4317263762924154e-06	0.0	5.398215480533738e-06	1.3961387785820964e-06	1.8217056652629342e-06	3.5593293041603187e-06	1.5715587463730634e-06	1.9868588979354423e-06	3.4791153539967985e-06	7.161342330424094e-06	2.2843942313849375e-06	1.8590421645120259e-06	7.859420361856433e-06	1.6499662521241581e-06	2.987695949702371e-06	7.767530842827151e-06	0.0	1.2126292104920816e-06	9.235013235712725e-07	8.031657890440328e-06	4.2410301433402035e-06	2.1555846383107736e-06	6.966140361085592e-06	0.0	3.9828779709947783e-07	1.2828492888242025e-06	5.212404748161989e-07	2.1482501562948783e-06	5.336818919481265e-07	1.9509008450021606e-06	1.3406320322917424e-06	3.0184290162569898e-06	1.3740130176587172e-06	6.102880105133673e-06	2.172015012634899e-06	2.7949423112061517e-06	6.142703807071297e-06	4.850712391659195e-06	6.815458047593468e-06	1.1895177770159401e-06	1.7299080592687496e-06	2.932787545387162e-06	1.7311540024256983e-06	1.5466125241787973e-06	1.424916988158127e-06	4.509553295927394e-06	1.2870559670187499e-06
ko:K00042	0.0006512856876207628	0.00031184911488413503	0.000303375544278409	0.00044072957843914283	0.0005905638037260155	0.0004937828953203388	0.00035296800494464295	0.0003980790771272789	0.0007192143028892286	0.0002846860419469736	0.0003914700295627165	0.00048826025476993135	0.00046330481277823745	0.0007310569218659296	0.00012262567096451568	0.0004180139142777488	0.0005824461941593971	0.0003106036188206578	0.0002877517707765828	0.0004869069149547326	0.00033019524604818414	0.00035400002915851733	0.0004906154099380977	0.0003302652246976348	0.0003782556996230192	0.0007124579415730254	0.0002699779364711642	0.00040251126242096385	0.0006175489760984656	0.0006374042256820985	0.000281811593144546	0.00030308999253670385	0.0004986271029678766	0.0003117204779815022	0.00047177393229097303	0.0005656563693014475	0.00025014752415282335	0.00044192751113614654	0.0003012792520178482	0.00048789925475832866	0.0006133729144008037	0.0004333757023879373	0.0005823865295579427	0.0001415285886337035	0.0004298995181360369	0.0003727076991984539	0.00034398182651436084	0.0005854082720057225	0.0003813751375536135	0.00035053600444519435	0.0003523049969933558	0.0006167784438958006	0.0004706870499241396	0.00039349874321867686	0.0003131426055061754	0.0007119458283606741	0.00045955531081844076	0.0004813150452205112	0.0004926937186241082	0.00039300956567334453	0.0003744682617065094	0.000610198320119028	0.00047557348256328173	0.00037988181761602056	0.0003680076238516757	0.0003879531333130479	0.0003828192906863588
ko:K00043	0.0002541558234272077	0.00015272506865996583	0.00014298115059322746	0.0002344653884867507	0.00022114439221852244	0.00022894507951785658	0.00015435460481357896	0.0002347836520840162	0.00024332793216502247	0.00013478850624723489	0.00019300944704997132	0.0002446560816999731	0.000251696923967112	0.00028785661212234903	4.6073312903308614e-05	0.00023100737436471623	0.0002409745207585206	0.0001448995035679755	0.00015705845596021724	0.00019724057266906945	0.0001483694655700124	0.00019153494490260366	0.00021077389750389508	0.00017419032431745832	0.0001915407524337953	0.0002954996270264946	0.0001396455791767623	0.00023801849204061918	0.00027997868876012837	0.00022450622080843262	0.00010822428474168608	0.00013080901437789708	0.0001667317244826313	0.00013092995609397318	0.0002004670420886071	0.00021055726060203723	8.886833460298694e-05	0.00024050977299817092	0.00011860622962055507	0.00013285323698233772	0.00020777929570340662	0.00019773721216573314	0.00022808611652549093	5.6984561205315904e-05	0.00020524420287368808	0.0001999223003187675	0.00018535996349804294	0.00025001306474928774	0.00017521243830687796	0.00020100231432292436	0.00017629422533795816	0.0002761277155647284	0.00023050592004555807	9.659867177562815e-05	0.00013058105366516083	0.0002868996246987638	0.0001401411877169914	0.00013440804623171825	0.00014130553267552775	0.00019307888367959124	0.0001703849998164381	0.0002293727314251923	0.0002089853740278897	0.0002190182524123059	0.00017477839761116104	0.00017181409746232497	0.00019362352371028968
ko:K00044	0.0	0.0	0.0	2.1700986261180058e-07	0.0	0.0	0.0	0.0	0.0	7.061818073786542e-07	0.0	5.224628171604136e-07	0.0	0.0	0.0	5.448110139542709e-07	0.0	2.7123385534147846e-07	0.0	0.0	0.0	0.0	0.0	0.0	0.0	0.0	0.0	4.3544939449745575e-07	0.0	0.0	6.25804050601767e-07	0.0	0.0	0.0	0.0	0.0	0.0	2.9658962500435195e-07	0.0	0.0	0.0	0.0	0.0	0.0	0.0	0.0	2.1835587134168788e-07	0.0	0.0	0.0	2.535316116151447e-07	0.0	0.0	0.0	0.0	0.0	0.0	0.0	0.0	0.0	0.0	0.0	0.0	0.0	0.0	0.0	0.0
ko:K00045	5.129222947382358e-05	8.946475902937003e-06	1.1624919506447143e-05	2.115693473639408e-05	3.0055137438074867e-05	4.093052518332815e-05	8.134308031952701e-06	1.2415037012220482e-05	4.2675204857339134e-05	1.1668937615020718e-05	1.2049074038856969e-05	2.335852153250599e-05	1.564278348009137e-05	5.505245692226477e-05	2.7824839961361428e-06	2.035198786933248e-05	3.6653424589982154e-05	9.619753057027009e-06	9.052399455537215e-06	3.1292952525878144e-05	1.3657148275962851e-05	1.9374590175353803e-05	3.6215489160510415e-05	1.0444595866624761e-05	9.218718680719627e-06	5.783195203653579e-05	9.960357450808371e-06	9.400871010747302e-06	4.274439536567674e-05	3.6142438401196903e-05	5.3544999098238655e-06	5.828536938153464e-06	2.424294293688741e-05	9.57963547325903e-06	1.915199926151342e-05	3.7614389087036844e-05	4.69310430862649e-06	1.688582040016296e-05	4.253439174863005e-06	1.615920520105671e-05	3.905726359178617e-05	1.5705746572695717e-05	3.847414314277096e-05	2.5962323554932184e-06	1.893855766089993e-05	1.800273235121579e-05	8.653296226133041e-06	3.769168316249724e-05	1.2960240075638725e-05	1.4672682157885036e-05	1.2936691611599324e-05	5.866619055912578e-05	2.0435425277620445e-05	1.037042869002457e-05	7.665186569062747e-06	4.530396773185826e-05	1.5957420152061962e-05	1.7963006026878934e-05	1.9941239223985115e-05	1.3833390885133483e-05	1.367925533426273e-05	4.8283796329577134e-05	2.7466362943982717e-05	1.0842855124248535e-05	1.6471608085738706e-05	2.2324560635130844e-05	2.0134360180629307e-05
ko:K00046	0.00039801418468983426	0.0002576464622592814	0.00027437766999085324	0.00029549029603853367	0.0003778069640385928	0.0003622573977384165	0.00026297467831166933	0.00030549303300672593	0.0003800120721846416	0.00023853565069410434	0.00028857614226259024	0.0002810809919065389	0.00030810742432989485	0.0004806150539946447	9.492250815414265e-05	0.00028945495933292015	0.0003557541543201407	0.00024270680465563355	0.0002549163047261489	0.00028042324268084685	0.00024162528100388155	0.00026416854572338815	0.0003684249950974855	0.0002608794714920153	0.00029290796498911766	0.00040025685574982407	0.00023634789211337865	0.0003194834796865336	0.00040155396112754243	0.000365673703699271	0.00026405846469078044	0.0002569891463840364	0.0005141136723278143	0.0002667278286695872	0.00030986592741527407	0.0003239328008018796	0.000229727551907965	0.00032526888752591916	0.00026849475960006984	0.0004459058235395665	0.00037459709839039886	0.0003077674714466421	0.0003534768564442233	0.00012536144386658115	0.0003157754775701488	0.0002524912057838313	0.00029421329350357565	0.0003351019758041911	0.00026941486917680745	0.00028230364753045175	0.00029428358519118387	0.00038089070592039434	0.0003119116942424185	0.0004248791424116983	0.0002813885823266704	0.0003835394458860556	0.0005031304476274509	0.000494804304611397	0.0005177025271399337	0.00029473951859353533	0.00026474328578655817	0.0003550384163101531	0.00031784575960110053	0.00029012083706992585	0.00027529909812670875	0.00025509012971912024	0.00029182158368861165
ko:K00048	7.982515668798038e-06	2.494039950504146e-06	2.1834981887867214e-06	1.2582034602437328e-06	5.828426550785293e-06	6.6175900849544765e-06	1.6655519439678474e-06	5.988681668510748e-07	3.114080712766296e-06	2.8028433646517917e-06	1.4679205987639015e-06	0.0	5.407206359799272e-07	3.8432319578602844e-06	0.0	4.5529188080639436e-07	5.57622152076344e-06	1.0652886143107037e-06	1.628517702641507e-06	2.2186475730137553e-06	2.618987033422929e-06	1.091440484572918e-06	4.851479543001011e-06	1.8454335315514694e-06	2.1475788693414812e-06	3.5830396005878357e-06	1.8252064767575953e-06	1.1834845202077617e-06	8.825106125320482e-06	1.963434687995217e-06	2.414795948181553e-06	2.8675896332336382e-06	8.83901219561072e-06	3.390188395042161e-06	1.2015620660213407e-06	5.311178911180686e-06	3.4747615692982496e-06	8.783238098033141e-07	3.4435223085083224e-06	7.302683831532246e-06	5.521712406201434e-06	1.0096167677778538e-06	3.402507186198441e-06	0.0	8.686542695816876e-07	1.5399410485351943e-06	1.9886892171115223e-06	5.582112815045272e-06	2.523483832250395e-07	1.103354047405682e-06	2.6213961137985435e-06	2.623823990953554e-06	8.082154060108821e-07	8.101026625376558e-06	3.13563333073387e-06	2.6692156196063348e-06	7.851693309269572e-06	8.429624779666129e-06	7.402843622850582e-06	2.0142770230619737e-06	3.0601887569757945e-06	1.445599392398176e-06	1.0086344572820295e-06	1.0707975272208825e-06	7.803488431966727e-07	2.355068864029703e-06	1.5244498091358223e-06
ko:K00049	0.0	7.891823707820183e-07	1.8925620478510813e-06	2.2067973076958713e-06	3.1252386888791547e-07	0.0	1.905027286004197e-06	3.1287994254525027e-06	0.0	1.568085277540707e-06	1.2332932399283763e-06	1.8390184597797388e-06	2.9885316874592025e-06	0.0	0.0	2.0842249757117317e-06	0.0	3.915743934585023e-07	9.276634390598282e-07	0.0	3.942111569918031e-07	1.6119563345713468e-06	0.0	1.1369189845769725e-06	2.0554450929770126e-06	0.0	1.8299532997707317e-06	1.5277497434249496e-06	0.0	9.358365039906018e-07	2.257622241230562e-06	1.7445268458227543e-06	6.341940492983697e-06	4.857436532602443e-07	1.5436885756236681e-06	0.0	4.633214896153421e-07	2.552496645022066e-06	1.3680818572320758e-06	6.233044163243845e-06	0.0	3.1170716232266006e-06	0.0	0.0	3.0647238516640085e-06	8.085921382772018e-07	3.3174484154351994e-06	0.0	2.27701501191884e-06	1.3293654617703772e-06	1.2731936827834777e-07	0.0	3.0835140226832198e-06	4.772688224011638e-06	1.4898358990952611e-06	0.0	6.102600683742674e-06	6.268872208602762e-06	6.476681774006355e-06	2.381468861293803e-06	1.0680958386555058e-06	0.0	2.1828055272242036e-06	2.056055975741296e-06	3.1056532856354475e-06	0.0	1.7618168846956369e-06
ko:K00050	0.0004272689418893405	0.00019574771040721498	0.0001671519763379621	0.0003005784523174356	0.00040313609113157967	0.00030088737489978386	0.00023437635384978577	0.0002739729019304671	0.00043925654428026854	0.00013304840763253586	0.00028744509905761004	0.00028238825781299654	0.0003366750649845657	0.0005233065776452982	1.2464937764992844e-05	0.00027753496990408545	0.0004037543570260184	0.00015268663042375882	0.00018829564269239667	0.0003040472080876887	0.0001954956508836126	0.00023794513387647714	0.00030051478944134963	0.00018259746563677187	0.00021753224392104576	0.0004637384910606509	0.00014261670394531735	0.00027139763026358946	0.0003707374686878368	0.0003658760751042165	0.00011585826175688617	0.00011658434508649393	7.559510824398512e-05	0.0001273702138407703	0.00031942370841177954	0.00036272687189489754	6.791563431498638e-05	0.0003246094776982549	0.00010805099115219992	5.824182510056383e-05	0.00036927102059267373	0.0002968904242261297	0.00040684544196764057	2.096622540673748e-05	0.00027583291224870236	0.00025079464392149136	0.0002203756431002087	0.0003487847254224829	0.00022252952296570488	0.0002402196318147944	0.00021335831158292792	0.0004420451305975114	0.00029906276164592504	6.702604196826142e-05	0.00013086543010169412	0.0003982818191262625	7.031332181830515e-05	7.416872001751582e-05	7.729335890310283e-05	0.00023976838938973545	0.00023401986672232759	0.00033381619802928553	0.00032221735727149805	0.00024031631264618338	0.00019395069585680124	0.00024847941304370467	0.00028006947617425864
ko:K00051	0.0	3.097123718812597e-07	1.3219436898803273e-06	1.504695228476151e-06	6.794460903808949e-07	0.0	7.086481208349112e-07	1.5677365876239176e-06	0.0	1.9951604966831865e-07	5.569147695409123e-07	9.969565705868246e-07	4.597089830269297e-07	0.0	5.903152298104286e-06	1.7246895425055022e-06	0.0	7.146008667806763e-07	1.7670196502910887e-06	0.0	3.718445665241831e-07	1.8896020503602426e-06	0.0	1.1017084806022402e-06	2.3090315852761602e-06	0.0	0.0	7.306713428988712e-07	0.0	0.0	1.1848265280892594e-06	0.0	0.0	0.0	1.1681772184561171e-06	0.0	2.0168881793707405e-06	9.584693502882337e-07	0.0	0.0	0.0	0.0	0.0	1.664252429420541e-05	1.2239055707446675e-06	5.379798415985556e-07	9.68789298971965e-07	0.0	1.3354806737596156e-06	1.5502981359078155e-06	0.0	0.0	1.0819411897447565e-06	0.0	2.985836623407261e-07	0.0	0.0	0.0	0.0	6.373622202822301e-07	1.1599150498346595e-06	0.0	0.0	0.0	4.827840643875873e-07	0.0	9.894727289929386e-07
ko:K00052	0.0007250645417159063	0.0003874307032019641	0.0004474870405908543	0.0005796395804748115	0.0006400887642185843	0.0006169565392769592	0.0004779863218078753	0.0006004103845275105	0.0006871840158340495	0.0004406756212362273	0.0004963669288596787	0.0006131659310087904	0.0005580008640941128	0.0007225074983734185	0.00027950072614676134	0.0005089776688847135	0.0006165661409100533	0.0004450271630685893	0.00044835944160168735	0.0005280296803025604	0.0004108907184057813	0.0004783624526488144	0.000598035513615018	0.0004639428570295704	0.0004935514964374099	0.0007810447646307493	0.0003937443665386665	0.0005119581894078999	0.0007392628335836077	0.000635970304856397	0.0003922749644251552	0.0003784231534617631	0.001180485114719898	0.00041325869355236013	0.000545601709139699	0.0005756135210866623	0.00035457640222890063	0.0005598464679151945	0.00039357056646634035	0.0010493439445452882	0.0006143848021036115	0.000534328301247767	0.0006825105717319639	0.0003273456692787257	0.0005693457351700431	0.0004990682614954092	0.000464574834010641	0.000584180966151906	0.0004725265658351659	0.00047646632848440866	0.0004602618808087033	0.0006478517301124829	0.0005034487928199852	0.0009621884570236203	0.000384643788344996	0.0006868784514695815	0.001099787792452967	0.001119841118781728	0.0011241453911226306	0.0004581190326775968	0.00048580798091229306	0.000589310418466276	0.0005219350771051461	0.000460330895468259	0.00045547890060557763	0.000467500592752736	0.0004947190909857974
ko:K00053	0.0005464974169484836	0.00029113226234770263	0.00033531427289492456	0.00036260331734999207	0.00045079742246536544	0.0004644822083717435	0.00033412652705243925	0.00042352639755311643	0.0004674672733779507	0.00028439928968299386	0.0003588379998033861	0.0004007539680968666	0.00042070236526489094	0.0005063081821530384	0.00018049372288371618	0.00032616189497340615	0.000458765280340431	0.0003081471842813039	0.00031318767032304987	0.00041003268369570124	0.0003058627372896321	0.00032783529322490834	0.0004985688649759736	0.0002938835694056617	0.00037885044129727305	0.00056148213528784	0.0003061984813295374	0.0004222554806289006	0.0005750391909408222	0.0005019696469504298	0.00026089064342011683	0.0002588004951662985	0.0008027972303238864	0.0002792733597983337	0.0004008044005972895	0.0004985627960417795	0.00024484369809579093	0.0004181557721020147	0.0002694372702529576	0.0007199748156196679	0.0005039014099028885	0.0004635180522344914	0.0005460731366136622	0.00032732915227651953	0.00034230042652466734	0.00032032037885017196	0.000349520971647365	0.0004149782657432764	0.00032166431068881977	0.00034789433714895623	0.0003443585174303687	0.0004507564387596991	0.0003791081623104951	0.0005922851533745756	0.0002707245778120993	0.0004515352063784551	0.0006903968496204125	0.0007348569521920232	0.0008301447803332774	0.00036884049386753026	0.0003374631668555055	0.00043603512651982937	0.0004101073869182229	0.0003422914196535926	0.0003196927782656333	0.0003592157895347978	0.000356805380825361
ko:K00054	0.0001337119396973567	9.167655259999854e-05	0.00010707385982716709	0.0001006391087824596	0.00011416632241047496	0.00011906421932244621	8.54321787836806e-05	9.829658146544324e-05	0.00011678863920552414	9.16626055529671e-05	0.00010112272040939735	8.342291135953358e-05	9.918789432924591e-05	0.00014938925868960656	0.00013198160818160144	9.81609887579633e-05	0.00010646038032599232	0.00011588125763821431	8.226984148058108e-05	8.080659769377747e-05	8.581339870968612e-05	7.885280067258639e-05	8.865828470620268e-05	0.00013459972298734242	0.00010301367176967683	0.00013300491334145866	8.673579114937747e-05	0.0001068861650978545	0.0001240703391940624	8.737340165915893e-05	8.878043772129739e-05	9.532391463801891e-05	0.00038759220625214966	8.156182561121836e-05	9.88327455820201e-05	9.09533131115246e-05	7.630103876754488e-05	0.00010415178074269444	9.203243599494811e-05	0.00035794799152296557	8.416147812276043e-05	8.411464123352293e-05	7.739012339391697e-05	0.0001628115699795641	8.52800672457695e-05	8.052470732576918e-05	8.466082446593528e-05	8.177855649331366e-05	9.045857368258992e-05	9.302888032508928e-05	0.00011120702003855692	9.135323007100049e-05	0.00010378545803323798	0.0002638287207318967	8.651253040979513e-05	0.0001045987551245091	0.0004127992031047466	0.00040450365928789735	0.000367991618933683	8.621420176701772e-05	9.465967290337964e-05	7.935179294211912e-05	8.183233218905068e-05	8.185133352657189e-05	9.822188488885656e-05	5.9018648140885075e-05	9.186433402533125e-05
ko:K00055	2.6111097627588547e-05	1.4512032244976857e-05	2.071058933279236e-05	1.9572174650937438e-05	1.7303412785912866e-05	2.166642636585884e-05	1.915934994798134e-05	1.8596378466354006e-05	2.4011329689866886e-05	1.6247081706096054e-05	1.5298576013647683e-05	1.9092289775240478e-05	1.4909085813832764e-05	2.0443944716714394e-05	5.488666332383557e-06	1.590383716146123e-05	1.892329347001865e-05	2.5452668101194542e-05	1.4816676324849588e-05	1.4572250544018377e-05	1.6963211426544102e-05	1.742456559689999e-05	2.5738416631591328e-05	2.7864825154863508e-05	2.061003129936737e-05	2.5049418243011185e-05	1.581867175379693e-05	1.9477833316128717e-05	2.372323648094154e-05	1.7069469237970066e-05	2.2525477460792737e-05	2.3596397778266928e-05	9.950437798008301e-05	2.251871033763606e-05	1.8004414616303e-05	1.9685021665269427e-05	1.7921813605069272e-05	2.0004293504376992e-05	2.0341634282553672e-05	8.915016212457585e-05	1.9743084199195756e-05	1.132924490491164e-05	1.3099331418848034e-05	6.866257043691242e-06	1.8594476792932947e-05	2.294975503023701e-05	1.5577460092929318e-05	1.6301657989441313e-05	1.6645315921841358e-05	1.3660355154615965e-05	1.892062317065871e-05	1.7743720774518598e-05	1.8414738666168403e-05	0.0001104745273820014	2.528626495690024e-05	1.4481797595510308e-05	0.00010621393411315867	0.00011050848576006717	0.00011020606315970255	1.5240011976734301e-05	2.2243539339739607e-05	1.8354151652008985e-05	1.1518228212566986e-05	1.5125660179109552e-05	1.8448872795291627e-05	1.3079297785028669e-05	1.3601709884971977e-05
ko:K00057	0.0004707467683659504	0.00027838766488363177	0.00025643665302935967	0.00038719977815403287	0.0004546671937224006	0.0004169716597980429	0.0002923735695916647	0.0003409510452559263	0.0005527492471347514	0.0002416140378531253	0.00032717857889258064	0.00036229553067326537	0.0004260245399862644	0.000531412848353293	7.331846701448549e-05	0.00035187088213680995	0.0004630349566907204	0.0002612685848613648	0.000272118209418156	0.00036155075721775034	0.0002771304326457105	0.00029107535018449096	0.00046341964402235223	0.00030892768198374705	0.0003324306674408421	0.0004976634165652577	0.00026089889021222156	0.00037923285597661984	0.0004657532449019831	0.000508140406935188	0.0002609928666540124	0.00023882087384710358	0.0009462574881315782	0.0002725116084809912	0.00037670264399924583	0.0003972624797798615	0.0002017372595457289	0.00038576741513552	0.00022916106718293895	0.0007777033602940322	0.0004613390766526309	0.0003403568466472969	0.00042821468797343387	8.636530110938628e-05	0.0003823436708363333	0.00031100734849670103	0.00031538648667272384	0.00037955124404658323	0.0003118212055968112	0.0003282755380563228	0.00031527978364796153	0.0004064828621899338	0.0003575052839760956	0.0008275999143040757	0.0002811122629011111	0.0004921607029559216	0.0007146476123217151	0.0008739292502554898	0.00087157532838871	0.00036434457203429873	0.0003106489710541461	0.00042634069188138615	0.00037336258607924565	0.00035054176552556693	0.000326579241252743	0.00029943526875259106	0.0003355233424001854
ko:K00058	0.0014248068729814855	0.0009105973913619898	0.0009358106569750214	0.001252159706500238	0.0012749784894010541	0.0011299043574234673	0.0009502674353075367	0.0011956871854158558	0.0013794984555936135	0.0008775937863165731	0.001057876070064296	0.0013075265610177072	0.001284055343628811	0.0013474047237744232	0.00038662826994928523	0.0012598554915988554	0.001312703397666436	0.000943547905548354	0.0009606152615052172	0.0011486230134534765	0.0009254779302358735	0.0009694573843153911	0.0012570259574861899	0.0010060628173855992	0.0010904586030334314	0.0014617307889691635	0.0008914700754105708	0.0012272988316128408	0.0014267586362304353	0.0012911327549978515	0.0008874043201302839	0.0009226199140553279	0.0019429038038382834	0.0009174519682279585	0.0013157592917787484	0.0012792810749661745	0.000692278213305894	0.0011662782228506056	0.0008428058626089652	0.001869594598000237	0.0013440813746340872	0.0011864686368560523	0.0015108886300621031	0.0004998779488228368	0.0011576628541933279	0.001126092309133253	0.0009944923175483908	0.0012313272321865286	0.0010412596105940093	0.0009661129045264139	0.0009046180194332486	0.0012324062953031755	0.0011308704970596252	0.0017739554878368115	0.0009039774123065458	0.0013555080657387591	0.0019864859593469552	0.0019409725268335989	0.001985884032708774	0.0010533448856877596	0.0010463088695563606	0.0012994331453669576	0.0011320517059764555	0.0009936614705662893	0.0009288140640243335	0.0009649723756476097	0.0010590841598743705
ko:K00059	0.0014410473207694982	0.0009798851482165074	0.0010750779356609118	0.0012819025919691385	0.00126913489524487	0.001371819960441402	0.0010354437169086599	0.001214167172503856	0.0014908609408115204	0.0010758956949402905	0.001061953453305237	0.001280794748498845	0.0013382851965570853	0.001464057784437373	0.0005454859072989113	0.0011810457427513439	0.001372356780107967	0.0010964512552815813	0.0009573972612864442	0.0011811832725121133	0.0009169960440808406	0.001050237158154172	0.0013671357994383543	0.001115973032109262	0.0011703596401058576	0.001575574602733953	0.0009687369454573818	0.0011885465790256293	0.0015059852928046645	0.0013976224658036717	0.0011346997347027213	0.0011085347615986834	0.003466772564448211	0.0011170198821955463	0.0012251123958165792	0.0013203064433504395	0.0008949960456880119	0.0012432210618387213	0.0011258224721776612	0.0030895221300878744	0.0012783814361528552	0.0012413719108978509	0.0014334147884352039	0.00057435121562144	0.0011570311164554462	0.0010142697230006055	0.0010114122295921016	0.001204874751486351	0.000999921054115136	0.0009742322186168722	0.0010468334819919455	0.0013524946780846226	0.0012458980407602312	0.003236713839517287	0.0011795949489689576	0.0014120461867953658	0.0031298421300446294	0.00330631693617047	0.0034639842619007682	0.0010692302724045989	0.0010307293762868831	0.0012338310036187608	0.0011649443656049454	0.001057545041000232	0.001041154945500962	0.0009501365485398295	0.0010799548154831185
ko:K00060	7.078172246957594e-05	4.566972111634305e-05	5.0862547168259624e-05	5.414626600317732e-05	6.408960783395625e-05	6.681620850484003e-05	4.386802939667502e-05	4.628882504576173e-05	5.911310641438038e-05	4.191352536583784e-05	4.910479309089571e-05	5.154368125816724e-05	6.06611333351239e-05	7.67827281276698e-05	4.4124292739342044e-05	5.2473955666535156e-05	5.807387517005568e-05	5.4434853278834364e-05	4.1281088640570476e-05	5.377223962758514e-05	4.128873921662781e-05	4.7539839533667195e-05	6.012225791478928e-05	4.511223052958354e-05	4.9376339484433244e-05	7.012227267335624e-05	4.415239862855044e-05	4.0812273847477574e-05	7.90934483168666e-05	5.895847842607204e-05	8.56256588959491e-05	6.822306982148476e-05	0.00043403276179311003	5.799392643873048e-05	5.349229886198557e-05	5.102712162200991e-05	5.0636372595068434e-05	5.788251435032965e-05	7.559937732615316e-05	0.0003903616167624801	5.725129521642227e-05	5.2559519607942674e-05	5.061482376789804e-05	4.224873732466348e-05	4.318737489774686e-05	4.695644106083668e-05	4.862662665155952e-05	5.7592461409861355e-05	4.9740660767015805e-05	4.2860629736006654e-05	4.299296869806679e-05	6.620269094864238e-05	5.0090181767202536e-05	0.0004416965986337998	8.100582809342336e-05	6.149871799092573e-05	0.0004009999713099023	0.00040499447765541565	0.0004509892864792409	4.716875026647046e-05	3.8862993461293504e-05	5.425918581777251e-05	4.861875119665889e-05	4.137581266996887e-05	5.174585396158005e-05	5.30950337049931e-05	5.054749190313611e-05
ko:K00061	0.0	0.0	0.0	0.0	0.0	0.0	0.0	0.0	0.0	3.354363585048607e-07	0.0	0.0	0.0	0.0	0.0	0.0	0.0	0.0	6.778359392554346e-07	0.0	3.5747784463574874e-07	8.840481486480356e-07	0.0	2.883556166118853e-07	0.0	0.0	0.0	0.0	0.0	0.0	0.0	5.301716541643496e-07	0.0	2.948824578777629e-07	0.0	0.0	6.966067838255915e-07	0.0	0.0	0.0	0.0	0.0	0.0	0.0	0.0	0.0	2.755670166713878e-07	0.0	3.9378558188746076e-07	0.0	0.0	0.0	0.0	0.0	4.6808840176930934e-07	0.0	0.0	0.0	0.0	1.2517455369869223e-07	2.1480255701472432e-07	0.0	0.0	0.0	0.0	0.0	6.523952550107477e-07
ko:K00062	0.0	0.0	0.0	0.0	0.0	0.0	0.0	0.0	0.0	0.0	0.0	0.0	0.0	0.0	0.0	0.0	0.0	0.0	0.0	0.0	0.0	0.0	0.0	0.0	0.0	0.0	0.0	0.0	0.0	0.0	0.0	0.0	6.084561914367511e-06	0.0	0.0	0.0	0.0	0.0	0.0	5.041685670099613e-06	0.0	0.0	0.0	0.0	0.0	0.0	0.0	0.0	0.0	0.0	0.0	0.0	0.0	4.308703481522353e-06	0.0	0.0	4.315894322886322e-06	4.806981377873423e-06	5.535312049912e-06	0.0	0.0	0.0	0.0	0.0	0.0	0.0	0.0
ko:K00064	5.2239766536581326e-05	6.163556324012056e-05	6.841139794236369e-05	5.5281678222640756e-05	5.383359268159811e-05	5.085071532841863e-05	7.047554723345727e-05	5.502373573234158e-05	5.98977838660355e-05	7.283963929332836e-05	5.2618700001721894e-05	5.5710918378991284e-05	4.642244523137038e-05	4.5777683369384164e-05	1.032624230237835e-05	5.771649524686405e-05	4.9973158989629815e-05	5.17761679039971e-05	5.782476770731278e-05	4.856625021606147e-05	5.944522920290794e-05	5.0274289223353424e-05	5.770868949645714e-05	7.21188257211771e-05	6.459352763475308e-05	5.7397207163762774e-05	5.811637307069145e-05	7.175437157428504e-05	4.9563948242130595e-05	4.954488042338336e-05	9.029616067838602e-05	8.728295556200463e-05	9.837593546969677e-05	8.07089261532543e-05	6.189507489725228e-05	4.643238879746515e-05	7.016121110301917e-05	6.144155737049894e-05	7.800458452045916e-05	8.923469206240671e-05	6.179338859377613e-05	5.633611817321558e-05	4.507740375161237e-05	1.7333096408009947e-05	5.567898818316918e-05	5.614671265316758e-05	6.424491284695896e-05	5.615942350284643e-05	5.534837922871903e-05	6.368933961204298e-05	6.829912149599068e-05	4.6068784020335524e-05	5.6356011820116535e-05	8.260085050197605e-05	8.52459376728254e-05	4.800450276457258e-05	8.942633711974426e-05	9.674400622078136e-05	9.246490754394936e-05	5.941672469490125e-05	6.705864825914906e-05	6.22302727911176e-05	4.99835101481276e-05	6.009168494221174e-05	6.105291056819727e-05	4.0955622634350176e-05	6.377747638634337e-05
ko:K00065	0.00040760914461873796	0.0002558311875677391	0.0002483870285316281	0.00027720981628603036	0.00035873455772821673	0.0003813411262159105	0.00023519727055844344	0.0002660488079247857	0.0003746222089011599	0.00021112299039078287	0.000264186078663984	0.00026975910779694103	0.0002915060299550695	0.0004868237345207519	8.034054741918426e-05	0.00025526757049243134	0.000368782142382968	0.00021861140303031554	0.00023485893145422997	0.0002747886732753379	0.00021203418873256535	0.00025137063915413056	0.00034488031251620155	0.00022154165259362726	0.0002611910261514486	0.00040912858420465403	0.00019637905409789706	0.0002697038636701024	0.0004154424256097844	0.0003675040848761821	0.0002369768198370697	0.00022022286142289128	0.00045519274744776697	0.0002451625977315323	0.00028481816558734597	0.0003310342772750607	0.0002187261060695834	0.0002983330577812644	0.0002339061880083048	0.00038683367695332976	0.0003716242936881155	0.00029477523322879754	0.0003649642173858353	0.00011758474939602124	0.00027589429308476896	0.00022664771253136777	0.0002592099080694123	0.0003335306124068774	0.00022645179776042154	0.0002581219807877494	0.0002665318912701457	0.0003705708253442139	0.00027956736036738517	0.00038590123907993474	0.00023638989372626806	0.00038071713276066355	0.00041854868290128693	0.0004346646861835938	0.0004517619275373353	0.0002602026098023395	0.00024958161428935134	0.00034663596881908515	0.00030290157718043843	0.00024624859223473257	0.00022706937046709487	0.00025178225239859636	0.00025171938346648867
ko:K00066	1.592382581778227e-05	2.266361492401315e-05	2.8525500350937764e-05	2.1383550645113896e-05	1.939357959451851e-05	1.982679613374855e-05	2.733490358566612e-05	2.5921752634912595e-05	1.6606637842509235e-05	2.2156489467536912e-05	2.7686263836709874e-05	2.2806958543350692e-05	1.7207448843749324e-05	1.706499923404039e-05	6.216770063337953e-06	2.0327433361483014e-05	1.1832802979658895e-05	3.079860370156995e-05	1.5758527301647937e-05	8.34229631660182e-06	1.9787186110067318e-05	1.3619890471905823e-05	1.2995657827987405e-05	4.2947728381691476e-05	2.709156507976065e-05	1.5654343617780052e-05	1.771712616069206e-05	2.8334994031982083e-05	1.814924384385142e-05	1.2903666666945467e-05	2.5023093144488088e-05	2.0452180463123598e-05	4.9556849837507994e-05	2.8483837020793684e-05	1.997024065411508e-05	1.4469728209419661e-05	2.324514682626044e-05	1.944758343231026e-05	2.181267533232329e-05	4.108804401664705e-05	1.3375343393500824e-05	1.2321002584893922e-05	7.629492523046198e-06	8.071286453312286e-06	1.1660191099741263e-05	1.5298179658948656e-05	2.3026460577991896e-05	1.6668988848333495e-05	1.3952045589566508e-05	1.3974152797218097e-05	1.750728107653345e-05	1.2809611024390348e-05	1.9720011189459445e-05	4.236295193642045e-05	2.377926911826853e-05	1.164054308605474e-05	4.31387991600681e-05	4.10144335398618e-05	5.3413444067874254e-05	1.836992841170612e-05	2.0277163088681326e-05	1.0847699589461233e-05	8.56745721095516e-06	2.2282454400720123e-05	2.4725358054856748e-05	6.097915729187863e-06	1.241898119120728e-05
ko:K00067	0.00027543661577534884	0.00010516955353540686	9.498275302921954e-05	0.0001412117861258347	0.000221153623428932	0.0002558095107666215	0.00011975684066412834	0.00013811463424384413	0.0003035378613977191	9.300419162964936e-05	0.00010948750942316327	0.0001323870119024163	0.00013862192987098665	0.0003142604546539174	2.8538323242516294e-05	0.00011941060698635004	0.0002615885534381801	0.00010675181990648759	9.589976613129199e-05	0.00022276385272778282	0.00010464364122802525	0.00012402823437074667	0.00025583836996955167	0.00010647165982710244	0.00012357473832312903	0.0003090926423704913	0.00010112156858725574	0.00012862825306887842	0.0003247463565447199	0.0002593075854914277	0.00011559395407079291	0.00011611056137012315	0.0009532987393803991	0.00011610920268779058	0.0001430652309056673	0.0002535142545091015	7.385576457027435e-05	0.00013764457134092406	0.0001228145551342399	0.0008527127333575515	0.00023079878951253222	0.0001377269902322582	0.00023797227661866824	2.913334417848546e-05	0.00013328872726525492	0.00010493308813684989	0.00011583954499727719	0.00023162179838206537	9.063333644645658e-05	0.00012276496651324108	0.00012659091569790858	0.00026795903319373017	0.00013294540406883794	0.0007042838275950737	0.0001350682118271656	0.0002870096745909341	0.0009390052292949882	0.0008913052631367668	0.0010207618925490867	0.00012108508416412986	0.00013678129523780682	0.0002520842315803497	0.00017645566844113619	0.00011774484755953154	0.00011121196516733405	0.0001783839837030892	0.00012833765909942889
ko:K00068	2.7074711313987477e-05	1.3707585465207398e-05	1.933581419216946e-05	1.6417875150261215e-05	1.7152759954340638e-05	2.0168706893496288e-05	1.3770048087394013e-05	1.1430716848152416e-05	2.1214079380342845e-05	1.9407508213892196e-05	1.225333253272016e-05	1.2076143264560513e-05	1.567500427188347e-05	1.881566578990268e-05	1.6068977999474993e-05	9.681282467356196e-06	2.224038035679075e-05	1.7616695886985577e-05	1.4355709119025827e-05	1.684046591986943e-05	1.2321698257613057e-05	1.0845959143332581e-05	1.7099749585049525e-05	1.883554754196918e-05	1.4491151653956292e-05	2.308013953957416e-05	1.3047137424654004e-05	1.4512470798717932e-05	2.3109761864045604e-05	1.9219285585480455e-05	3.251425198354238e-05	3.070576949522352e-05	0.00017524099609085393	2.298445111680625e-05	1.1822139943128945e-05	2.3647760838504824e-05	2.428697999483793e-05	1.2345417324729801e-05	3.2194751019531954e-05	0.00016580525022425596	1.3983229288454944e-05	1.2254700016917416e-05	1.2515319142886825e-05	1.3894253048668938e-05	1.0274355123443285e-05	8.714523737062877e-06	1.676360844137298e-05	2.0052957077512536e-05	9.204019403530396e-06	8.061611942539142e-06	1.2767321273950843e-05	2.4483861954905867e-05	1.5162070765080983e-05	0.00010866873156885112	3.434844631818803e-05	2.530779709495032e-05	0.00015810396197257296	0.00015658287525723203	0.00016970476624007062	1.1761782284266163e-05	1.8153130159554874e-05	1.687865384688792e-05	1.4175012088842243e-05	1.6988611918643876e-05	1.5463851602837142e-05	1.2919606067795701e-05	1.2516929925524112e-05
ko:K00069	2.948683021678334e-07	5.846050096456914e-07	1.3397979178411878e-06	1.471160981317776e-06	0.0	0.0	2.305257641399564e-07	1.4122541286391144e-06	4.6076653736169726e-07	7.997547120191389e-07	7.187733823198724e-07	1.982337212590424e-06	1.5442373171658727e-06	3.86166196986794e-07	0.0	2.331577959131777e-06	0.0	1.9444618853247542e-07	1.6512273389061942e-06	0.0	6.857340670941883e-07	4.070772929066341e-06	0.0	7.433199303891392e-07	2.760604136480415e-07	0.0	3.8636744460671533e-07	5.647671389483517e-07	0.0	6.968776659912452e-07	0.0	1.4540403986940696e-06	2.7289206984193865e-06	0.0	2.7552252367138514e-06	0.0	3.666441709160779e-07	1.221895815445857e-06	3.2307805121136985e-07	3.538758826319191e-06	0.0	9.955753131293014e-07	0.0	0.0	1.5116486793453569e-06	1.2194209742900596e-06	1.654975038667543e-06	5.046553906056168e-07	3.3350224765854675e-06	9.444195133529188e-07	1.709773368453985e-06	0.0	1.6848649285372603e-06	2.6071869433298096e-06	4.3027339987964895e-07	0.0	3.004377030820687e-06	1.6328105423366094e-06	3.5233958555858676e-06	1.2346762796643735e-06	4.021491480952358e-07	4.743597311078175e-07	2.859074035221011e-07	9.528808327475723e-07	2.1368714658163546e-06	8.612493847788376e-07	1.6452599090946346e-06
ko:K00070	8.391766588672424e-07	4.6207890853023953e-07	6.39081778498547e-07	8.342529784486578e-07	1.4388436797909727e-06	1.1524356134598602e-06	1.594124178757025e-07	1.5602647542404173e-06	0.0	1.1847710722518006e-06	0.0	0.0	0.0	1.0836502173389847e-06	0.0	4.137618781652706e-07	1.8957783506835426e-06	9.860274611048338e-07	0.0	8.675172389057623e-07	1.0274858321168196e-06	7.144353978499176e-07	2.4939747403524196e-07	5.334837754372493e-07	1.9052927006730325e-06	5.173435268928903e-07	2.5688783771555922e-06	1.3069092834406217e-06	2.006270553778058e-06	1.3417863778773225e-06	5.060432403969163e-06	4.900673132748911e-06	0.0	2.4127319731546695e-06	1.7472116656826538e-06	1.149648888081141e-06	3.5741322576280447e-06	4.951048438680804e-07	1.826573873198182e-06	0.0	1.5058795574748023e-06	9.712086549213435e-07	5.384039035758346e-07	4.5937593384688084e-07	6.464811722019104e-07	7.081259120927519e-07	1.2160657445426279e-06	3.9080513448498965e-07	3.2071863483773496e-07	2.193389064735981e-06	1.7039518324099778e-06	7.803175665517392e-07	0.0	0.0	5.418273713823211e-06	4.775229003313192e-07	0.0	0.0	0.0	4.206723379852053e-07	1.5076633199930735e-06	5.65068018247557e-07	5.407788060039741e-07	1.298485519994588e-06	1.2929310265138608e-06	5.689424337739947e-07	1.038845105016906e-06
ko:K00073	3.335256683414029e-05	5.3224547093003574e-05	6.355108076233729e-05	5.0487381064622293e-05	4.0064743725306046e-05	2.843755273912034e-05	6.187567895509812e-05	4.604044538428925e-05	3.575990565089093e-05	7.3686074429711e-05	6.084167481071265e-05	5.9129676442636764e-05	5.233274512198256e-05	2.4629600195756255e-05	4.020473201305352e-05	4.2109631908718886e-05	4.190315778524692e-05	6.707352289329332e-05	5.243734892407501e-05	3.8424969928446767e-05	6.34490839467544e-05	5.05455801928481e-05	4.429665616334503e-05	7.958285850576383e-05	6.622829093432686e-05	3.7591659980310345e-05	6.516804602734445e-05	6.148952374119864e-05	3.857677745272993e-05	3.7987257343971064e-05	0.00010292834635208903	0.00010281749334220261	0.00011785970427769423	0.00010301132282955663	6.393788212004373e-05	3.2707578063964985e-05	8.434389731392678e-05	5.314623144158665e-05	9.15039172341997e-05	0.00010184814393857424	4.659590636067281e-05	3.996457872399222e-05	5.561480809379187e-05	3.472875829533007e-05	4.272995062660846e-05	4.5922540536827854e-05	6.256203142187174e-05	2.238689209886261e-05	4.72386095319871e-05	5.519751814001646e-05	6.018949057322058e-05	3.362355105769315e-05	4.762328881859898e-05	0.0001089980127625305	0.00010613161611347132	3.2192690830033925e-05	0.0001112846134277719	0.00011640547007690219	0.00012006784221068723	5.202309039984508e-05	6.40112680016186e-05	3.4621718536450885e-05	3.204261152719537e-05	5.515944669580778e-05	5.895436115853198e-05	2.5447427416457684e-05	4.701823966305128e-05
ko:K00074	0.0006144575201098627	0.0004723781217861622	0.00047034621602677705	0.0005635330297610697	0.0006015732445512925	0.0005074576923186355	0.0005329750679748186	0.000586652213563204	0.0006789358121387101	0.00046271429958090915	0.0006087645165351055	0.0005835220217231797	0.0006535514067437239	0.0007264177613458746	0.00020801598655738164	0.0005662535768123077	0.000570639180891953	0.0004659193398867388	0.00041066171362313415	0.0003813156103718577	0.0005366113324104014	0.0005086340153745554	0.000437651429247955	0.000572065510156663	0.0005736321336840947	0.0006465316445917982	0.00045376812749895037	0.0005991629928137793	0.0005167702217028717	0.0005189723947610095	0.00043663592745434303	0.0004393629636765432	0.0006502040098641655	0.00045671402727137786	0.0005900127877219672	0.0005074912780445086	0.0004381626306377015	0.0005951658893771891	0.00041338983146282183	0.0005595160616950156	0.00048254746328464117	0.0004989739653717535	0.0004764453623309348	0.0002633553531899629	0.0005601482623501812	0.0004776619559657693	0.0005333600986319451	0.00046990779119346257	0.00043336113276112886	0.0005185226176296422	0.0005223470132816168	0.0006387340786117232	0.0005620081411187324	0.0006670219210051626	0.0004359523421013641	0.0004667895481481866	0.0006297215419319383	0.0006095665423005897	0.0006159287777300929	0.0005209952882990876	0.0005118436113272081	0.0005373358502640803	0.0004978600966085573	0.0005408589060992142	0.0005202854487554347	0.0003015684832854356	0.0004987275966032502
ko:K00075	0.0008013153152408353	0.00030992645267037577	0.00028278110621121524	0.0005485439555170212	0.0007199097481564296	0.0006608549381284126	0.0003569148718457188	0.0005088335889285041	0.0008885282520991529	0.000237191640933556	0.00036559464214632365	0.0005352343358472313	0.0005492357368896699	0.0009459292089399836	5.619275813131072e-05	0.00047705337088140134	0.0007724684191213204	0.0002802450859835783	0.0003231695555287025	0.0006297914072822644	0.00031469045403427086	0.0003564280442622085	0.0007121705647592951	0.00030219296107656	0.0003722954473942502	0.000872830946265068	0.00026393906912867005	0.00043095108751521925	0.0008554476211790762	0.000753831469992732	0.00023392491884884685	0.00020809391392042994	0.0007437319516833683	0.0002567259631357862	0.0004911443679179387	0.0007041074714364728	0.00018205775746258434	0.0004657659134952436	0.00021274825279023603	0.0006394816929248411	0.0007223687249692544	0.00045178317560414205	0.000844627373930982	6.163904939149901e-05	0.00043712487405852613	0.0003632359214464852	0.0003301280418610855	0.0007792711765969489	0.0003681121015135696	0.0004020436523669004	0.0003304493922778492	0.0007469069186884851	0.0004886438474797924	0.0006783094697843218	0.0002565955605808099	0.0008442601096154441	0.0006705706143012697	0.0006856829899979392	0.000706221045284133	0.00041509122055552916	0.0003406286906911112	0.0007281961809106674	0.0005946167171246999	0.0003991239833428217	0.0003178571136697156	0.0004993763160448963	0.00045814981887845233
ko:K00076	6.668157681575631e-05	2.9429582241909155e-05	3.769901023580421e-05	4.8964733376180674e-05	4.8986167741570696e-05	6.738976906973834e-05	3.913467453901833e-05	4.314092740921124e-05	5.535965012630908e-05	3.710344514339577e-05	4.009117959654266e-05	4.478931570723163e-05	5.8318847091821736e-05	5.5065948500300494e-05	2.661958618997078e-06	4.613621173246415e-05	5.0639815330988075e-05	3.07533557975894e-05	3.2484664081675334e-05	4.5937129169874555e-05	3.202039883026099e-05	4.5677893494663304e-05	5.292511610706771e-05	3.039340500735546e-05	4.5564962495437314e-05	5.5955094175635594e-05	3.0706836649143446e-05	4.3504710036264995e-05	5.9847394400030184e-05	5.166927610656571e-05	2.4578822467835016e-05	2.767215134334288e-05	0.00010388597018929271	2.2405109973781976e-05	5.105961123826804e-05	4.967672018139797e-05	1.647020358600413e-05	4.95972976334444e-05	2.435775879064245e-05	8.769844792454312e-05	5.316958434768385e-05	4.957402560628304e-05	5.1109586669632235e-05	1.5764086820438498e-06	4.941516498339285e-05	3.517698927900297e-05	3.410876581606812e-05	5.204009514553383e-05	3.924075960668412e-05	4.0052866877899896e-05	3.445143482509487e-05	5.919386656503619e-05	5.4356660744191646e-05	6.800042758249647e-05	2.7758731404543502e-05	5.916992748743327e-05	8.903066480374677e-05	9.315524082719399e-05	9.689847395795436e-05	3.724390583139305e-05	3.488646606043764e-05	5.089221508746928e-05	4.775850816803795e-05	3.479540216934695e-05	3.467159574100011e-05	4.2937070776455456e-05	4.3017700092053e-05
ko:K00077	0.00027778721773641054	0.00020541030910168118	0.0002078627882479053	0.00022519251793249502	0.0002842449733943701	0.0002688017446576962	0.00020720918622953426	0.00022652852781059534	0.00026293637659795683	0.000203967035040929	0.00020733404069313315	0.00023220534905292687	0.000244953365384669	0.00037228232426131304	0.00010034245824885506	0.00022277008401805397	0.0002394603106542374	0.00021502615398818133	0.00017827289277026303	0.00019020230615348399	0.00020886108807084865	0.00021506783846993903	0.00023697133391408423	0.00024144013137804618	0.00024260595215316554	0.00027415014321211553	0.00019400238426572065	0.0002295109937863568	0.00031795911464931113	0.000268198792086158	0.0002563064930885058	0.00026107911830798006	0.0003968631789856593	0.00025318882623945994	0.00025041340779830966	0.00021471792526868758	0.00018223890759971526	0.0002494033826336285	0.00024438941855291126	0.00036450813099715766	0.00026041913085325766	0.00023313319456062182	0.0002313128599881844	0.00011143061451793306	0.00022050920978065397	0.0002426228788363367	0.00022689442090331716	0.00023571830039491377	0.00021210013642558665	0.00021528108434706284	0.00019813442310708145	0.0002867030021209889	0.0002917601061627584	0.0003395343292134328	0.00028587041854590396	0.00027476563749736545	0.0003726336763483896	0.0003846587614850517	0.0004369100017384462	0.0002296740118645337	0.00021896288980850255	0.0002620949530367629	0.0002121526275638262	0.000231907929783129	0.00019755851553720277	0.00018150755365577002	0.00024654277821776615
ko:K00078	3.5298753219592847e-06	5.054457848350144e-06	6.715883400808902e-06	4.204961274954151e-06	4.255691128538289e-06	2.407403732287618e-06	7.527540995290518e-06	5.295998258197241e-06	3.235984489260127e-06	4.689419791596855e-06	8.240663026626809e-06	5.228866996568272e-06	2.4761535435856253e-06	3.1447557930058026e-06	4.0650553538489924e-07	5.509815681325693e-06	3.508410610172375e-06	1.0022157783529675e-05	7.025443118107702e-06	3.6360011776762723e-06	8.032485199693283e-06	8.31131631663507e-06	3.249861343812667e-06	1.325425122500527e-05	5.917670984863785e-06	3.7470623889760204e-06	8.843069307788043e-06	8.885466155166697e-06	2.55854338135183e-06	2.457889009140397e-06	4.726134638003677e-06	4.0777272219151305e-06	1.980243229637847e-06	5.132183106615838e-06	4.364199544386412e-06	2.8276436637495e-06	2.491557279783389e-06	5.99868620717037e-06	4.327917000009122e-06	9.255458221722086e-07	3.748067700599296e-06	3.921313706288267e-06	4.842153016949816e-06	4.944765430028654e-07	6.0258018267685134e-06	5.148875052064506e-06	6.713987716010916e-06	3.1494196305149568e-06	4.259793825632863e-06	3.840692065070615e-06	9.900699442995096e-06	1.994180038229995e-06	5.607804530327184e-06	0.0	5.644392308199941e-06	2.6259221834510195e-06	1.6560942978434143e-06	6.717417793588207e-07	1.5510645555505614e-06	7.320356351859382e-06	8.207474983741727e-06	2.5995450887634714e-06	4.808689891335963e-06	7.4349824365330025e-06	9.29973003568973e-06	2.4562357878818767e-06	2.8130444074354984e-06
ko:K00079	3.83491318654024e-06	6.190761532105632e-06	7.87098813246986e-06	7.671012089830918e-06	1.3646459752456233e-05	9.136329921121676e-06	7.174783949933586e-06	5.685676815801647e-06	3.4420930562122117e-06	1.0610799721365548e-05	9.212031005673207e-06	4.65320786264813e-06	4.7204795641895e-06	2.2554622296120473e-06	5.234379347482503e-06	1.0591400474978345e-05	4.149807747700183e-06	7.398816663486909e-06	4.750627452248694e-06	3.238884608758529e-06	6.282297100443246e-06	5.850003478831123e-06	8.260130094106735e-06	6.1182088602328295e-06	7.67707072135052e-06	2.2294198790190193e-06	5.099992317489742e-06	4.822187793202898e-06	5.942011345230151e-06	4.136197445734042e-06	6.182116580030839e-06	6.795757314614334e-06	5.585792038740803e-06	5.218175623750509e-06	4.6319858139753194e-06	3.6302702639036736e-06	1.0056850236954455e-05	9.41975222357547e-06	5.226638935033579e-06	3.6074287166326387e-06	4.360891949201694e-06	4.29577282805099e-06	6.180442453577118e-06	3.1354999017971934e-06	4.698302882181982e-06	5.438504764788416e-06	7.69377933962318e-06	7.143967953277822e-06	9.636458553310434e-06	3.686219721257949e-06	7.051190869153047e-06	3.4972060665723634e-06	4.7983747491272585e-06	3.2204865475311976e-06	8.476596066008597e-06	4.325643994029717e-06	2.7925094061928846e-06	2.1926280824858395e-06	4.045106416510806e-06	6.739396573459795e-06	5.66161556663446e-06	6.918280202221819e-06	5.173798042616423e-06	5.195015276188362e-06	8.035974133525003e-06	6.358343358532364e-06	9.28193231057647e-06
ko:K00081	1.448859064972811e-07	4.781111140068116e-07	0.0	0.0	0.0	0.0	0.0	0.0	5.369297732178317e-07	0.0	0.0	0.0	3.759020464031579e-07	0.0	0.0	0.0	0.0	0.0	0.0	0.0	0.0	2.969996644508901e-07	0.0	0.0	0.0	3.228052585158117e-07	0.0	0.0	0.0	0.0	0.0	0.0	0.0	0.0	8.383849475582818e-07	3.0411077972383334e-07	0.0	0.0	0.0	0.0	0.0	3.6290620180240516e-07	0.0	0.0	1.7768442672325843e-07	0.0	2.1760292006119932e-07	0.0	0.0	0.0	0.0	0.0	3.7725580958205316e-07	0.0	0.0	0.0	0.0	0.0	0.0	0.0	0.0	0.0	0.0	0.0	0.0	1.1837748745519827e-06	0.0
ko:K00082	6.162452745987277e-05	3.952514877141255e-05	3.0269522477711917e-05	6.466786000770171e-05	9.316072416255836e-05	5.6120860441604514e-05	5.606297994027491e-05	6.591992263560823e-05	6.425608282786062e-05	2.7072337707195156e-05	5.232257018934151e-05	7.825495276524699e-05	6.529246841895938e-05	5.819939712773641e-05	6.39930538409389e-06	6.426918107368039e-05	6.80223039724014e-05	3.363899020188117e-05	3.579648026250475e-05	0.0001210472698193458	2.7724323882410435e-05	4.8533367267856716e-05	0.00011861532261583944	2.386248609892457e-05	2.6891425354952765e-05	7.8483588814397e-05	3.896499642637581e-05	3.656665490968436e-05	8.448755045704781e-05	6.871598414446278e-05	1.658387789374766e-05	1.7724824477157118e-05	4.66755908813557e-05	2.060822894463189e-05	6.066683369028915e-05	6.984745544814563e-05	7.700475840542071e-06	5.6414198777966674e-05	1.598921474429714e-05	4.5738539401456343e-05	8.697491387239159e-05	7.109416093435481e-05	7.230084054484883e-05	7.551170986829053e-06	4.046927945932078e-05	4.691820687145762e-05	3.483096207702856e-05	8.996966921188139e-05	4.3286684204958476e-05	3.680600073301791e-05	2.763660116882803e-05	8.273973075013603e-05	5.01727196168847e-05	2.951525042019571e-05	1.5286027202986306e-05	9.750501618206138e-05	4.6532648789387e-05	4.550837042881057e-05	4.904258235782827e-05	4.4439377704770454e-05	3.5410309859532484e-05	7.991354386735503e-05	7.377072292835747e-05	3.1533089144624995e-05	2.8358846843890546e-05	7.861965256552478e-05	4.52212377833741e-05
ko:K00083	0.0	3.5990070202346385e-06	3.43838791688524e-06	5.206004966061408e-06	1.4261219036067315e-06	2.6862769951460286e-07	4.58790799095296e-06	5.6762958103963284e-06	5.068431910978671e-07	5.501584577096234e-06	3.196959330710293e-06	4.532600574766142e-06	6.278477991266954e-06	2.554637918528022e-07	0.0	4.377187657546272e-06	0.0	3.842615628959294e-06	7.09248348579889e-06	0.0	3.181717968719356e-06	3.937320279364319e-06	0.0	7.510507608854594e-06	5.016661854315563e-06	0.0	6.340210690227006e-06	4.527238009237189e-06	0.0	1.1772258911897681e-06	3.3058661356496553e-06	3.191962869759666e-06	0.0	9.7660560614091e-06	4.9833750207152634e-06	3.44509259687147e-07	2.260982550316741e-06	7.324158905537359e-06	2.9360691631484893e-06	0.0	0.0	2.979265029173947e-06	0.0	0.0	5.854036912953634e-06	5.839411216943618e-06	4.408366495879052e-06	1.2535097539758998e-06	6.320044931396695e-06	7.582955341155231e-06	3.7161669273954527e-06	0.0	3.8109871324617023e-06	0.0	3.4217293515541553e-06	0.0	0.0	0.0	0.0	7.328859816844178e-06	4.779138493106806e-06	0.0	4.136236445055803e-06	5.364975458975452e-06	7.4757376901106305e-06	1.913365427338326e-06	8.30464576356804e-06
ko:K00084	0.0	0.0	1.1185043825552656e-06	0.0	0.0	0.0	0.0	0.0	0.0	6.8152149029559e-07	5.812231015013301e-07	0.0	0.0	0.0	0.0	0.0	0.0	1.4584219659329069e-06	7.730275096911084e-07	0.0	8.31208646876619e-07	0.0	0.0	1.106363982203095e-06	2.3241851001985848e-07	0.0	0.0	3.5489125651542646e-07	0.0	0.0	0.0	7.875351981818548e-07	4.674385478764315e-06	6.794635516022921e-07	0.0	0.0	1.6511989257568043e-07	0.0	0.0	4.645639120106846e-06	0.0	5.708499241853865e-07	0.0	0.0	5.155913530076856e-07	1.8330246908161083e-06	2.2864074933966593e-07	0.0	1.6343452078994532e-06	6.30448199955791e-07	0.0	0.0	3.475326245846793e-07	4.265108096343865e-06	9.384057959279963e-07	0.0	2.7925094061928846e-06	4.679939407415588e-06	2.9018370731904706e-06	0.0	0.0	0.0	0.0	0.0	5.641947105392198e-07	0.0	8.902962826295803e-07
ko:K00085	0.0	0.0	0.0	0.0	4.526207756307741e-07	1.1836086377080201e-07	0.0	0.0	0.0	0.0	0.0	0.0	0.0	0.0	0.0	0.0	0.0	0.0	0.0	0.0	0.0	0.0	0.0	0.0	0.0	0.0	0.0	0.0	0.0	3.3626529433460206e-07	0.0	0.0	0.0	0.0	0.0	4.1164907131929815e-07	0.0	0.0	0.0	0.0	0.0	0.0	0.0	0.0	0.0	0.0	0.0	4.1476960027888044e-07	0.0	0.0	0.0	0.0	0.0	0.0	0.0	0.0	0.0	0.0	0.0	0.0	0.0	0.0	0.0	0.0	0.0	0.0	0.0
ko:K00086	0.0	4.041697195106554e-06	1.6446884139255248e-06	2.4638704619809604e-06	5.976813744756632e-07	5.48706668635512e-07	3.0962331013280226e-06	2.642712832290766e-06	0.0	2.092164632400767e-06	1.7207172220943744e-06	9.949542728069754e-07	1.3226419132400438e-06	4.001240113357143e-07	8.141448775165007e-07	1.7418247621376308e-06	0.0	1.5385833832351833e-06	4.452860036807608e-06	8.624925860488415e-07	3.647952519225658e-06	1.9590684889928866e-06	5.588907249464458e-07	1.5449932411544223e-06	3.0790211802488043e-06	0.0	4.653044050900669e-06	1.5389737080315576e-06	6.17811168416439e-07	0.0	2.612302464700123e-06	4.982069658281426e-06	6.239419246975281e-06	3.773207655867456e-06	3.6913349880880033e-06	0.0	3.3277146902825232e-06	3.1090176768837548e-06	3.3164540263855345e-06	5.048980099118393e-06	0.0	3.814034506989643e-07	0.0	1.5226226349041507e-06	1.357152414164979e-06	2.435546922843662e-06	2.207626159996411e-06	3.9561664265061674e-07	4.940581330932054e-07	3.1593428861603826e-06	2.0986779000855984e-06	0.0	1.6915441804572902e-06	4.238843085071983e-06	4.117223549071464e-06	6.777404910487485e-07	4.8426198964879225e-06	4.9094439030991e-06	5.302299874703382e-06	7.879007440932913e-07	1.113651631973814e-06	1.0030650942574472e-06	1.0529647693404949e-06	1.5774067520263976e-06	1.3854118052069406e-06	7.253606129729547e-07	1.3093080050663079e-06
ko:K00087	6.203605958543149e-06	2.4520272756626962e-05	3.272748462550319e-05	2.789311069742708e-05	1.7553723836728362e-05	8.593935201062592e-06	2.3023018833473107e-05	2.3313221041263145e-05	9.14047901852784e-06	3.3113633229512364e-05	2.6498803042606966e-05	2.2363774951270942e-05	2.0210498592956057e-05	6.43198438378166e-06	2.0778163724742558e-05	2.3634944840540887e-05	6.6916881207770205e-06	3.011967957829155e-05	2.668023430607748e-05	3.985241881935074e-06	2.611768591772028e-05	2.2041274746967017e-05	5.351036255497831e-06	4.1419792042960506e-05	3.4830210322280795e-05	9.085080490760548e-06	3.445363695223809e-05	2.8305837439986044e-05	8.410875812202747e-06	8.515379083908978e-06	4.763758914648446e-05	4.622079922952016e-05	0.00026654324624909604	4.393943039143923e-05	2.488262557498279e-05	6.811377027147124e-06	3.4842671401247014e-05	2.127257974326749e-05	4.384565418161013e-05	0.0002442996509563371	6.988304800674825e-06	2.1359341686034948e-05	3.864192972131024e-06	1.5197375400211475e-05	2.0779072056809692e-05	2.133520810889231e-05	2.7216780081541692e-05	9.350983931506643e-06	1.809294760798136e-05	2.0596802428997395e-05	2.5177402749816942e-05	1.3162895040943464e-05	2.647618498527883e-05	0.00021444750966533634	4.796786940980599e-05	8.445786849735338e-06	0.000251838463434383	0.00025861025542907003	0.000261867954871228	2.076763942651102e-05	2.7018363898841044e-05	6.127780098372088e-06	1.3683167464353512e-05	2.6859214241836448e-05	3.610383772250949e-05	6.100916247574136e-06	2.5762480381403413e-05
ko:K00088	0.0007481838720426243	0.0004126040391987044	0.0004393900602215626	0.0005667068371919807	0.0006303732648072234	0.0006728266648806163	0.0004298464206978683	0.0005591687718520097	0.0007499674022573275	0.0003889615552940754	0.0005127237385589704	0.0005433177964408281	0.000565054816893146	0.0008247346495049714	0.00014309048457871216	0.00047440621049694835	0.0006601044778894639	0.0004046347004004249	0.00041377007810281934	0.0005429614622792221	0.0003845413158186399	0.0004488213904903402	0.0006096369450872522	0.0004536009429028906	0.0004816523050189999	0.000767011957651503	0.0003803658486664387	0.0005404041812278023	0.0008146749112954032	0.0006399619046959062	0.00034162533880503413	0.0003373491210284761	0.001071478249217924	0.0003334851070444219	0.0005359608645589958	0.0006178880073824011	0.0002472305221572044	0.0005600110818535372	0.0003381412050150484	0.0009449963979943887	0.0005897736190097114	0.0005612931866586115	0.0006292339184363208	0.0002452203120120391	0.0005260931047371784	0.0004362628222138759	0.0004378731355735588	0.0006228614449240501	0.00042057931518436296	0.00046798461778839874	0.00045295535066165407	0.000726713403090976	0.0005348959718097379	0.0008558677958724165	0.00034279803533723586	0.000721017893399772	0.0013562948398872544	0.001023741783404878	0.0010400334741792743	0.0004796962279036727	0.00045253782634304806	0.0005997231533909113	0.0005681050093158488	0.00044000260767002687	0.00041040532062564574	0.0004729316790202359	0.0004984426012123247
ko:K00089	0.0	0.0	0.0	0.0	0.0	3.0943758374804e-07	0.0	0.0	0.0	0.0	5.141487025366139e-07	0.0	0.0	0.0	0.0	5.550900082339568e-07	0.0	0.0	0.0	0.0	0.0	0.0	0.0	0.0	0.0	0.0	0.0	0.0	0.0	0.0	0.0	0.0	0.0	0.0	0.0	0.0	0.0	0.0	0.0	0.0	0.0	1.1793186195252495e-06	0.0	0.0	0.0	2.484057374955718e-07	0.0	0.0	6.558284904694707e-07	6.663813631623475e-07	0.0	0.0	4.612801050294386e-07	0.0	0.0	5.53257543713264e-07	0.0	0.0	0.0	6.407283656816445e-07	0.0	0.0	5.761989293326024e-07	0.0	0.0	8.090361408266205e-07	7.218130024400777e-07
ko:K00090	0.000428957819111708	0.00021167331364441424	0.00018299976063501633	0.00031589777602443724	0.0004115830068762905	0.00030132455739689665	0.00024895190345940936	0.00029459675919310015	0.00044848205039130234	0.00014763505657730381	0.0003022979757203585	0.0002992698772644956	0.00035136926991174695	0.0005345553100802196	1.4275489868626582e-05	0.00029276395384288416	0.0004114967202990745	0.00017325651620045507	0.00020031185124333046	0.00031109883573376024	0.0002055974109090594	0.00025122767167469045	0.0003083537892253983	0.00019750183772385339	0.00023419708835119776	0.0004676210183243247	0.00015628808297234094	0.0002895157755062118	0.00037808723631142555	0.0003742530653037024	0.00013749401270143064	0.00014106450727624113	9.316571205084374e-05	0.00014828666636730744	0.00033273087388999893	0.00037305508997418605	8.10518698450314e-05	0.00033603692442052093	0.0001300981497284942	7.092795511483311e-05	0.00037321076845296707	0.00030560879232646607	0.00041591215971193004	2.1704530787019054e-05	0.0002884071679003185	0.0002632032150854296	0.00023751814796952228	0.0003511242812537759	0.00023064921113500136	0.0002509380295569014	0.00022848470538010314	0.00045538193947000297	0.0003121214883523641	8.205294691223655e-05	0.00015123902948489712	0.0004055446273515623	8.584117319009762e-05	8.585157496213017e-05	9.340575228522476e-05	0.000255322277986747	0.0002490513995414724	0.000343294447756698	0.0003332234029714826	0.0002547944177686046	0.00020752998946438466	0.0002545492165479256	0.00029264783194221156
ko:K00091	0.0002858109399417597	0.0001625159321124814	0.00013894497502192868	0.0002303244659821929	0.0002516413397211463	0.00028718911026483674	0.00017575964583769555	0.00021075823975203297	0.0003178408522730197	0.00014607047993264163	0.0001808094791042523	0.00022541824350521392	0.0002368706402560212	0.0003074555763228409	3.116588373683613e-05	0.00018275425763918655	0.0002482520738060587	0.00015744401437328332	0.00015833554204714527	0.00020293317236085788	0.00016132694144413705	0.00017408569090519797	0.0002337165875480955	0.0001596195110966598	0.00018833882386228655	0.00028616762779470445	0.00014446936146269229	0.00020953841913862745	0.00028510616437516385	0.00023355656866677586	9.902829438978085e-05	0.00012970151033438385	0.000286376203415438	0.00012592359167838959	0.00018330810121009944	0.00022420794726579828	7.149423588495144e-05	0.00022291406160638815	9.872469014202403e-05	0.0002582330296027486	0.00023195858204346412	0.00019575214148467157	0.00022500852688322646	3.457961505394906e-05	0.00020361312269842778	0.0001861974987563102	0.00016768126341366472	0.00024338392934916635	0.00015595049211256158	0.0001702603723372023	0.00018198784170250302	0.0002927705990617756	0.00019799928630811594	0.00030455416544366567	0.00012982214008338421	0.0002551554355112478	0.000283930195545915	0.0003127678416803925	0.00030694059215974605	0.0001936731565329468	0.00018923289880087577	0.00019764842553290712	0.0002062176759943299	0.00018292408561621006	0.00016785284979110537	0.00016671170624800045	0.00018335875391847686
ko:K00094	1.2578037739170663e-06	1.143316736692169e-06	3.4168594569752744e-07	0.0	8.302188319879482e-07	0.0	1.6021090471356284e-06	6.728844389995974e-07	1.2748417712761557e-06	3.220189041646663e-07	0.0	2.5789007660999485e-07	2.6492593973890905e-07	7.717834725848364e-07	1.977035708891548e-06	0.0	1.6235822700545062e-06	0.0	0.0	5.136615230363066e-07	8.278434296827866e-07	1.4707271328839482e-06	0.0	1.6308207570015223e-06	0.0	1.1359567598330465e-06	1.6094497872656228e-06	1.3698309076106176e-06	0.0	4.1688181198285443e-07	2.106945974707948e-06	2.0731906799118476e-06	0.0	1.940022385705905e-06	4.218400051924829e-07	2.295611593702675e-06	5.918293563629441e-07	0.0	1.9371819100445574e-06	0.0	6.017030684330168e-07	0.0	6.844404564022567e-07	1.493111143661682e-06	0.0	0.0	1.3482481133269196e-06	4.079127479125967e-07	0.0	4.884553621279102e-07	0.0	0.0	2.3381399819152738e-07	0.0	6.988128267548909e-07	0.0	0.0	0.0	0.0	8.048260193367768e-07	5.188220490858288e-07	8.985440256121334e-07	0.0	3.8008238040462854e-07	1.5460644677825946e-06	9.024052550910083e-07	0.0
ko:K00096	3.4296338773066205e-05	3.583413061596873e-05	3.393453108607881e-05	3.7806732279454505e-05	3.9962690151066444e-05	4.8792763291839005e-05	3.47235685860559e-05	3.367655084826792e-05	3.3633207684908186e-05	4.451470180066085e-05	2.9712015185455384e-05	2.362203686866669e-05	2.454093384823321e-05	2.7374112551912014e-05	4.932626461782931e-05	2.9158995404535224e-05	2.406526875970817e-05	4.535483307169631e-05	3.2284810223418953e-05	2.1312657141792803e-05	2.9340719167474864e-05	3.3291203353207825e-05	2.613805559406518e-05	5.618386069502377e-05	5.248590615903944e-05	4.619785232896929e-05	3.404294130088315e-05	4.93819231443715e-05	3.1113428655328814e-05	3.6219560303036085e-05	5.266753970429696e-05	4.302410819064052e-05	0.00040812076943518976	3.978461641057468e-05	1.8749802140678827e-05	3.524449471952914e-05	4.719849081062165e-05	1.9814710669673267e-05	5.7873000289925276e-05	0.00039274563408323737	3.8721788362294775e-05	2.4658963726033638e-05	3.657665285865552e-05	7.868110233075112e-05	4.0008620875374646e-05	3.068328491235313e-05	4.6973362450884124e-05	2.2527544872430255e-05	2.8390088099375337e-05	2.703838944017312e-05	4.616615545236062e-05	3.559343047267312e-05	1.9230763868284717e-05	0.00023251114654813118	5.6245574614755335e-05	3.192077646760638e-05	0.00042935198526457985	0.0004046417945376562	0.0004146806055845695	3.0400558907168953e-05	3.4609270925786634e-05	3.502493071017095e-05	2.8785771138826154e-05	3.5795790467697204e-05	4.9172199847119115e-05	2.3456309813713072e-05	2.498487947609909e-05
ko:K00097	0.0006119202588797587	0.00019218711866310863	0.00018113851910877738	0.00035441151333547336	0.0004108346101608731	0.0005318069769448547	0.0002217809201730489	0.00033720551857295393	0.0006711210443278399	0.00014216745784891482	0.000284138264217344	0.00039843504539245427	0.0004362779434739298	0.0006112647685834439	4.611735468003921e-05	0.0003619691430661275	0.0005926972325824239	0.00018218513409720943	0.00020223100627530773	0.0005018998821031913	0.00019369595197235877	0.0002649303464940335	0.0005033775779068688	0.00018636138047895825	0.00022973691680537792	0.0006997879767478154	0.0001794923313866952	0.00027706850862442627	0.0005769641171482859	0.000575013862131916	0.00014974947228507573	0.0001299929798439841	0.0003025658657603533	0.00015551944077697616	0.00037819995371507394	0.0005235529590346786	9.422683884457945e-05	0.00033528444547105006	0.00013109599550532855	0.00025952753608107554	0.0004927570138343693	0.00035295845891145756	0.0005431963865529185	5.1008704929489256e-05	0.0003020050037330518	0.0002477719433704013	0.00021815541003810182	0.0005610314389167536	0.000235618518464195	0.0002709459402890823	0.00020326647995022465	0.0005312462396862797	0.00035458831631904965	0.0003204350789145002	0.0001486266653910211	0.0005187296659813171	0.00028002980508395284	0.0002914345540855055	0.00030750419796227906	0.00027274216131213967	0.00023242986440691788	0.00047164793062427415	0.00042648500095217074	0.0002454183338649214	0.00018246854747873512	0.0003532794384989083	0.0003111524122338941
ko:K00098	8.384273816526456e-06	1.4225168205448495e-05	2.188638892144421e-05	1.559576483826451e-05	9.838821257523785e-06	6.923798950511204e-06	1.5611415654667935e-05	1.5786840998866224e-05	1.0949245103170273e-05	1.8864857371205432e-05	1.765629951946748e-05	1.37966612761483e-05	1.0139613212872096e-05	6.19268739327791e-06	6.991027983032069e-06	1.3925333832890174e-05	1.0394200141348058e-05	2.1821478759892618e-05	2.1393783506579494e-05	5.465068547272095e-06	1.822717882386611e-05	1.9019156930836228e-05	5.83582636548591e-06	2.1723673388367886e-05	2.2625929926766485e-05	1.140867800630073e-05	2.189782851500024e-05	1.6062371199208334e-05	7.451340140067458e-06	1.0529548595525105e-05	2.4010385451830426e-05	2.410709122940422e-05	1.697029520307683e-05	2.3812507982718855e-05	1.4165146672321657e-05	1.160605013584747e-05	1.2823502430341288e-05	1.2821502541198903e-05	2.0844551399507643e-05	1.3705166211162985e-05	1.1056435850413599e-05	1.6136822156938937e-05	1.4108754928236695e-05	3.2065970892663587e-06	1.29553217434839e-05	1.5315706207475174e-05	2.0564897985271335e-05	4.913577037401192e-06	1.5659817729990614e-05	1.3719444536745097e-05	1.927669898679573e-05	7.55526959315737e-06	1.7278992906813256e-05	1.4531247041723224e-05	2.2636415440430732e-05	6.8745363761821475e-06	1.5527670708102768e-05	2.1587543303735797e-05	1.8601242215199138e-05	1.554192735281314e-05	1.848031326915381e-05	7.734690286376852e-06	6.4370953684678255e-06	1.988837624611147e-05	1.983525824587294e-05	7.948136284510015e-06	1.1164143782966604e-05
ko:K00099	0.00042228083087623926	0.00020481218641170778	0.00022603528423058641	0.0003883401055039604	0.0004119586404169349	0.00042202248297628064	0.0002946224735546178	0.0004177819913652911	0.0005306010119031564	0.00019016050380282136	0.0002678558297271147	0.00039983919724377907	0.00042118311255622334	0.00047022547413824045	5.208153077131259e-05	0.0003812823711915677	0.00044326038880513805	0.00022786744007426778	0.0002404130230938793	0.0004931042879336494	0.00020918775203808946	0.0002666160629203137	0.0004815910954359297	0.0002374186440141537	0.000280713997353643	0.0005342776346847338	0.0001937213663668948	0.0003028418175843678	0.0005411818695925882	0.00047294963705097075	0.00017557685481971945	0.00018011427827519598	0.0004927756935156973	0.00018898195271564375	0.00041735681718795947	0.00045358907495841107	0.00011794571166763991	0.0003543203531864649	0.00016177804268467262	0.00044764275840190773	0.00047177118648651905	0.00038466984206820973	0.0004941539261494459	5.86681311020755e-05	0.00031132098947540886	0.000261159197701702	0.0002418391939197718	0.000452178843439918	0.0003026135524348638	0.0002481897988096716	0.00022833111564205693	0.00042805415896233513	0.0003182759303012248	0.0004874140196687858	0.0001930194191904942	0.00048042440099172205	0.00046033686208109465	0.0004916715107390458	0.0004977324590562199	0.0002975388068036951	0.000276017773889772	0.0004810374396139079	0.00040193089306060723	0.0002548411869281623	0.0002185915121261638	0.0003394591398001125	0.0002980065348830354
ko:K00100	5.89556056714244e-06	5.713977755582684e-07	3.558298083734599e-07	3.2350845273399156e-06	4.030890206285745e-06	3.0270523993532458e-06	9.521962318493328e-07	1.6539539216734763e-06	4.500374508749063e-06	1.839579512095766e-06	8.05941699010426e-07	1.6754951541672304e-06	3.7522093813786588e-06	4.564886159309004e-06	0.0	3.2056889108365605e-06	5.650047493667419e-06	4.850353548834807e-07	4.356076250950627e-07	3.933534338706167e-06	2.2713393738589094e-07	1.7502532720713266e-06	1.8252352386493954e-06	2.6005565822759383e-06	1.8302779256178607e-06	5.917310981094797e-06	0.0	1.6192465456421285e-06	7.488076110834171e-06	4.407832804723084e-06	2.379540645039363e-06	2.449808090044817e-06	0.0	2.9134999529470374e-06	3.3004068104615628e-06	4.66088010733773e-06	1.3223535957340012e-06	4.316674475960853e-06	5.127593399862147e-06	0.0	6.222899246927148e-06	8.021594655360903e-07	1.0106756349439977e-06	0.0	4.290369288815859e-06	7.169326995472366e-07	5.690817849295894e-07	5.164024867026815e-06	1.6875367366930189e-06	1.396135710806165e-06	8.952113376753584e-07	5.551250400505054e-06	2.0508357484386974e-06	1.6868038314415288e-06	2.461739049325321e-06	4.613347613652235e-06	0.0	0.0	0.0	1.3719620680584222e-06	9.884717263735899e-07	3.8012241851368044e-06	3.494365991976371e-06	1.2822285135467286e-06	3.320068873557716e-07	3.3865876442522968e-06	1.5138576146242415e-06
ko:K00101	0.0006360569829926856	0.000435093915084324	0.0004119702574765372	0.0005677822393840485	0.0005816460301773402	0.0004993609721837648	0.00045124077019282867	0.0005415418218179105	0.000589339801818512	0.00038614921219292373	0.0005281633183138106	0.0005408975227393518	0.0005491828574950302	0.0005536990149470034	0.00010902583635922368	0.0005029631842860899	0.0005407727742866281	0.0003899059702706582	0.0004506769637544245	0.0004956703857256926	0.00041997440771421524	0.0004709338138544141	0.0004965080519554453	0.00047186373950183346	0.0005082869334787173	0.0005682890393975233	0.00039215118990129926	0.0005433384545126593	0.0005726638001431946	0.0005567214491948117	0.00036041700261095564	0.00033602410174167935	0.0003197733259020126	0.00038624159226023326	0.000577616537455814	0.0005005548599811876	0.0002964477571803153	0.0005566801077685581	0.0003150890863233323	0.0002807998081186414	0.0005674304169408278	0.000555944533856488	0.0007232978751051104	0.00016117426486127062	0.0005401281501309131	0.0004407825309112714	0.00048470096635579065	0.00043973647582643525	0.0004076695023803725	0.0004638451722343822	0.00048639825879107627	0.00053940443643758	0.0004957398273317245	0.00023110403381932894	0.00036905511264035616	0.0005210161248150346	0.0002715456740556536	0.0002981084571314548	0.0003143676864440794	0.00048159373978031795	0.0004793646797138504	0.0004995311365169784	0.0004965752945837238	0.0004967150186028844	0.00047918906877049227	0.000370202487658542	0.0004807758157288677
ko:K00102	0.0002996246042430426	0.0002831841911160468	0.00026736957071700414	0.00035906789998963953	0.0003380120525931035	0.00024753150164749427	0.0003343372654083199	0.0003418636769806374	0.00033450665464798386	0.00024866318771201226	0.0003394807827069821	0.0003491223777251474	0.00039304303347591343	0.0002610339057553297	5.35658469793221e-05	0.0003254930126950713	0.0002642903296175845	0.0002750989703376556	0.00028361765413546883	0.00022952438594857902	0.0002933863350581209	0.00031138122538065284	0.0002604368942586874	0.00030409495662906224	0.0003431096648684274	0.0003112428933738978	0.0002462007745365196	0.0003904320121405166	0.00032713171283994667	0.0002874205559654106	0.00023801294915823523	0.00022245110464967245	0.00037523600141323616	0.00024951283955884705	0.0003440710635111196	0.00029182076998212725	0.00014341909606263733	0.000330161861784723	0.00023045663157530446	0.00030481805019387173	0.00032165928218611217	0.0003261926950498964	0.00035692071356915834	6.120952669551454e-05	0.0003756400564503302	0.00029032770822564106	0.000296333940051003	0.00020364504763196106	0.00028785925151323966	0.00031709376694907587	0.00031898298671602935	0.0002560113384940464	0.00031383144366518877	0.0002766967045154168	0.00025132516631025994	0.00023567147814574282	0.00035239744895311487	0.00028204218071850275	0.0003780973539423168	0.00033507603719289787	0.00034676504569029136	0.00023096382117798682	0.0002850855649835497	0.0003408993490217356	0.0003328070116845509	0.0001834386969479513	0.0003076399118690224
ko:K00103	1.214271641932585e-05	6.983074536264234e-06	1.1344411059526105e-05	1.248397609370256e-05	1.1282271601814476e-05	1.1217763440307574e-05	6.999939890669274e-06	1.1184213514649498e-05	1.7834257293726325e-05	1.070706458198987e-05	1.2630762427601794e-05	8.982885708988861e-06	1.4898746420066767e-05	1.3899730485557658e-05	1.9443623981296022e-05	1.2858574870873458e-05	9.389082322075952e-06	8.803086530140428e-06	1.1336915667441148e-05	1.2469423820694454e-05	1.1837277417238651e-05	1.3566003848272146e-05	1.0803153762368382e-05	1.1966201708452484e-05	1.582137811823279e-05	1.2041246367904776e-05	1.1306541583612958e-05	1.1720435027744587e-05	1.7812727250943885e-05	1.582289101355892e-05	9.45889341609085e-06	9.54239304035652e-06	0.00022286703773147595	7.547337304301009e-06	1.3601072319986356e-05	1.4099193242530356e-05	4.08471385576195e-06	1.3840986983839766e-05	1.66095290523162e-05	0.00021712468228274947	1.2987441333421497e-05	1.3810039124092817e-05	7.781421236436815e-06	2.717164677364924e-05	1.1733050150767427e-05	1.2896850925871096e-05	9.280708456311112e-06	1.2774009174378523e-05	1.080391830645678e-05	1.3929169247248942e-05	1.1271107679352638e-05	1.7569485624364686e-05	1.582225906577979e-05	0.000154311012891055	1.2656067721503966e-05	1.0557363540005727e-05	0.00020607286728321862	0.00020428679787206337	0.0002267703621794095	1.2859428353508051e-05	6.920021201004663e-06	1.5589994854787332e-05	1.194120003792899e-05	9.852518182943767e-06	1.2272027102534935e-05	1.230122252771335e-05	1.3710899902126937e-05
ko:K00104	0.00043384851092547697	0.00019875426698204223	0.00021202557101315236	0.00023993897640205527	0.0003674291099127842	0.00035481028599137517	0.00020119884659308492	0.00022771970427171506	0.0004544409567376142	0.00021460497956633215	0.00020056981318380377	0.0002507106785878637	0.00023878632938321143	0.0005093526211146771	0.00019157004143741989	0.00020312242595014776	0.0003960492737261805	0.00020538128232701637	0.00019241602430597907	0.0002999849215757406	0.0002034786338368218	0.000210966931583285	0.00038274299341549097	0.00021542146559575944	0.00023403728155557682	0.0004758216465624851	0.0002043022026250143	0.00023749761923873503	0.0004142151715455834	0.00033849619278750735	0.0002618982422070281	0.00027875100454438856	0.0008329510276163292	0.00024550704711715014	0.00025290714257438624	0.0003707630041064292	0.0002820246210071968	0.0002526373184716519	0.00024168981184656416	0.0007108412467756353	0.0004067000905203946	0.0002635756111986415	0.00035684658994031716	0.0002415957203819066	0.00021032455957669042	0.00019605867343358162	0.0001966597091109455	0.0003795237910546107	0.00021409842662598562	0.0002119381319327816	0.0002102802082749486	0.0004159975885125904	0.00028170499758427097	0.0007251420466021044	0.00025998832629850065	0.00044399176708418575	0.0007229398773707852	0.0006604383214914372	0.0008605773961598842	0.00022130880133690558	0.00020931378921990265	0.0003486210064202151	0.00032220512733689347	0.00022767688401563	0.00023564603999103758	0.00028923393432122874	0.0002636955121618925
ko:K00105	2.4379758336879255e-05	3.2765946540647993e-06	7.515692847797942e-06	5.843871094338004e-06	9.927509777717255e-06	3.817269001141564e-05	5.809003453386072e-06	6.615529829650172e-06	1.1672961725991737e-05	4.061136939888351e-06	3.915803466724704e-06	7.277525831328443e-06	1.5818393109275367e-05	1.1858586559320272e-05	4.528637990128082e-06	7.2550344533628405e-06	1.2510902866605266e-05	3.5990403374481616e-06	1.0001905907407418e-05	1.8544289738138295e-05	5.859350038738841e-06	6.623345586706674e-06	2.1283274162597026e-05	4.9406631960962635e-06	8.517056413054061e-06	1.74453343410889e-05	4.274416444696468e-06	7.922509820028895e-06	1.1004878641121576e-05	2.1345069449799745e-05	4.282807655022776e-06	5.569150584709826e-06	5.498664440047564e-05	7.723664649531581e-06	1.1656003672590772e-05	1.5740048494775146e-05	8.686404188599385e-06	1.0050284135140577e-05	9.004671216831057e-06	5.8021693112271684e-05	1.751080591907325e-05	9.117131419032408e-06	1.1896254275869446e-05	3.497143006060518e-06	4.6651724703321285e-06	3.537877385699312e-06	5.2076637195496155e-06	1.3711460802581395e-05	6.261871135374506e-06	1.0591856070216452e-05	3.5584742002758874e-06	1.4166525342859493e-05	1.0342383349713295e-05	3.317979535123159e-05	8.689676676182102e-06	1.05380810242699e-05	5.610991440981505e-05	5.542646371099486e-05	6.11927001253886e-05	5.664112784271416e-06	5.842831276620124e-06	1.0171194577082404e-05	1.263117347930295e-05	8.042349865280446e-06	8.703179321683582e-06	8.676822465281784e-06	6.8140558849672966e-06
ko:K00106	1.0597280407533742e-05	2.57146391000057e-05	1.8582211524161748e-05	1.584552676054009e-05	2.0158799077917647e-05	2.8465905060180327e-05	2.0758976481074968e-05	1.4871884036299346e-05	1.1205155368785016e-05	2.6643168764004737e-05	2.4862488878484424e-05	2.31938043614793e-05	2.1465328821369986e-05	1.0081497447741375e-05	7.3957449856965425e-06	1.2060228295409288e-05	1.548782819443191e-05	2.8025241230689345e-05	2.3125964377308133e-05	1.3108864856158732e-05	2.285763632721419e-05	1.8752101260110698e-05	2.1103357933888804e-05	2.4249396938438157e-05	2.3250748425455046e-05	1.0588700740202752e-05	2.4462082226157466e-05	1.616037411872148e-05	8.379812911014643e-06	1.229722092182357e-05	3.077136643577249e-05	3.7412861582165835e-05	1.2477313872706186e-05	3.1833388458982976e-05	2.559281238131762e-05	1.2332714073111842e-05	3.756305638967394e-05	1.9843235301543108e-05	2.9313746865095934e-05	1.9023093511603098e-05	1.7130059880629067e-05	1.9018814285417584e-05	1.3820661824466226e-05	8.593870904325453e-06	1.6929166768766633e-05	1.5043126150191623e-05	1.6646246492806265e-05	1.4564205014766026e-05	1.2604953920442591e-05	2.0487536330555707e-05	2.4701494909689768e-05	1.783408652971347e-05	2.832759962184473e-05	1.3674972204350746e-05	2.8252303187171583e-05	1.442181881725603e-05	1.5097624106214369e-05	1.2626461373990886e-05	1.7831107704823334e-05	1.6442706369980374e-05	2.118677286976433e-05	1.8142135713288043e-05	1.1861376375720428e-05	2.19071870881593e-05	2.0645780763271367e-05	1.5332221847400407e-05	1.7107131125816227e-05
ko:K00108	0.0008294792121028521	0.0005601633000152174	0.0005508524175829728	0.0006674531694713226	0.0007094408643361548	0.0006808030844701174	0.0005888487474607078	0.0006311002918568278	0.0008219624875738369	0.0005860712180611115	0.0006158724538425123	0.0006879730665242983	0.000699680558083273	0.0007473304250698082	0.0003211064849927878	0.0005965815252794111	0.0007173946969555178	0.0005840464849852455	0.0005355841034524209	0.0005955531241470961	0.0005475897047970733	0.0005961957901874504	0.0006888243692707122	0.0006235547575592976	0.0006366263216714679	0.0007647315947411645	0.0005047868184123463	0.0006554327254610931	0.0008035143138240909	0.0007364602361735308	0.0006632155994195408	0.0006113963153453525	0.0013140547763272432	0.0006581387530042207	0.0006521192023441066	0.0006871727829223465	0.000634225022619215	0.0006715307080998866	0.0005789252460254009	0.0011195419566156937	0.0007289168648781486	0.0005763287611432014	0.0008610182488715561	0.0003665834829431544	0.0006477742802257783	0.0005867634798111659	0.000667340546242782	0.0006162923735376436	0.0005429174206453084	0.0005823204031944243	0.0006012528668084849	0.0006561779079448537	0.0006282083753220855	0.0013595738710084596	0.0006905760179068027	0.0006915690400292235	0.0012521761587494767	0.0012163796218573747	0.001313505380818227	0.0005939169027570539	0.0006247436413997762	0.0006211671741189092	0.0005692393381281599	0.0006232217431546941	0.0005736579416000893	0.0005491750858485886	0.0005690018563424592
ko:K00109	5.758844807529093e-06	1.0541521647582516e-05	1.2940950773596777e-05	1.8489952172981105e-05	7.052152943777558e-06	3.2118066361345226e-06	1.4690904412260057e-05	1.1220756966201363e-05	4.777777759045892e-06	9.88434400617438e-06	1.2627094085598504e-05	1.3050217799335769e-05	1.3185225297795445e-05	1.2026616608029485e-06	5.731945098695533e-06	8.25959017022333e-06	4.040329219895179e-06	8.53110379082013e-06	1.1116573259153682e-05	3.105400898151592e-06	8.99362413959521e-06	1.1353227391600185e-05	2.0151046235866126e-06	9.421057478454896e-06	1.0415332901058893e-05	3.7457151735548878e-06	9.530089865834103e-06	1.5477015135397656e-05	3.6841386496488737e-06	3.3149072563597547e-06	2.5976770169390434e-05	2.0868551328848505e-05	4.891996695863499e-05	1.842211144889243e-05	1.3081752254568916e-05	2.4696668684671373e-06	1.30373539753319e-05	1.1086326825640012e-05	1.9377286896779545e-05	3.4795137762816706e-05	8.865701410445981e-06	1.0779335738776014e-05	6.333208060752817e-06	5.936607294345039e-06	1.8002354045164918e-05	1.1945805306333621e-05	8.188538299772489e-06	2.195522735600907e-06	9.341247071542434e-06	1.0334074749848855e-05	1.2814941099406039e-05	3.8700858554202025e-06	8.583683358470024e-06	4.6099663766756654e-05	2.3837443099451047e-05	2.6076728962310545e-06	3.9697878218630017e-05	4.233562394178185e-05	4.5664486759291235e-05	8.552550925181513e-06	1.0623319442675853e-05	4.165804700911035e-06	8.657366060635179e-06	9.784326595888237e-06	1.8146037374083912e-05	2.358316741488602e-06	1.4134685664704683e-05
